[일시]DI동일,시가,고가,저가,종가,대비,대비율,<가격이동평균>10,[거래량]
2020/11/30,87700,88400,86800,88000,▲1000,＋1.15%,85110,6091
2020/11/27,85700,87300,85200,87000,▲1300,＋1.52%,84860,7762
2020/11/26,85500,86200,85000,85700,▲500,＋0.59%,85120,5023
2020/11/25,85300,86500,84700,85200,▼100,－0.12%,85520,12948
2020/11/24,83800,85300,83500,85300,▲1500,＋1.79%,86020,11149
2020/11/23,83900,84600,83200,83800,▲600,＋0.72%,86400,9174
2020/11/20,83800,84200,82700,83200,▼200,－0.24%,86840,14305
2020/11/19,84700,85000,83400,83400,▼1300,－1.53%,87090,12600
2020/11/18,84700,85500,84500,84700,▼100,－0.12%,87320,9116
2020/11/17,85800,86800,84100,84800,▼700,－0.82%,87330,18033
2020/11/16,88900,90600,84700,85500,▼4100,－4.58%,87320,31511
2020/11/13,90400,90400,88500,89600,▼100,－0.11%,87100,5965
2020/11/12,90700,91900,89500,89700,▼500,－0.55%,86500,6852
2020/11/11,89300,90700,89200,90200,▲1100,＋1.23%,86010,7071
2020/11/10,88800,91300,87300,89100,▲900,＋1.02%,85480,13152
2020/11/09,86300,89000,86300,88200,▲2500,＋2.92%,85060,11726
2020/11/06,85800,86000,85000,85700,0.0,0.00%,84700,5172
2020/11/05,85200,86300,84900,85700,▲900,＋1.06%,84810,4982
2020/11/04,84700,85200,84400,84800,▲100,＋0.12%,84800,2380
2020/11/03,84200,85900,83400,84700,▲1400,＋1.68%,84960,6620
2020/11/02,82400,84300,82400,83300,▼300,－0.36%,84980,4282
2020/10/30,84600,85700,83600,83600,▼1200,－1.42%,85150,2764
2020/10/29,84100,84900,83000,84800,▼100,－0.12%,85270,6874
2020/10/28,85900,85900,84400,84900,0.0,0.00%,85350,3075
2020/10/27,84500,85500,84100,84900,▲300,＋0.35%,85420,3273
2020/10/26,87600,87600,84500,84600,▼2200,－2.53%,85530,7132
2020/10/23,86800,87400,85100,86800,▲1200,＋1.40%,85850,9127
2020/10/22,86400,86400,85000,85600,▼800,－0.93%,86030,3361
2020/10/21,85600,86700,85000,86400,▲1500,＋1.77%,86390,5663
2020/10/20,85100,85900,84300,84900,▼100,－0.12%,86690,3784
2020/10/19,84300,86000,84300,85000,▲200,＋0.24%,87100,4346
2020/10/16,86800,86800,84600,84800,▼800,－0.93%,87310,8229
2020/10/15,85200,86400,85000,85600,0.0,0.00%,87420,10207
2020/10/14,84900,86400,84900,85600,▼400,－0.47%,87440,9733
2020/10/13,87800,88700,85400,86000,▼1800,－2.05%,87500,14733
2020/10/12,89400,89400,87500,87800,▼800,－0.90%,87900,4433
2020/10/08,89300,89500,87800,88600,▼600,－0.67%,88370,4855
2020/10/07,89100,89700,88600,89200,▼200,－0.22%,88500,5020
2020/10/06,89600,91000,88200,89400,▲400,＋0.45%,88360,5150
2020/10/05,87200,89600,86000,89000,▲1900,＋2.18%,88150,7340
2020/09/29,85900,87100,85400,87100,▲1200,＋1.40%,88250,5442
2020/09/28,83900,86800,83900,85900,▲100,＋0.12%,88660,6878
2020/09/25,88000,88000,84900,85800,▼400,－0.46%,89340,11334
2020/09/24,88100,89200,85900,86200,▼3800,－4.22%,89990,22823
2020/09/23,96200,96900,89300,90000,▼2500,－2.70%,90670,33927
2020/09/22,91000,94600,90200,92500,▲2600,＋2.89%,90550,68571
2020/09/21,87800,92600,86200,89900,▲2100,＋2.39%,89990,39124
2020/09/18,87400,88000,86500,87800,▲500,＋0.57%,89720,7292
2020/09/17,90000,90300,86500,87300,▼2700,－3.00%,89560,17533
2020/09/16,91200,92900,89300,90000,▼1200,－1.32%,89610,8829
2020/09/15,92000,93000,91000,91200,▼1500,－1.62%,89450,11343
2020/09/14,92300,94100,91500,92700,▲400,＋0.43%,89070,13249
2020/09/11,93200,93300,90800,92300,▼700,－0.75%,88570,11523
2020/09/10,89800,96700,89000,93000,▲4200,＋4.73%,88150,53668
2020/09/09,86900,90700,86000,88800,▲1900,＋2.19%,87780,24177
2020/09/08,87500,87600,84900,86900,▼300,－0.34%,88090,13603
2020/09/07,86200,88000,84500,87200,▲1000,＋1.16%,88730,11618
2020/09/04,85200,87300,84900,86200,▼1600,－1.82%,89160,18119
2020/09/03,89000,89400,87300,87800,▼600,－0.68%,89450,15546
2020/09/02,86400,88900,86400,88400,▲1000,＋1.14%,89580,9338
2020/09/01,87700,88700,86600,87400,▼300,－0.34%,90200,11209
2020/08/31,87900,89700,87000,87700,▼400,－0.45%,89860,11743
2020/08/28,89300,90700,87800,88100,▼1200,－1.34%,90140,13552
2020/08/27,91900,93400,87700,89300,▼2600,－2.83%,91080,32886
2020/08/26,93300,94000,90300,91900,▼1400,－1.50%,90210,17964
2020/08/25,91600,94300,91600,93300,▲1800,＋1.97%,88970,18918
2020/08/24,89100,94400,87300,91500,▲2400,＋2.69%,87840,29801
2020/08/21,89700,92800,87500,89100,0.0,0.00%,86280,32297
2020/08/20,93500,94300,86700,89100,▼5500,－5.81%,84710,46282
2020/08/19,84000,99300,82800,94600,▲10600,＋12.62%,83170,111353
2020/08/18,89100,92000,82500,84000,▼6500,－7.18%,81080,117387
2020/08/14,96000,96600,86500,90500,▼7000,－7.18%,79990,96195
2020/08/13,81500,104000,80800,97500,▲16900,＋20.97%,78240,348120
2020/08/12,79600,83300,79400,80600,▲1100,＋1.38%,75940,44230
2020/08/11,82600,82800,79500,79500,▼2500,－3.05%,75150,73163
2020/08/10,77000,82100,76300,82000,▲6100,＋8.04%,74570,44599
2020/08/07,73600,77000,73600,75900,▲2500,＋3.41%,73770,16970
2020/08/06,73700,74400,73400,73400,▼300,－0.41%,73460,8810
2020/08/05,73400,74400,73100,73700,0.0,0.00%,73380,7726
2020/08/04,74300,74300,73200,73700,▲600,＋0.82%,73300,7024
2020/08/03,73100,73900,72600,73100,▲100,＋0.14%,73030,9606
2020/07/31,75500,75500,73000,73000,▼1500,－2.01%,72710,10734
2020/07/30,73600,76000,72700,74500,▲1800,＋2.48%,72490,14165
2020/07/29,74200,74300,72600,72700,▼1000,－1.36%,72020,7334
2020/07/28,74900,75100,73100,73700,▼300,－0.41%,71710,11575
2020/07/27,74600,74600,73000,74000,▲1200,＋1.65%,71230,6749
2020/07/24,72600,75600,72600,72800,▲200,＋0.28%,70840,18150
2020/07/23,73500,73500,72100,72600,▼300,－0.41%,70580,13670
2020/07/22,71000,73500,70400,72900,▲1900,＋2.68%,70280,23850
2020/07/21,69900,71100,69900,71000,▲1100,＋1.57%,70020,13018
2020/07/20,70800,70900,69500,69900,▼900,－1.27%,69980,6198
2020/07/17,70000,72200,69800,70800,▲1000,＋1.43%,69920,10541
2020/07/16,71000,71000,69400,69800,▲200,＋0.29%,69570,8052
2020/07/15,69000,70300,68900,69600,▲700,＋1.02%,69240,4339
2020/07/14,70200,70200,68500,68900,▼1200,－1.71%,68950,6126
2020/07/13,69400,70600,69000,70100,▼100,－0.14%,68770,6006
2020/07/10,70100,71500,69200,70200,▲600,＋0.86%,68390,10708
2020/07/09,70600,70600,69100,69600,▼700,－1.00%,68210,11522
2020/07/08,71200,71200,69700,70300,▼300,－0.42%,68130,7158
2020/07/07,71000,74200,69600,70600,▲1300,＋1.88%,68110,31966
2020/07/06,67600,70100,67300,69300,▲2000,＋2.97%,67990,7848
2020/07/03,67300,67600,66300,67300,▲800,＋1.20%,68080,5953
2020/07/02,66700,68400,66000,66500,▼200,－0.30%,68650,6918
2020/07/01,67200,67900,66200,66700,▼400,－0.60%,68790,5670
2020/06/30,67800,68200,66300,67100,▲800,＋1.21%,68640,9377
2020/06/29,67900,67900,66200,66300,▼2100,－3.07%,68430,13613
2020/06/26,70000,70300,67500,68400,▼400,－0.58%,68150,9658
2020/06/25,70100,70300,68100,68800,▼1300,－1.85%,67800,9569
2020/06/24,69400,70700,68700,70100,▲700,＋1.01%,67470,11058
2020/06/23,70200,71100,68400,69400,▼800,－1.14%,67010,11164
2020/06/22,74800,77000,68600,70200,▼2800,－3.84%,66580,39272
2020/06/19,68700,76000,68700,73000,▲5100,＋7.51%,66110,60716
2020/06/18,65400,67900,65000,67900,▲2700,＋4.14%,65320,15257
2020/06/17,66500,66500,63900,65200,▲200,＋0.31%,65040,7661
2020/06/16,64800,65800,64100,65000,▲1500,＋2.36%,64980,12131
2020/06/15,64900,66400,62800,63500,▼1400,－2.16%,64990,23002
2020/06/12,63100,65500,62700,64900,▼600,－0.92%,65140,16362
2020/06/11,66000,66000,65100,65500,0.0,0.00%,65100,10309
2020/06/10,65100,65700,64100,65500,▲400,＋0.61%,65110,10775
2020/06/09,66400,66400,64600,65100,▼400,－0.61%,65190,7799
2020/06/08,66600,66600,65000,65500,▲400,＋0.61%,65400,5749
2020/06/05,65100,65700,64700,65100,0.0,0.00%,65480,4781
2020/06/04,64500,65900,64500,65100,▲500,＋0.77%,65450,3255
2020/06/03,65100,65900,64300,64600,▼500,－0.77%,65540,8825
2020/06/02,65900,65900,64900,65100,▲100,＋0.15%,65540,3589
2020/06/01,66300,66300,64500,65000,▲500,＋0.78%,65320,5319
2020/05/29,65500,65600,64400,64500,▼1100,－1.68%,65060,4946
2020/05/28,67900,67900,64000,65600,▼700,－1.06%,64790,8623
2020/05/27,67700,68100,66300,66300,▼900,－1.34%,64330,6023
2020/05/26,67900,67900,66400,67200,▲900,＋1.36%,63870,6673
2020/05/25,65800,67400,64700,66300,▲1500,＋2.31%,63210,12272
2020/05/22,66500,68900,64500,64800,▼1200,－1.82%,62720,19092
2020/05/21,65800,66400,64000,66000,▲1400,＋2.17%,62520,18701
2020/05/20,62700,65300,62500,64600,▲1700,＋2.70%,62110,21338
2020/05/19,63000,63500,62100,62900,▲500,＋0.80%,61790,7605
2020/05/18,62200,62500,61100,62400,▲600,＋0.97%,61650,36926
2020/05/15,61100,62000,60200,61800,▲800,＋1.31%,61510,7579
2020/05/14,61700,61900,60500,61000,▼700,－1.13%,61380,5098
2020/05/13,59300,61800,59300,61700,▲1100,＋1.82%,61410,5417
2020/05/12,61900,61900,59900,60600,▼800,－1.30%,61150,12541
2020/05/11,62800,64500,60900,61400,▼1400,－2.23%,61110,10768
2020/05/08,62300,63300,61800,62800,▲900,＋1.45%,60910,7102
2020/05/07,61800,62500,60700,61900,▲500,＋0.81%,60590,8943
2020/05/06,61800,62100,61100,61400,▼100,－0.16%,60560,5962
2020/05/04,60800,62000,59500,61500,▲500,＋0.82%,60670,10817
2020/04/29,60800,61600,60200,61000,▲500,＋0.83%,60560,4335
2020/04/28,61900,61900,60000,60500,▼800,－1.31%,60470,3542
2020/04/27,61300,61800,59500,61300,▲2200,＋3.72%,60320,8754
2020/04/24,60000,62600,58700,59100,▼1100,－1.83%,60310,8333
2020/04/23,60800,63000,59400,60200,▲800,＋1.35%,60680,23344
2020/04/22,58000,59600,57600,59400,▼200,－0.34%,60940,6066
2020/04/21,60800,61700,58100,59600,▼2000,－3.25%,61490,10741
2020/04/20,62500,62600,61000,61600,▼900,－1.44%,60980,8246
2020/04/17,65200,65200,61300,62500,▲2100,＋3.48%,60170,16869
2020/04/16,59400,61100,58700,60400,▲300,＋0.50%,59280,6614
2020/04/14,59000,61000,59000,60100,▲1100,＋1.86%,58500,7757
2020/04/13,61500,63100,59000,59000,▼2200,－3.59%,57770,13675
2020/04/10,61000,62800,59000,61200,▼1600,－2.55%,56930,18273
2020/04/09,62800,64500,61100,62800,0.0,0.00%,55860,16722
2020/04/08,66100,67300,61300,62800,▼2100,－3.24%,54520,54997
2020/04/07,55500,69900,55000,64900,▲10400,＋19.08%,53130,132956
2020/04/06,53800,54600,52800,54500,▲1000,＋1.87%,51100,6084
2020/04/03,54500,54500,52300,53500,▼100,－0.19%,49890,3270
2020/04/02,52600,54200,51500,53600,▲1000,＋1.90%,49060,5646
2020/04/01,52600,54900,51700,52600,▼200,－0.38%,47970,6282
2020/03/31,51500,53300,51400,52800,▲2200,＋4.35%,48010,7091
2020/03/30,50400,51700,48000,50600,▲100,＋0.20%,48480,6748
2020/03/27,51600,51800,49250,50500,▲1100,＋2.23%,49200,7865
2020/03/26,49700,51900,48350,49400,▲500,＋1.02%,50590,10134
2020/03/25,46150,49050,46000,48900,▲4300,＋9.64%,52350,14565
2020/03/24,42850,45200,42850,44600,▲2200,＋5.19%,54470,9977
2020/03/23,43000,43550,40950,42400,▼2800,－6.19%,57210,10129
2020/03/20,43000,45900,43000,45200,▲2500,＋5.85%,60020,7294
2020/03/19,52000,52100,42200,42700,▼10300,－19.43%,62850,32910
2020/03/18,55900,56500,51500,53000,▼4500,－7.83%,66240,15851
2020/03/17,53000,57500,53000,57500,▼300,－0.52%,68500,25122
2020/03/16,63700,63700,57800,57800,▼6600,－10.25%,70050,19951
2020/03/13,59700,64400,55500,64400,▼2600,－3.88%,71560,21907
2020/03/12,70100,70100,64500,67000,▼3100,－4.42%,72320,12593
2020/03/11,72100,74600,70000,70100,▼1900,－2.64%,73190,7066
2020/03/10,69500,72500,68800,72000,▲1500,＋2.13%,73880,7889
2020/03/09,73500,76400,69900,70500,▼3000,－4.08%,74340,12354
2020/03/06,76800,76800,73500,73500,▼3100,－4.05%,74930,3607
2020/03/05,75700,78200,75100,76600,▲1000,＋1.32%,75550,3943
2020/03/04,73000,75600,73000,75600,▲2600,＋3.56%,76010,3150
2020/03/03,75300,76300,73000,73000,▲100,＋0.14%,76650,2928
2020/03/02,71900,73700,70600,72900,▲900,＋1.25%,77450,3187
2020/02/28,73600,75200,70300,72000,▼3700,－4.89%,78140,9813
2020/02/27,76100,76900,74700,75700,▼1300,－1.69%,78850,7809
2020/02/26,75600,77300,75500,77000,▲400,＋0.52%,79240,2934
2020/02/25,76400,77000,75600,76600,▲200,＋0.26%,79560,6059
2020/02/24,78000,78900,75100,76400,▼3300,－4.14%,79840,8181
2020/02/21,82400,82400,78500,79700,▼1500,－1.85%,80100,3373
2020/02/20,82000,82400,80500,81200,▼800,－0.98%,79610,5274
2020/02/19,81000,82400,80100,82000,▲1000,＋1.23%,78940,5772
2020/02/18,79800,81200,79300,81000,▲1200,＋1.50%,78020,4081
2020/02/17,79100,81300,79100,79800,▲700,＋0.88%,77320,6432
2020/02/14,79100,79800,77100,79100,▼500,－0.63%,76540,2903
2020/02/13,80700,80700,78500,79600,▼600,－0.75%,75830,3814
2020/02/12,79400,81500,78400,80200,▲800,＋1.01%,75260,5718
2020/02/11,78700,80900,78500,79400,▲400,＋0.51%,74680,6309
2020/02/10,74200,79000,73000,79000,▲4200,＋5.61%,74170,6928
2020/02/07,74900,76400,74500,74800,▲300,＋0.40%,73890,2578
2020/02/06,73400,74700,72900,74500,▲1700,＋2.34%,74040,2218
2020/02/05,73700,74100,72800,72800,▼1200,－1.62%,74400,2096
2020/02/04,72300,74200,71700,74000,▲2000,＋2.78%,75030,1321
2020/02/03,71500,72600,70200,72000,0.0,0.00%,75510,3902
2020/01/31,73600,73700,71700,72000,▼1900,－2.57%,76270,4495
2020/01/30,74400,74800,72600,73900,▼500,－0.67%,76960,4167
2020/01/29,74300,74800,73900,74400,▲100,＋0.13%,77440,3019
2020/01/28,75600,75600,73600,74300,▼1900,－2.49%,77660,6220
2020/01/23,76300,76900,75900,76200,▼100,－0.13%,77920,1524
2020/01/22,78100,78100,75300,76300,▼1800,－2.30%,77930,7178
2020/01/21,79200,79200,77900,78100,▼1000,－1.26%,77850,2239
2020/01/20,80900,80900,78700,79100,▲300,＋0.38%,77640,6212
2020/01/17,79400,79700,78500,78800,▼800,－1.01%,77250,2157
2020/01/16,79600,80800,78800,79600,▲700,＋0.89%,76820,3876
2020/01/15,78700,81200,78400,78900,▲200,＋0.25%,76340,20135
2020/01/14,78100,79200,76900,78700,▲2100,＋2.74%,75860,6890
2020/01/13,77200,77200,76300,76600,▼300,－0.39%,75390,1271
2020/01/10,76200,77800,76100,76900,▲600,＋0.79%,75140,5046
2020/01/09,75700,77300,75700,76300,▲800,＋1.06%,74811,4424
2020/01/08,76000,77300,74300,75500,▼500,－0.66%,74494,6646
2020/01/07,75200,79900,75200,76000,▲800,＋1.06%,74138,2420
2020/01/06,74500,75700,74300,75200,▲700,＋0.94%,73653,6428
2020/01/03,74800,75100,73400,74500,▼300,－0.40%,73229,3492
2020/01/02,74100,75000,73900,74800,▲700,＋0.94%,72865,1329
2019/12/30,74000,74200,73700,74100,▲100,＋0.14%,72540,2032
2019/12/27,74100,74600,73600,74000,▼103,－0.14%,72225,3308
2019/12/26,73907,74103,72924,74103,▲491,＋0.67%,71892,4458
2019/12/24,73120,73907,72629,73612,▲491,＋0.67%,71607,2396
2019/12/23,71941,73317,71646,73120,▲1179,＋1.64%,71450,5083
2019/12/20,71351,72236,70762,71941,▲786,＋1.10%,71371,5213
2019/12/19,71056,71548,70958,71155,▲197,＋0.28%,71489,5411
2019/12/18,70860,71744,70663,70958,▲98,＋0.14%,71509,5403
2019/12/17,71548,72236,70860,70860,▼688,－0.96%,71479,8072
2019/12/16,71253,71744,71155,71548,▲590,＋0.83%,71450,1061
2019/12/13,71056,72039,70958,70958,▲295,＋0.42%,71430,6050
2019/12/12,71646,72334,70663,70663,▼590,－0.83%,71469,4055
2019/12/11,72039,72334,71155,71253,▼786,－1.09%,71626,2576
2019/12/10,72531,72531,71744,72039,▼295,－0.41%,71882,1393
2019/12/09,72727,73513,72334,72334,▼786,－1.08%,71990,1336
2019/12/06,71646,74005,70958,73120,▲1769,＋2.48%,72079,3061
2019/12/05,70270,71646,69975,71351,▲688,＋0.97%,72029,3154
2019/12/04,70565,71351,69681,70663,▲98,＋0.14%,72177,2523
2019/12/03,70958,71351,70172,70565,▼786,－1.10%,72432,8240
2019/12/02,71351,71941,70565,71351,0.0,0.00%,72747,1597
2019/11/29,71843,72138,70958,71351,▼885,－1.22%,73091,2673
2019/11/28,73513,73808,71843,72236,▼1572,－2.13%,73405,3850
2019/11/27,73120,73907,72924,73808,▲688,＋0.94%,73710,5235
2019/11/26,73219,73219,72334,73120,▼98,－0.13%,73749,970
2019/11/25,72531,73710,72432,73219,▲590,＋0.81%,73848,1553
2019/11/22,72825,73710,71744,72629,▼197,－0.27%,73828,4329
2019/11/21,73513,73907,72236,72825,▼393,－0.54%,73897,4246
2019/11/20,73612,74300,72236,73219,▼491,－0.67%,73975,7713
2019/11/19,74595,74595,72727,73710,▼1081,－1.45%,74064,2968
2019/11/18,74300,75184,73612,74791,▲295,＋0.40%,73956,3579
2019/11/15,75282,75872,74398,74496,▼786,－1.04%,73651,4465
2019/11/14,73612,75676,73612,75282,▲1081,＋1.46%,73297,4414
2019/11/13,73415,74595,73219,74201,▲98,＋0.13%,72855,1102
2019/11/12,73120,74201,72531,74103,▲1081,＋1.48%,72452,2312
2019/11/11,73120,73317,72825,73022,▼295,－0.40%,72108,1060
2019/11/08,73710,74005,72924,73317,▼295,－0.40%,71902,975
2019/11/07,73808,73808,73317,73612,▼491,－0.66%,71735,654
2019/11/06,72629,74201,72629,74103,▲1474,＋2.03%,71636,2999
2019/11/05,71744,73317,71646,72629,▲885,＋1.23%,71538,2204
2019/11/04,71056,72039,71056,71744,▲786,＋1.11%,71646,1540
2019/11/01,70565,71646,70565,70958,▲98,＋0.14%,71794,1370
2019/10/31,70074,71155,70074,70860,▲688,＋0.98%,72138,1993
2019/10/30,71646,71646,69877,70172,▼491,－0.70%,72491,2302
2019/10/29,71056,74496,70565,70663,▼295,－0.42%,72855,3334
2019/10/28,71646,71646,70565,70958,▼688,－0.96%,73130,3566
2019/10/25,72531,72727,70762,71646,▼983,－1.35%,73563,4198
2019/10/24,72727,73219,71744,72629,▼491,－0.67%,73907,2761
2019/10/23,73317,73513,71646,73120,▼590,－0.80%,74113,3307
2019/10/22,73219,74103,72629,73710,▲491,＋0.67%,74319,2119
2019/10/21,74300,74300,72727,73219,▼1179,－1.59%,74477,2397
2019/10/18,74398,74889,73612,74398,0.0,0.00%,74703,2812
2019/10/17,73808,74595,73022,74398,▲590,＋0.80%,75096,2760
2019/10/16,73907,74693,72432,73808,▲393,＋0.54%,75685,3570
2019/10/15,75086,75479,73022,73415,▼1867,－2.48%,76334,4995
2019/10/14,75577,76364,74988,75282,▲197,＋0.26%,77022,2330
2019/10/11,74988,75970,74496,75086,▲393,＋0.53%,77474,2895
2019/10/10,74693,75184,74595,74693,▼491,－0.65%,78005,1860
2019/10/08,74791,77052,74791,75184,▼98,－0.13%,78781,1953
2019/10/07,76069,76167,74693,75282,▼197,－0.26%,79420,2071
2019/10/04,78624,78624,75282,75479,▼2850,－3.64%,80039,4504
2019/10/02,80196,80196,77838,78329,▼1966,－2.45%,80540,2936
2019/10/01,79902,80491,79607,80295,0.0,0.00%,80472,857
2019/09/30,80491,80491,78821,80295,0.0,0.00%,80029,3248
2019/09/27,79803,80393,78034,80295,▲491,＋0.62%,79528,10392
2019/09/26,81081,81278,79803,79803,▼590,－0.73%,79007,3503
2019/09/25,82457,82653,80295,80393,▼2064,－2.50%,78585,9600
2019/09/24,81376,83243,80491,82457,▲885,＋1.08%,78152,5125
2019/09/23,80983,81769,80590,81572,▲98,＋0.12%,77622,4235
2019/09/20,80590,81671,80295,81474,▲983,＋1.22%,77189,4134
2019/09/19,79115,81278,79017,80491,▲2850,＋3.67%,76776,9174
2019/09/18,76167,78624,75479,77641,▲1769,＋2.33%,76462,5526
2019/09/17,75676,76855,75184,75872,▲590,＋0.78%,76187,2033
2019/09/16,75184,75872,74496,75282,▲197,＋0.26%,76000,2383
2019/09/11,75577,76069,74693,75086,▼491,－0.65%,75980,3470
2019/09/10,76265,77150,75479,75577,▼491,－0.65%,75990,1747
2019/09/09,77150,77346,76069,76069,▼1081,－1.40%,75902,2465
2019/09/06,77641,77838,76855,77150,▼98,－0.13%,75833,1960
2019/09/05,77346,77936,77248,77248,▼98,－0.13%,75931,1081
2019/09/04,77346,77936,76757,77346,0.0,0.00%,76118,2275
2019/09/03,75282,77838,75086,77346,▲2457,＋3.28%,76295,4056
2019/09/02,74398,75774,73022,74889,▲885,＋1.20%,76481,4569
2019/08/30,74889,76167,74005,74005,▼1081,－1.44%,76531,11015
2019/08/29,75086,76462,74005,75086,▼98,－0.13%,76619,4366
2019/08/28,79509,79509,74595,75184,▲491,＋0.66%,76639,3100
2019/08/27,75970,76462,74398,74693,▼688,－0.91%,76511,2965
2019/08/26,78427,78427,74889,75381,▼2752,－3.52%,76216,4375
2019/08/23,78624,79115,78133,78133,▼983,－1.24%,75961,2743
2019/08/22,79115,79607,77936,79115,0.0,0.00%,75194,2680
2019/08/21,79214,79705,78427,79115,▼98,－0.12%,74211,2328
2019/08/20,74791,80196,74791,79214,▲3833,＋5.08%,73238,6870
2019/08/19,74988,77641,74791,75381,▲491,＋0.66%,72246,4652
2019/08/16,75381,78231,74889,74889,▼393,－0.52%,71961,7912
2019/08/14,74300,75676,74300,75282,▲1376,＋1.86%,71784,1743
2019/08/13,72236,75381,72138,73907,▲2162,＋3.01%,71322,4600
2019/08/12,72727,75872,71744,71744,▼1081,－1.48%,71243,3741
2019/08/09,70467,73808,70074,72825,▲2359,＋3.35%,71194,2121
2019/08/08,69484,71155,69484,70467,▲1179,＋1.70%,71292,1106
2019/08/07,68599,71548,68599,69287,▼98,－0.14%,71656,2229
2019/08/06,69287,71646,65749,69386,▲98,＋0.14%,72393,3685
2019/08/05,71744,73710,69189,69287,▼3243,－4.47%,73091,1789
2019/08/02,71843,74201,71843,72531,▼590,－0.81%,73946,1603
2019/08/01,71253,73513,70467,73120,▲2457,＋3.48%,74506,4057
2019/07/31,74103,74103,70663,70663,▼2457,－3.36%,74997,4326
2019/07/30,71450,73710,70467,73120,▲1867,＋2.62%,75853,6351
2019/07/29,75577,75577,70270,71253,▼2555,－3.46%,76521,3612
2019/07/26,75479,75479,73219,73808,▼295,－0.40%,77356,2556
2019/07/25,77641,77641,73415,74103,▼2555,－3.33%,78054,5966
2019/07/24,76265,77445,75872,76658,▲295,＋0.39%,78938,2201
2019/07/23,77445,77936,75676,76364,▼1474,－1.89%,79459,4884
2019/07/22,79312,79312,77641,77838,▼295,－0.38%,80059,1156
2019/07/19,78133,79410,77936,78133,▲98,＋0.13%,80531,2245
2019/07/18,79214,79410,77641,78034,▼1179,－1.49%,81366,3684
2019/07/17,79214,80295,79115,79214,▼590,－0.74%,82231,908
2019/07/16,82359,82359,79115,79803,▲197,＋0.25%,82997,4485
2019/07/15,81867,81867,79214,79607,▼1179,－1.46%,83528,3959
2019/07/12,82850,82850,80786,80786,▼2162,－2.61%,84167,3465
2019/07/11,81572,83538,81572,82948,▲1081,＋1.32%,84609,6287
2019/07/10,81376,82457,81179,81867,▼491,－0.60%,84934,4457
2019/07/09,83735,83735,82359,82359,▼197,－0.24%,85484,1638
2019/07/08,85209,86290,82457,82555,▼3931,－4.55%,85887,3671
2019/07/05,85995,88157,85405,86486,▼197,－0.23%,86437,1487
2019/07/04,87174,87567,84029,86683,▼197,－0.23%,86830,3202
2019/07/03,83735,87862,83636,86880,▲1769,＋2.08%,87224,4184
2019/07/02,87076,87076,81376,85110,▼885,－1.03%,87862,1554
2019/07/01,85307,85995,84324,85995,▲786,＋0.92%,88423,2350
2019/06/28,86192,86781,84717,85209,▼983,－1.14%,88491,2081
2019/06/27,86093,87666,85995,86192,▼1179,－1.35%,88275,1858
2019/06/26,86388,87961,85798,87371,▲983,＋1.14%,87951,5278
2019/06/25,87764,87764,85897,86388,▼1671,－1.90%,87341,2866
2019/06/24,89730,90516,87076,88059,▼2359,－2.61%,86958,3865
2019/06/21,89828,90516,89238,90418,▼197,－0.22%,86427,3801
2019/06/20,93366,93857,85995,90614,▼2654,－2.85%,85838,5075
2019/06/19,91597,94447,91597,93268,▲2555,＋2.82%,85395,9178
2019/06/18,88157,91794,85405,90712,▲4029,＋4.65%,84767,16578
2019/06/17,83047,87076,81278,86683,▲3636,＋4.38%,84423,10052
2019/06/14,83341,83538,81867,83047,▲98,＋0.12%,84796,2042
2019/06/13,81278,83538,80393,82948,▲1671,＋2.06%,85002,5894
2019/06/12,83243,83243,80884,81278,▼1278,－1.55%,85179,2862
2019/06/11,83145,83636,79214,82555,▼197,－0.24%,85661,8722
2019/06/10,84816,85504,82064,82752,▼1769,－2.09%,85936,7979
2019/06/07,86388,86388,83735,84521,▼1671,－1.94%,86251,4168
2019/06/05,86978,87076,85405,86192,▼786,－0.90%,86388,2323
2019/06/04,86683,88452,85897,86978,▼295,－0.34%,86280,6273
2019/06/03,90418,93071,86880,87273,▼3145,－3.48%,86133,6195
2019/05/31,85110,90909,84226,90418,▲5307,＋6.24%,86123,19139
2019/05/30,84816,86585,83538,85110,▲393,＋0.46%,85897,3572
2019/05/29,85307,87666,83047,84717,▼1376,－1.60%,86231,4685
2019/05/28,84717,88354,83735,86093,▲786,＋0.92%,86948,4028
2019/05/27,85110,87567,83047,85307,▼590,－0.69%,87243,3100
2019/05/24,83735,86290,83243,85897,0.0,0.00%,87646,3986
2019/05/23,88059,88059,82653,85897,▲786,＋0.92%,88540,7576
2019/05/22,85110,90024,83636,85110,▼393,－0.46%,89405,4731
2019/05/21,85504,87764,84914,85504,▼1671,－1.92%,90467,7863
2019/05/20,88157,88157,85405,87174,▼983,－1.11%,91332,4870
2019/05/17,88550,89926,86978,88157,▼295,－0.33%,92128,6103
2019/05/16,91106,91794,87469,88452,▼3440,－3.74%,92904,9850
2019/05/15,88255,93071,87174,91892,▲2850,＋3.20%,93877,8553
2019/05/14,87961,89337,86486,89042,▼295,－0.33%,94860,5224
2019/05/13,94840,94840,89337,89337,▼5504,－5.80%,95774,10904
2019/05/10,95233,97789,92973,94840,▲295,＋0.31%,96472,5273
2019/05/09,94938,96118,92973,94545,▼1179,－1.23%,96098,8991
2019/05/08,92678,98771,92678,95725,▲1572,＋1.67%,95794,8342
2019/05/07,95037,96708,91007,94152,▼983,－1.03%,95243,7111
2019/05/03,96708,96708,92580,95135,▼786,－0.82%,94997,9070
2019/05/02,98771,99754,94054,95921,▼2260,－2.30%,94604,7843
2019/04/30,102703,102703,97887,98182,▼3538,－3.48%,94388,5381
2019/04/29,97592,102703,96020,101720,▲3538,＋3.60%,94015,9094
2019/04/26,97199,101720,96904,98182,▲1867,＋1.94%,93248,11706
2019/04/25,91106,104177,89828,96314,▲5209,＋5.72%,93258,18563
2019/04/24,89926,91499,88649,91106,▼393,－0.43%,92934,11524
2019/04/23,89730,91794,88354,91499,▲1278,＋1.42%,93081,6656
2019/04/22,90319,93857,89828,90221,▼1474,－1.61%,92364,6007
2019/04/19,91400,93071,89337,91695,▲491,＋0.54%,91607,6307
2019/04/18,93661,93661,88649,91204,▼2555,－2.73%,90388,12532
2019/04/17,94545,95332,92285,93759,▼688,－0.73%,88875,5047
2019/04/16,94840,96216,89730,94447,▲393,＋0.42%,87115,17990
2019/04/15,96413,97592,92875,94054,▼4226,－4.30%,85504,13795
2019/04/12,93071,101228,92776,98280,▲5209,＋5.60%,83990,37376
2019/04/11,93366,96904,91302,93071,▲491,＋0.53%,82133,37632
2019/04/10,85798,95135,84717,92580,▲8256,＋9.79%,80580,84435
2019/04/09,82653,87567,82457,84324,▲1671,＋2.02%,79381,38755
2019/04/08,79509,83735,79115,82653,▲3145,＋3.96%,78988,19414
2019/04/05,76069,80295,76069,79509,▲3440,＋4.52%,78516,14198
2019/04/04,76265,77445,73612,76069,▼98,－0.13%,78457,20552
2019/04/03,78329,79115,75381,76167,▼2162,－2.76%,78811,9742
2019/04/02,78919,79312,77936,78329,▼590,－0.75%,79312,3171
2019/04/01,79312,79705,77346,78919,▼786,－0.99%,79617,8290
2019/03/29,77936,80295,76560,79705,▲2162,＋2.79%,78752,7898
2019/03/28,81474,81474,76855,77543,▼3047,－3.78%,77710,15569
2019/03/27,79803,83833,79509,80590,▲197,＋0.24%,76904,31749
2019/03/26,77248,81671,76757,80393,▲2457,＋3.15%,75489,24451
2019/03/25,79017,79410,76757,77936,▼983,－1.25%,74152,14070
2019/03/22,79607,80884,76855,78919,▼688,－0.86%,72668,14494
2019/03/21,81474,82359,77150,79607,▼1572,－1.94%,71214,18261
2019/03/20,81966,83538,80393,81179,▼197,－0.24%,69612,44192
2019/03/19,70565,84226,70368,81376,▲11106,＋15.80%,67921,127253
2019/03/18,69386,70565,69189,70270,▲983,＋1.42%,66103,10522
2019/03/15,70172,70172,68206,69287,▼197,－0.28%,65396,7223
2019/03/14,66437,70368,66142,69484,▲3047,＋4.59%,64767,16566
2019/03/13,66536,67322,65160,66437,▼590,－0.88%,64246,6522
2019/03/12,63391,67322,62801,67027,▲3931,＋6.23%,64020,23721
2019/03/11,64275,64373,62604,63096,▼1278,－1.98%,63499,3398
2019/03/08,63587,64767,62997,64373,▲786,＋1.24%,63479,3127
2019/03/07,64079,66142,63587,63587,▼688,－1.07%,63450,7411
2019/03/06,62604,64472,62408,64275,▲1081,＋1.71%,63479,5089
2019/03/05,63194,63292,61327,63194,0.0,0.00%,63253,2571
2019/03/04,62604,64570,61818,63194,▲197,＋0.31%,63184,5812
2019/02/28,64472,64570,59853,62997,▼1278,－1.99%,63253,8971
2019/02/27,64177,64963,62899,64275,▲98,＋0.15%,64029,6134
2019/02/26,62015,64472,61916,64177,▲2359,＋3.82%,64246,7914
2019/02/25,62899,63587,61425,61818,▼1081,－1.72%,64511,5316
2019/02/22,64177,64177,62899,62899,▼1179,－1.84%,65081,2772
2019/02/21,63882,64570,62015,64079,▲197,＋0.31%,65504,8904
2019/02/20,61916,64472,61916,63882,▲1867,＋3.01%,65808,16809
2019/02/19,62211,63391,61622,62015,▼491,－0.79%,66133,6291
2019/02/18,63292,63980,61622,62506,▼1376,－2.15%,66172,14169
2019/02/15,67715,67715,61032,63882,▼6880,－9.72%,66074,79464
2019/02/14,66142,71155,64865,70762,▲4324,＋6.51%,65661,34502
2019/02/13,66732,66732,65749,66437,▼393,－0.59%,64560,6370
2019/02/12,67518,67518,66044,66830,▼688,－1.02%,63843,5872
2019/02/11,67617,67715,66142,67518,▲393,＋0.59%,62948,8107
2019/02/08,66732,68403,65749,67125,0.0,0.00%,61798,9299
2019/02/07,65749,68894,64865,67125,0.0,0.00%,60629,14103
2019/02/01,62506,67813,62408,67125,▲4717,＋7.56%,59518,28769
2019/01/31,61523,63194,61032,62408,▲885,＋1.44%,58378,12521
2019/01/30,59459,62113,59459,61523,▲1769,＋2.96%,57730,9962
2019/01/29,59853,60049,59165,59754,0.0,0.00%,57189,6157
2019/01/28,59263,60442,58870,59754,▲491,＋0.83%,56865,7680
2019/01/25,57592,59361,57101,59263,▲1376,＋2.38%,56540,7307
2019/01/24,55921,58182,55037,57887,▲1867,＋3.33%,56285,6607
2019/01/23,55430,56020,55037,56020,▲590,＋1.06%,56098,8076
2019/01/22,56020,56806,54840,55430,▼590,－1.05%,56118,5542
2019/01/21,56118,56118,55430,56020,▲295,＋0.53%,56206,2136
2019/01/18,55626,55921,55233,55725,▼197,－0.35%,56206,4510
2019/01/17,56314,56314,55037,55921,▼197,－0.35%,56314,6111
2019/01/16,56511,56708,55528,56118,▼393,－0.70%,56295,2627
2019/01/15,56708,56708,55626,56511,0.0,0.00%,56432,4821
2019/01/14,56609,57199,56118,56511,▼197,－0.35%,56629,2314
2019/01/11,56020,56904,55626,56708,▲688,＋1.23%,56796,4790
2019/01/10,56216,56216,55332,56020,▼197,－0.35%,56855,3131
2019/01/09,57002,57002,55430,56216,▼98,－0.17%,57031,4877
2019/01/08,55430,56609,55037,56314,▲295,＋0.53%,57100,5763
2019/01/07,55528,56314,55037,56020,▼786,－1.38%,57150,11033
2019/01/04,55233,57002,52973,56806,▲1081,＋1.94%,57248,21915
2019/01/03,57592,57690,55626,55725,▼1769,－3.08%,57239,5618
2019/01/02,58575,58575,56118,57494,▼983,－1.68%,57358,3465
2018/12/28,57887,59361,57592,58477,▲295,＋0.51%,57405,2597
2018/12/27,57592,58280,57101,58182,▲887,＋1.55%,57403,2303
2018/12/26,56715,57392,56232,57295,▼483,－0.84%,57430,3634
2018/12/24,56715,57971,56522,57778,▲870,＋1.53%,57459,2833
2018/12/21,56232,57198,56232,56909,▲97,＋0.17%,57440,2391
2018/12/20,56136,56812,55942,56812,▼193,－0.34%,57585,4115
2018/12/19,56715,57392,56426,57005,▲290,＋0.51%,57827,8467
2018/12/18,56619,57102,55942,56715,▼193,－0.34%,58078,3808
2018/12/17,57875,57875,56619,56909,▼1063,－1.83%,58455,9653
2018/12/14,58261,58455,57875,57971,▼483,－0.83%,58802,3369
2018/12/13,58455,58648,58068,58455,0.0,0.00%,59044,4113
2018/12/12,57875,59614,57682,58455,▲870,＋1.51%,59179,3862
2018/12/11,57585,58165,56812,57585,0.0,0.00%,59295,4070
2018/12/10,58165,58551,57005,57585,▼773,－1.32%,59604,4562
2018/12/07,59421,59614,57682,58358,▼870,－1.47%,60087,9258
2018/12/06,59324,59711,58841,59227,▼290,－0.49%,60532,4529
2018/12/05,60000,60097,58744,59517,▼966,－1.60%,60986,8125
2018/12/04,60387,60773,60194,60484,▲97,＋0.16%,61305,5577
2018/12/03,60484,60773,60097,60387,0.0,0.00%,61575,4101
2018/11/30,59904,60773,59807,60387,▲580,＋0.97%,61904,3052
2018/11/29,59904,60773,59324,59807,▲193,＋0.32%,62194,3505
2018/11/28,60870,61450,59324,59614,▼1063,－1.75%,62522,8634
2018/11/27,62319,62319,60097,60677,▼1739,－2.79%,62281,10206
2018/11/26,62513,62996,62126,62416,▼386,－0.62%,61913,3474
2018/11/23,63769,64735,61836,62802,▼966,－1.52%,61488,7455
2018/11/22,62802,64542,62319,63769,▲1063,＋1.69%,60996,5728
2018/11/21,62513,62996,61546,62706,▼483,－0.76%,60474,3747
2018/11/20,63672,63865,62223,63189,▼483,－0.76%,60039,5846
2018/11/19,63285,64252,62609,63672,▲386,＋0.61%,59730,4756
2018/11/16,63092,65218,61933,63285,▲193,＋0.31%,59353,10903
2018/11/15,59131,65604,59131,63092,▲5894,＋10.30%,59227,42277
2018/11/14,57102,57488,56522,57198,▲193,＋0.34%,58899,2735
2018/11/13,57778,57971,56426,57005,▼1159,－1.99%,59063,5502
2018/11/12,57971,58261,57778,58165,▲290,＋0.50%,59237,1955
2018/11/09,58744,58744,57488,57875,▼676,－1.16%,59237,4772
2018/11/08,58648,59711,58068,58551,▲193,＋0.33%,59527,5113
2018/11/07,60097,60870,57971,58358,▼1739,－2.89%,59923,7082
2018/11/06,60097,60870,59131,60097,▲193,＋0.32%,60493,4852
2018/11/05,61933,61933,59421,59904,▼2126,－3.43%,61150,5184
2018/11/02,60000,62029,59904,62029,▲2222,＋3.72%,61942,6013
2018/11/01,58938,60484,58841,59807,▲966,＋1.64%,62599,4368
2018/10/31,59034,59034,56619,58841,▲97,＋0.16%,63440,1004
2018/10/30,57198,59034,56522,58744,▲580,＋1.00%,64455,9013
2018/10/29,62319,62319,57585,58165,▼2609,－4.29%,65701,3168
2018/10/26,62029,63285,57875,60773,▼1739,－2.78%,66947,6922
2018/10/25,62126,63769,60870,62513,▼1546,－2.41%,67923,7912
2018/10/24,65894,66957,63962,64058,▼2609,－3.91%,68590,5252
2018/10/23,68406,68406,65218,66667,▼1159,－1.71%,69102,7189
2018/10/22,69179,69179,67633,67827,▼773,－1.13%,69479,1746
2018/10/19,66474,69179,65991,68600,▲386,＋0.57%,69643,10688
2018/10/18,68889,68986,66377,68213,▼773,－1.12%,69691,9309
2018/10/17,72561,73817,67537,68986,▼2222,－3.12%,69701,7225
2018/10/16,70629,73817,69759,71208,▲580,＋0.82%,69643,7035
2018/10/15,69276,71885,69083,70629,▲97,＋0.14%,69546,3190
2018/10/12,67827,72174,67827,70532,▲1353,＋1.96%,69633,7392
2018/10/11,66184,69372,65991,69179,0.0,0.00%,69759,9654
2018/10/10,68696,70822,68116,69179,▼1256,－1.78%,70155,7145
2018/10/08,67923,70435,67730,70435,▲966,＋1.39%,71257,6473
2018/10/05,69083,69952,65314,69469,▲386,＋0.56%,71885,10158
2018/10/04,69372,70629,66184,69083,▲773,＋1.13%,72474,10477
2018/10/02,68406,71305,68020,68310,▼97,－0.14%,73218,4877
2018/10/01,68310,69952,67730,68406,▼1836,－2.61%,73836,6509
2018/09/28,71498,71498,70145,70242,▼1256,－1.76%,74851,4236
2018/09/27,71691,73044,69083,71498,▼290,－0.40%,75836,13912
2018/09/21,72947,74010,71112,71788,▼1353,－1.85%,76619,10878
2018/09/20,79614,80870,71885,73141,▼7053,－8.80%,77691,31286
2018/09/19,76812,80580,76812,80194,▲3478,＋4.53%,78745,18079
2018/09/18,74976,78165,74976,76716,▲1353,＋1.79%,79102,16249
2018/09/17,76522,77488,75266,75363,▼1159,－1.52%,79160,5484
2018/09/14,75266,77295,75073,76522,▲2029,＋2.72%,78822,12488
2018/09/13,78358,79034,74203,74493,▼4058,－5.17%,78561,30192
2018/09/12,80677,82996,78261,78551,▼1546,－1.93%,78493,17304
2018/09/11,79228,81546,79131,80097,▲773,＋0.97%,78146,8424
2018/09/10,82319,82319,78261,79324,▼3188,－3.86%,77266,15900
2018/09/07,83479,83575,80580,82513,▼1159,－1.39%,76155,12767
2018/09/06,83382,85701,82126,83672,▼97,－0.12%,74677,17528
2018/09/05,77875,85991,75943,83769,▲6473,＋8.38%,72300,49684
2018/09/04,71981,77295,71305,77295,▲5314,＋7.38%,69749,35122
2018/09/03,73914,73914,71015,71981,▼1932,－2.61%,67846,20230
2018/08/31,73720,74880,71691,73914,▲97,＋0.13%,66532,16889
2018/08/30,75363,75749,72464,73817,▼1256,－1.67%,65044,23302
2018/08/29,71788,76136,71691,75073,▲3768,＋5.28%,63575,32827
2018/08/28,67827,73237,67633,71305,▲3092,＋4.53%,61865,45079
2018/08/27,68600,69083,66860,68213,▲483,＋0.71%,60406,32033
2018/08/24,60000,71015,59807,67730,▲7826,＋13.06%,59276,182988
2018/08/23,58455,60967,58068,59904,▲1643,＋2.82%,58165,21510
2018/08/22,58455,58455,57875,58261,0.0,0.00%,57836,3943
2018/08/21,59131,59131,57971,58261,▼580,－0.99%,57614,8640
2018/08/20,59711,59807,58551,58841,▼193,－0.33%,57353,6290
2018/08/17,58744,61063,58261,59034,▼97,－0.16%,56976,20903
2018/08/16,58551,59904,57971,59131,▲1159,＋2.00%,56590,12559
2018/08/14,56715,58358,56522,57971,▲1256,＋2.21%,56165,10403
2018/08/13,56909,57005,56039,56715,▼193,－0.34%,55769,3953
2018/08/10,56715,56909,56136,56909,▲290,＋0.51%,55498,1320
2018/08/09,56619,56715,56329,56619,0.0,0.00%,55237,1004
2018/08/08,55846,56619,55846,56619,▲580,＋1.03%,54928,4295
2018/08/07,55556,56039,55363,56039,▲386,＋0.69%,54619,7672
2018/08/06,55073,55749,55073,55653,▲580,＋1.05%,54329,1441
2018/08/03,55073,55073,54686,55073,▼97,－0.18%,54136,1840
2018/08/02,54783,55169,54397,55169,▲290,＋0.53%,54058,2378
2018/08/01,54010,54880,53913,54880,▲870,＋1.61%,54039,1254
2018/07/31,54010,54203,53624,54010,0.0,0.00%,54020,1122
2018/07/30,54107,54397,53334,54010,▼290,－0.53%,54068,1341
2018/07/27,53527,54397,53140,54300,▲773,＋1.44%,54107,2406
2018/07/26,53624,54010,53237,53527,0.0,0.00%,54165,844
2018/07/25,53140,53913,52851,53527,▲386,＋0.73%,54319,1413
2018/07/24,53237,53527,52947,53140,▼580,－1.08%,54493,2831
2018/07/23,54300,54493,52754,53720,▼580,－1.07%,54754,6553
2018/07/20,54783,55073,53817,54300,▼676,－1.23%,54976,2723
2018/07/19,54300,55169,54300,54976,▲290,＋0.53%,55141,1571
2018/07/18,54300,55363,54107,54686,▲193,＋0.35%,55208,2127
2018/07/17,54686,54686,54107,54493,▲97,＋0.18%,55392,1682
2018/07/16,55073,55073,54107,54397,▼483,－0.88%,55469,3822
2018/07/13,55073,55073,54397,54880,▼193,－0.35%,55537,1529
2018/07/12,55073,55556,54203,55073,▼193,－0.35%,55653,2385
2018/07/11,55749,55846,54880,55266,▼483,－0.87%,55798,1557
2018/07/10,55942,55942,54976,55749,▼193,－0.35%,55933,2841
2018/07/09,55846,56232,55073,55942,0.0,0.00%,56184,1814
2018/07/06,55749,56136,55363,55942,▲290,＋0.52%,N/A,2406
2018/07/05,56715,56812,55556,55653,▼870,－1.54%,N/A,3485
2018/07/04,55556,56522,55363,56522,▲1256,＋2.27%,N/A,4781
2018/07/03,55169,55556,54976,55266,▲193,＋0.35%,N/A,5810
2018/07/02,56329,56426,55073,55073,▼966,－1.72%,N/A,3138
2018/06/29,56715,57005,55846,56039,▼483,－0.85%,N/A,2189
2018/06/28,56812,56812,56329,56522,▼97,－0.17%,N/A,2489
2018/06/27,58261,58261,56426,56619,▼1643,－2.82%,N/A,8865
2018/06/26,57971,58648,57488,58261,0.0,0.00%,N/A,2343
