[일시]GS글로벌,시가,고가,저가,종가,대비,대비율,<가격이동평균>120,10,[거래량]
2020-12-24,1965,1985,1950,1965,▲15,0.77%,1764,1990,261935
2020-12-23,1975,1995,1930,1950,▼25,-1.27%,1761,1985,341863
2020-12-22,2015,2020,1975,1975,▼45,-2.23%,1759,1980,485776
2020-12-21,1975,2030,1955,2020,▲40,2.02%,1756,1971,513687
2020-12-18,2010,2015,1965,1980,▼30,-1.49%,1753,1955,456224
2020-12-17,2025,2030,1990,2010,▼15,-0.74%,1750,1948,383856
2020-12-16,2030,2035,2010,2025,▼5,-0.25%,1747,1939,392614
2020-12-15,2010,2070,2005,2030,▲25,1.25%,1745,1929,851786
2020-12-14,1945,2070,1935,2005,▲65,3.35%,1742,1919,2351955
2020-12-11,1910,1945,1910,1940,▲30,1.57%,1739,1909,340519
2020-12-10,1905,1920,1885,1910,▲5,0.26%,1737,1909,270868
2020-12-09,1890,1920,1870,1905,▲25,1.33%,1736,1912,226700
2020-12-08,1860,1890,1850,1880,▲15,0.80%,1734,1918,218992
2020-12-07,1920,1920,1850,1865,▼45,-2.36%,1733,1931,369916
2020-12-04,1930,1935,1890,1910,▼10,-0.52%,1732,1937,456583
2020-12-03,1930,1930,1905,1920,▼5,-0.26%,1731,1930,274736
2020-12-02,1935,1940,1915,1925,0,0.00%,1730,1922,435432
2020-12-01,1920,1945,1920,1925,▲15,0.79%,1730,1915,311239
2020-11-30,1935,1950,1910,1910,▼25,-1.29%,1730,1909,492682
2020-11-27,1930,1955,1925,1935,▼5,-0.26%,1730,1905,328228
2020-11-26,1965,1980,1910,1940,▼30,-1.52%,1730,1895,523973
2020-11-25,2020,2025,1920,1970,▼40,-1.99%,1730,1884,1320626
2020-11-24,1935,2010,1915,2010,▲90,4.69%,1728,1870,1470429
2020-11-23,1840,1940,1830,1920,▲75,4.07%,1726,1851,1462572
2020-11-20,1845,1850,1825,1845,▲5,0.27%,1724,1838,369401
2020-11-19,1840,1845,1820,1840,▼10,-0.54%,1723,1828,353480
2020-11-18,1875,1875,1830,1850,▼15,-0.80%,1722,1819,630201
2020-11-17,1885,1885,1835,1865,▼10,-0.53%,1722,1806,386024
2020-11-16,1830,1885,1830,1875,▲45,2.46%,1720,1792,738206
2020-11-13,1820,1845,1800,1830,▼5,-0.27%,1719,1778,433703
2020-11-12,1830,1835,1810,1835,▲5,0.27%,1717,1761,487012
2020-11-11,1820,1835,1800,1830,▲15,0.83%,1716,1748,407213
2020-11-10,1810,1840,1780,1815,▲20,1.11%,1715,1736,793899
2020-11-09,1750,1795,1740,1795,▲55,3.16%,1714,1723,454348
2020-11-06,1765,1765,1735,1740,▼10,-0.57%,1713,1713,306470
2020-11-05,1730,1765,1720,1750,▲25,1.45%,1712,1713,371119
2020-11-04,1745,1745,1715,1725,0,0.00%,1711,1711,161674
2020-11-03,1735,1740,1705,1725,▼5,-0.29%,1711,1712,226056
2020-11-02,1695,1750,1665,1730,▲65,3.90%,1710,1711,220840
2020-10-30,1710,1715,1645,1665,▼40,-2.35%,1710,1711,232826
2020-10-29,1690,1715,1655,1705,0,0.00%,1711,1709,282661
2020-10-28,1685,1710,1670,1705,▲15,0.89%,1711,1708,90239
2020-10-27,1695,1700,1655,1690,0,0.00%,1712,1708,167940
2020-10-26,1745,1745,1690,1690,▼50,-2.87%,1712,1712,166344
2020-10-23,1735,1755,1715,1740,▲10,0.58%,1713,1718,178972
2020-10-22,1745,1760,1700,1730,▼10,-0.57%,1713,1718,262022
2020-10-21,1720,1745,1695,1740,▲30,1.75%,1712,1719,153978
2020-10-20,1725,1770,1680,1710,▼20,-1.16%,1710,1718,170167
2020-10-19,1665,1745,1665,1730,▲80,4.85%,1709,1721,304820
2020-10-16,1690,1700,1645,1650,▼40,-2.37%,1708,1715,215619
2020-10-15,1690,1705,1670,1690,▼15,-0.88%,1707,1713,165293
2020-10-14,1730,1730,1685,1705,▼25,-1.45%,1707,1703,236877
2020-10-13,1760,1765,1715,1730,▼25,-1.42%,1706,1692,265259
2020-10-12,1745,1755,1720,1755,▲15,0.86%,1704,1685,299267
2020-10-08,1755,1760,1730,1740,▲5,0.29%,1703,1675,171276
2020-10-07,1735,1750,1720,1735,0,0.00%,1700,1672,141126
2020-10-06,1740,1765,1720,1735,▼5,-0.29%,1699,1672,249337
2020-10-05,1665,1755,1660,1740,▲75,4.50%,1697,1672,388266
2020-09-29,1640,1665,1635,1665,▲35,2.15%,1695,1674,139532
2020-09-28,1600,1640,1600,1630,▲40,2.52%,1693,1684,81825
2020-09-25,1615,1625,1520,1590,▼10,-0.63%,1691,1697,242435
2020-09-24,1620,1655,1590,1600,▼55,-3.32%,1690,1710,292586
2020-09-23,1685,1685,1625,1655,0,0.00%,1688,1724,192058
2020-09-22,1695,1710,1635,1655,▼55,-3.22%,1685,1727,206981
2020-09-21,1735,1740,1695,1710,▼25,-1.44%,1682,1731,181317
2020-09-18,1725,1745,1710,1735,0,0.00%,1677,1730,122875
2020-09-17,1760,1770,1720,1735,▼25,-1.42%,1673,1724,188082
2020-09-16,1780,1780,1760,1760,▼10,-0.56%,1668,1722,265251
2020-09-15,1760,1785,1750,1770,▲15,0.85%,1662,1715,438577
2020-09-14,1735,1775,1730,1755,▲30,1.74%,1656,1704,347129
2020-09-11,1740,1740,1705,1725,▼15,-0.86%,1650,1691,171681
2020-09-10,1695,1780,1695,1740,▲55,3.26%,1644,1679,336121
2020-09-09,1685,1705,1670,1685,▼10,-0.59%,1638,1665,155758
2020-09-08,1705,1725,1690,1695,▼5,-0.29%,1633,1660,201818
2020-09-07,1685,1720,1660,1700,▲25,1.49%,1629,1656,255033
2020-09-04,1650,1695,1625,1675,▼35,-2.05%,1626,1649,243685
2020-09-03,1705,1725,1695,1710,▲15,0.88%,1623,1645,231440
2020-09-02,1665,1710,1655,1695,▲40,2.42%,1621,1632,388235
2020-09-01,1630,1655,1605,1655,▲30,1.85%,1621,1635,167488
2020-08-31,1625,1660,1625,1625,▲15,0.93%,1621,1642,206490
2020-08-28,1605,1635,1600,1610,▲10,0.63%,1622,1663,186196
2020-08-27,1645,1645,1590,1600,▼35,-2.14%,1624,1682,288101
2020-08-26,1655,1670,1620,1635,▼20,-1.21%,1626,1706,293373
2020-08-25,1635,1680,1635,1655,▲25,1.53%,1628,1716,340297
2020-08-24,1620,1640,1590,1630,0,0.00%,1629,1722,328089
2020-08-21,1600,1655,1585,1630,▲50,3.16%,1629,1731,285620
2020-08-20,1715,1735,1575,1580,▼150,-8.67%,1630,1742,952465
2020-08-19,1710,1745,1695,1730,▲5,0.29%,1632,1754,260701
2020-08-18,1845,1845,1685,1725,▼105,-5.74%,1633,1751,629424
2020-08-14,1795,1855,1770,1830,▲30,1.67%,1634,1745,562680
2020-08-13,1870,1875,1795,1800,▼45,-2.44%,1634,1731,987477
2020-08-12,1750,1880,1730,1845,▲115,6.65%,1635,1723,2387886
2020-08-11,1735,1760,1715,1730,▲10,0.58%,1636,1712,352171
2020-08-10,1730,1740,1710,1720,0,0.00%,1638,1711,224650
2020-08-07,1760,1760,1715,1720,▼15,-0.86%,1641,1710,237223
2020-08-06,1715,1775,1705,1735,▲35,2.06%,1644,1708,540659
2020-08-05,1715,1725,1695,1700,0,0.00%,1646,1706,224332
2020-08-04,1685,1710,1675,1700,▲35,2.10%,1649,1711,233268
2020-08-03,1680,1700,1660,1665,▼25,-1.48%,1652,1717,210612
2020-07-31,1715,1720,1690,1690,▼35,-2.03%,1656,1725,131531
2020-07-30,1740,1745,1715,1725,▼5,-0.29%,1659,1734,121620
2020-07-29,1710,1730,1695,1730,▲10,0.58%,1662,1740,135629
2020-07-28,1715,1735,1690,1720,▲5,0.29%,1665,1736,197543
2020-07-27,1690,1725,1685,1715,▲15,0.88%,1668,1729,202381
2020-07-24,1700,1710,1675,1700,▼10,-0.58%,1670,1724,184843
2020-07-23,1760,1760,1695,1710,▼45,-2.56%,1672,1718,304660
2020-07-22,1765,1770,1740,1755,0,0.00%,1675,1714,291505
2020-07-21,1755,1765,1735,1755,▲5,0.29%,1677,1705,235161
2020-07-20,1780,1780,1720,1750,▼25,-1.41%,1680,1697,265444
2020-07-17,1785,1795,1760,1775,▼10,-0.56%,1682,1690,361922
2020-07-16,1700,1805,1690,1785,▲95,5.62%,1685,1678,1054626
2020-07-15,1675,1700,1665,1690,▲35,2.11%,1689,1664,301035
2020-07-14,1650,1660,1635,1655,▼5,-0.30%,1693,1657,162428
2020-07-13,1650,1670,1640,1660,▲20,1.22%,1697,1656,227983
2020-07-10,1675,1675,1635,1640,▼30,-1.80%,1702,1654,164353
2020-07-09,1670,1685,1665,1670,▲5,0.30%,1707,1658,192872
2020-07-08,1675,1680,1655,1665,▼10,-0.60%,1711,1657,193379
2020-07-07,1690,1705,1665,1675,▼10,-0.59%,1716,1662,144640
2020-07-06,1660,1700,1645,1685,▲35,2.12%,1721,1664,260664
2020-07-03,1645,1665,1645,1650,▲5,0.30%,1725,1665,156682
2020-07-02,1645,1645,1620,1645,▲20,1.23%,1729,1672,180109
2020-07-01,1660,1675,1620,1625,▼20,-1.22%,1733,1682,264074
2020-06-30,1650,1665,1640,1645,▲5,0.30%,1739,1691,127004
2020-06-29,1640,1660,1630,1640,▼35,-2.09%,1744,1701,225947
2020-06-26,1695,1695,1655,1675,▲10,0.60%,1749,1702,243485
2020-06-25,1690,1695,1655,1665,▼50,-2.92%,1753,1714,396466
2020-06-24,1700,1730,1690,1715,▲20,1.18%,1758,1734,226229
2020-06-23,1700,1725,1680,1695,0,0.00%,1762,1752,278086
2020-06-22,1725,1725,1635,1695,▼25,-1.45%,1766,1775,225144
2020-06-19,1745,1755,1705,1720,▼20,-1.15%,1770,1798,284153
2020-06-18,1725,1740,1710,1740,▲20,1.16%,1774,1816,154593
2020-06-17,1725,1745,1675,1720,▼25,-1.43%,1778,1836,324842
2020-06-16,1690,1745,1690,1745,▲95,5.76%,1783,1841,291589
2020-06-15,1800,1800,1635,1650,▼140,-7.82%,1787,1843,657245
2020-06-12,1690,1805,1685,1790,▼80,-4.28%,1792,1852,625429
2020-06-11,1895,1920,1855,1870,▼25,-1.32%,1796,1844,547021
2020-06-10,1920,1920,1875,1895,▼25,-1.30%,1799,1829,305282
2020-06-09,1935,1935,1880,1920,▼5,-0.26%,1802,1815,401658
2020-06-08,1925,1925,1870,1925,▲25,1.32%,1805,1794,553638
2020-06-05,1925,1925,1875,1900,▼40,-2.06%,1807,1770,997929
2020-06-04,1800,2020,1790,1940,▲165,9.30%,1810,1748,4853889
2020-06-03,1770,1820,1765,1775,▲15,0.85%,1813,1726,699171
2020-06-02,1745,1760,1725,1760,▲20,1.15%,1816,1718,457897
2020-06-01,1705,1755,1705,1740,▲30,1.75%,1820,1713,365996
2020-05-29,1720,1730,1690,1710,▼15,-0.87%,1825,1703,170965
2020-05-28,1765,1780,1680,1725,▼25,-1.43%,1829,1695,329751
2020-05-27,1740,1805,1735,1750,▲35,2.04%,1833,1684,765572
2020-05-26,1685,1730,1685,1715,▲30,1.78%,1838,1676,288679
2020-05-25,1690,1700,1670,1685,▲5,0.30%,1842,1673,140873
2020-05-22,1720,1725,1665,1680,▼35,-2.04%,1847,1679,269361
2020-05-21,1725,1730,1695,1715,▲15,0.88%,1852,1685,419493
2020-05-20,1695,1705,1680,1700,▼5,-0.29%,1856,1688,291099
2020-05-19,1690,1755,1650,1705,▲65,3.96%,1861,1692,893266
2020-05-18,1630,1655,1620,1640,▲10,0.61%,1865,1695,232672
2020-05-15,1630,1650,1615,1630,▲10,0.62%,1871,1709,299651
2020-05-14,1660,1660,1615,1620,▼50,-2.99%,1877,1717,379689
2020-05-13,1640,1680,1625,1670,▼15,-0.89%,1884,1715,349378
2020-05-12,1770,1770,1670,1685,▼55,-3.16%,1890,1703,347918
2020-05-11,1745,1750,1690,1740,▼5,-0.29%,1895,1695,605444
2020-05-08,1770,1780,1720,1745,0,0.00%,1901,1679,336069
2020-05-07,1740,1770,1730,1745,▲5,0.29%,1906,1663,228909
2020-05-06,1745,1780,1735,1740,▲5,0.29%,1912,1653,409827
2020-05-04,1750,1770,1720,1735,▼45,-2.53%,1917,1639,404648
2020-04-29,1710,1795,1670,1780,▲70,4.09%,1923,1620,962876
2020-04-28,1615,1895,1595,1710,▲110,6.88%,1928,1596,2607762
2020-04-27,1560,1610,1555,1600,▲50,3.23%,1934,1571,433203
2020-04-24,1600,1600,1530,1550,▼50,-3.13%,1940,1565,357857
2020-04-23,1600,1610,1565,1600,▲15,0.95%,1947,1562,238041
2020-04-22,1545,1585,1485,1585,0,0.00%,1953,1550,428077
2020-04-21,1630,1655,1500,1585,▼55,-3.35%,1959,1537,710122
2020-04-20,1620,1685,1610,1640,▲35,2.18%,1966,1521,327378
2020-04-17,1550,1645,1550,1605,▲60,3.88%,1972,1498,576479
2020-04-16,1505,1580,1490,1545,▲10,0.65%,1978,1479,250367
2020-04-14,1470,1570,1465,1535,▲75,5.14%,1985,1450,385829
2020-04-13,1540,1540,1460,1460,▼80,-5.19%,1992,1422,372204
2020-04-10,1520,1560,1455,1540,▲20,1.32%,2000,1395,395663
2020-04-09,1495,1525,1480,1520,▲40,2.70%,2007,1358,371593
2020-04-08,1450,1510,1420,1480,▲25,1.72%,2014,1321,354713
2020-04-07,1470,1480,1410,1455,▲30,2.11%,2022,1284,584895
2020-04-06,1435,1435,1305,1425,▲10,0.71%,2030,1241,557069
2020-04-03,1410,1480,1360,1415,▲5,0.35%,2038,1198,708684
2020-04-02,1270,1420,1255,1410,▲150,11.90%,2045,1162,932774
2020-04-01,1260,1310,1250,1260,▲10,0.80%,2053,1121,587698
2020-03-31,1220,1285,1200,1250,▲60,5.04%,2062,1108,742062
2020-03-30,1125,1215,1120,1190,▲15,1.28%,2071,1106,512838
2020-03-27,1190,1220,1135,1175,▲30,2.62%,2081,1116,756603
2020-03-26,1135,1185,1095,1145,▲35,3.15%,2091,1127,831452
2020-03-25,1075,1120,1065,1110,▲80,7.77%,2101,1161,935744
2020-03-24,1005,1030,997,1030,▲37,3.73%,2112,1216,931846
2020-03-23,998,1020,989,993,▼67,-6.32%,2124,1283,826461
2020-03-20,993,1070,993,1060,▲67,6.75%,2136,1356,675062
2020-03-19,1190,1190,987,993,▼137,-12.12%,2148,1432,1607844
2020-03-18,1250,1275,1130,1130,▼105,-8.50%,2160,1521,783997
2020-03-17,1175,1310,1175,1235,▼50,-3.89%,2171,1591,656262
2020-03-16,1305,1370,1285,1285,0,0.00%,2182,1646,715495
2020-03-13,1355,1390,1195,1285,▼200,-13.47%,2192,1691,1290410
2020-03-12,1655,1655,1465,1485,▼175,-10.54%,2202,1733,1064122
2020-03-11,1705,1740,1640,1660,▼45,-2.64%,2211,1766,343747
2020-03-10,1695,1710,1650,1705,▼20,-1.16%,2219,1785,396959
2020-03-09,1780,1785,1710,1725,▼95,-5.22%,2226,1798,340049
2020-03-06,1875,1875,1790,1820,▼60,-3.19%,2232,1808,247188
2020-03-05,1845,1920,1845,1880,▲50,2.73%,2237,1819,240809
2020-03-04,1780,1835,1780,1830,▲50,2.81%,2242,1828,121871
2020-03-03,1755,1805,1755,1780,▲45,2.59%,2247,1845,159713
2020-03-02,1705,1765,1680,1735,▲25,1.46%,2253,1869,344504
2020-02-28,1815,1815,1675,1710,▼105,-5.79%,2259,1901,537336
2020-02-27,1860,1880,1800,1815,▼35,-1.89%,2266,1933,203951
2020-02-26,1805,1865,1805,1850,▲20,1.09%,2272,1958,265326
2020-02-25,1810,1835,1795,1830,▲5,0.27%,2277,1982,358191
2020-02-24,1905,1920,1810,1825,▼105,-5.44%,2281,2010,498702
2020-02-21,1975,1975,1920,1930,▼40,-2.03%,2286,2035,292409
2020-02-20,2000,2005,1965,1970,▼30,-1.50%,2290,2048,147037
2020-02-19,2025,2030,1970,2000,▼25,-1.23%,2294,2059,141966
2020-02-18,2050,2055,2000,2025,▼25,-1.22%,2298,2063,138768
2020-02-17,2030,2050,2020,2050,▲15,0.74%,2302,2064,95247
2020-02-14,2060,2070,2025,2035,▼25,-1.21%,2305,2054,150764
2020-02-13,2115,2115,2060,2060,▼35,-1.67%,2308,2049,164245
2020-02-12,2095,2115,2085,2095,▼10,-0.48%,2310,2045,88242
2020-02-11,2090,2120,2085,2105,▲25,1.20%,2312,2043,132196
2020-02-10,2050,2100,2045,2080,▲25,1.22%,2314,2039,104339
2020-02-07,2045,2110,2045,2055,▼30,-1.44%,2316,2047,129233
2020-02-06,2050,2095,2040,2085,▲50,2.46%,2318,2059,240422
2020-02-05,2050,2060,2020,2035,0,0.00%,2320,2069,148175
2020-02-04,1940,2040,1940,2035,▲85,4.36%,2321,2086,309177
2020-02-03,1920,1950,1890,1950,▼35,-1.76%,2322,2104,485512
2020-01-31,2035,2060,1985,1985,▼40,-1.98%,2324,2131,321673
2020-01-30,2075,2090,2025,2025,▼50,-2.41%,2328,2155,290967
2020-01-29,2065,2085,2055,2075,▲10,0.48%,2331,2175,192181
2020-01-28,2100,2125,2065,2065,▼95,-4.40%,2334,2189,343192
2020-01-23,2175,2185,2145,2160,▼15,-0.69%,2337,2203,244917
2020-01-22,2180,2200,2170,2175,▼5,-0.23%,2338,2205,96904
2020-01-21,2205,2220,2175,2180,▼30,-1.36%,2341,2200,119127
2020-01-20,2220,2225,2205,2210,▼5,-0.23%,2344,2207,125718
2020-01-17,2220,2235,2205,2215,0,0.00%,2348,2210,209075
2020-01-16,2220,2235,2210,2215,▼15,-0.67%,2351,2212,129812
2020-01-15,2215,2235,2215,2230,▲10,0.45%,2355,2213,57128
2020-01-14,2230,2245,2215,2220,▲5,0.23%,2358,2212,80950
2020-01-13,2200,2230,2200,2215,▲10,0.45%,2362,2212,144821
2020-01-10,2190,2210,2190,2205,▲25,1.15%,2365,2209,96781
2020-01-09,2165,2200,2155,2180,▲50,2.35%,2369,2208,286775
2020-01-08,2250,2250,2105,2130,▼120,-5.33%,2373,2211,444987
2020-01-07,2230,2255,2225,2250,▲10,0.45%,2378,2222,204547
2020-01-06,2230,2320,2190,2240,▲5,0.22%,2382,2222,793349
2020-01-03,2230,2240,2225,2235,▲10,0.45%,2386,2224,124473
2020-01-02,2220,2240,2220,2225,▲5,0.23%,2390,2226,167047
2019-12-30,2215,2230,2210,2220,▲5,0.23%,2394,2230,98866
2019-12-27,2190,2220,2175,2215,▲25,1.14%,2400,2234,81415
2019-12-26,2210,2210,2175,2190,▼5,-0.23%,2405,2237,232256
2019-12-24,2205,2230,2195,2195,▼10,-0.45%,2411,2239,203488
2019-12-23,2255,2255,2200,2205,▼35,-1.56%,2417,2242,249324
2019-12-20,2255,2270,2240,2240,▼15,-0.67%,2424,2246,141452
2019-12-19,2260,2280,2250,2255,0,0.00%,2428,2246,97363
2019-12-18,2260,2275,2250,2255,▼5,-0.22%,2433,2245,105489
2019-12-17,2280,2280,2245,2260,0,0.00%,2438,2242,138637
2019-12-16,2260,2295,2260,2260,▼5,-0.22%,2442,2241,132978
2019-12-13,2260,2305,2245,2265,▲25,1.12%,2447,2240,273832
2019-12-12,2230,2255,2225,2240,▲25,1.13%,2452,2236,95518
2019-12-11,2240,2240,2215,2215,▼10,-0.45%,2457,2239,77184
2019-12-10,2225,2245,2225,2225,▼15,-0.67%,2462,2245,31139
2019-12-09,2245,2255,2200,2240,▼5,-0.22%,2466,2248,142730
2019-12-06,2240,2260,2220,2245,▲5,0.22%,2471,2250,49997
2019-12-05,2220,2250,2200,2240,▲15,0.67%,2475,2249,167744
2019-12-04,2230,2240,2210,2225,▼30,-1.33%,2480,2247,127257
2019-12-03,2230,2255,2215,2255,▲10,0.45%,2485,2254,89323
2019-12-02,2220,2245,2220,2245,▲15,0.67%,2489,2260,85650
2019-11-29,2275,2280,2215,2230,▼40,-1.76%,2493,2271,369785
2019-11-28,2275,2285,2260,2270,▼5,-0.22%,2497,2287,64268
2019-11-27,2250,2280,2240,2275,▲20,0.89%,2500,2299,77454
2019-11-26,2260,2285,2235,2255,0,0.00%,2503,2310,193526
2019-11-25,2245,2265,2235,2255,▲20,0.89%,2506,2325,87883
2019-11-22,2200,2285,2200,2235,▲15,0.68%,2509,2338,240464
2019-11-21,2305,2310,2215,2220,▼80,-3.48%,2513,2353,276147
2019-11-20,2325,2335,2300,2300,▼15,-0.65%,2516,2372,110788
2019-11-19,2345,2350,2315,2315,▼35,-1.49%,2520,2385,162451
2019-11-18,2395,2400,2335,2350,▼45,-1.88%,2523,2394,304244
2019-11-15,2375,2405,2375,2395,▲5,0.21%,2525,2399,93035
2019-11-14,2390,2400,2370,2390,▲5,0.21%,2527,2396,90452
2019-11-13,2400,2405,2375,2385,▼15,-0.63%,2529,2390,102737
2019-11-12,2390,2400,2365,2400,▲15,0.63%,2531,2386,140135
2019-11-11,2400,2400,2355,2385,0,0.00%,2533,2382,142248
2019-11-08,2435,2440,2385,2385,▼30,-1.24%,2536,2378,178126
2019-11-07,2435,2450,2415,2415,▼15,-0.62%,2540,2375,128260
2019-11-06,2400,2430,2395,2430,▲30,1.25%,2543,2370,225326
2019-11-05,2410,2415,2380,2400,0,0.00%,2546,2364,69515
2019-11-04,2370,2420,2370,2400,▲30,1.27%,2549,2363,182276
2019-11-01,2330,2395,2325,2370,▲40,1.72%,2552,2362,79200
2019-10-31,2350,2350,2325,2330,▼10,-0.43%,2555,2364,107088
2019-10-30,2355,2365,2330,2340,▼20,-0.85%,2559,2370,98130
2019-10-29,2350,2390,2340,2360,▲10,0.43%,2562,2376,79661
2019-10-28,2355,2380,2350,2350,▼5,-0.21%,2564,2379,56865
2019-10-25,2350,2365,2340,2355,▼5,-0.21%,2567,2383,64066
2019-10-24,2385,2385,2340,2360,▼10,-0.42%,2569,2382,121125
2019-10-23,2410,2410,2360,2370,▼25,-1.04%,2572,2380,77682
2019-10-22,2400,2400,2365,2395,▲5,0.21%,2575,2379,88600
2019-10-21,2390,2395,2365,2390,0,0.00%,2577,2372,72051
2019-10-18,2385,2400,2380,2390,0,0.00%,2579,2368,75125
2019-10-17,2390,2410,2370,2390,▼5,-0.21%,2582,2364,129596
2019-10-16,2410,2410,2375,2395,▲5,0.21%,2584,2365,81982
2019-10-15,2395,2415,2380,2390,▼5,-0.21%,2587,2365,45302
2019-10-14,2350,2400,2350,2395,▲55,2.35%,2589,2370,143697
2019-10-11,2350,2350,2325,2340,0,0.00%,2592,2377,147838
2019-10-10,2355,2370,2310,2340,▼25,-1.06%,2596,2388,117548
2019-10-08,2315,2365,2315,2365,▲40,1.72%,2599,2404,106261
2019-10-07,2340,2360,2310,2325,▼20,-0.85%,2603,2417,116273
2019-10-04,2355,2365,2320,2345,▼10,-0.42%,2606,2435,74544
2019-10-02,2390,2400,2355,2355,▼45,-1.88%,2609,2451,166849
2019-10-01,2390,2415,2380,2400,▲5,0.21%,2612,2467,98001
2019-09-30,2435,2440,2395,2395,▼40,-1.64%,2614,2482,128954
2019-09-27,2475,2475,2430,2435,▼35,-1.42%,2617,2502,43663
2019-09-26,2455,2500,2435,2470,▲20,0.82%,2619,2510,95986
2019-09-25,2510,2520,2410,2450,▼50,-2.00%,2620,2511,222071
2019-09-24,2480,2510,2480,2500,▲10,0.40%,2622,2511,73287
2019-09-23,2505,2520,2475,2490,▼20,-0.80%,2623,2507,127679
2019-09-20,2520,2525,2480,2510,▲5,0.20%,2624,2504,113402
2019-09-19,2520,2555,2500,2505,▼5,-0.20%,2623,2501,173801
2019-09-18,2555,2560,2510,2510,▼45,-1.76%,2624,2498,257398
2019-09-17,2570,2590,2525,2555,▼35,-1.35%,2625,2494,270507
2019-09-16,2550,2610,2510,2590,▲70,2.78%,2625,2491,617195
2019-09-11,2490,2570,2490,2520,▲45,1.82%,2626,2476,203544
2019-09-10,2455,2485,2445,2475,▲25,1.02%,2627,2464,91240
2019-09-09,2465,2490,2450,2450,▼10,-0.41%,2629,2454,89754
2019-09-06,2480,2505,2445,2460,0,0.00%,2632,2449,123882
2019-09-05,2480,2495,2460,2460,▼20,-0.81%,2634,2449,136493
2019-09-04,2455,2480,2445,2480,▲5,0.20%,2636,2450,117824
2019-09-03,2470,2495,2430,2475,0,0.00%,2639,2454,241905
2019-09-02,2520,2525,2460,2475,▼45,-1.79%,2641,2448,284744
2019-08-30,2460,2525,2425,2520,▲75,3.07%,2642,2436,608282
2019-08-29,2400,2630,2380,2445,▲50,2.09%,2643,2416,518849
2019-08-28,2375,2410,2375,2395,▲15,0.63%,2645,2407,49488
2019-08-27,2415,2460,2360,2380,▼15,-0.63%,2647,2399,211578
2019-08-26,2430,2430,2350,2395,▼70,-2.84%,2650,2394,255376
2019-08-23,2445,2480,2440,2465,▼5,-0.20%,2653,2385,142607
2019-08-22,2505,2530,2445,2470,▼45,-1.79%,2656,2366,251119
2019-08-21,2400,2580,2400,2515,▲100,4.14%,2658,2342,406637
2019-08-20,2360,2420,2360,2415,▲60,2.55%,2662,2306,167220
2019-08-19,2335,2385,2330,2355,▲30,1.29%,2665,2283,163128
2019-08-16,2310,2340,2305,2325,▼25,-1.06%,2669,2286,104083
2019-08-14,2345,2370,2330,2350,▲35,1.51%,2674,2294,86086
2019-08-13,2295,2335,2280,2315,▼20,-0.86%,2677,2303,111986
2019-08-12,2275,2340,2270,2335,▲35,1.52%,2682,2312,139780
2019-08-09,2270,2330,2270,2300,▲25,1.10%,2686,2317,230712
2019-08-08,2235,2305,2235,2275,▲45,2.02%,2691,2336,263519
2019-08-07,2130,2250,2130,2230,▲75,3.48%,2696,2363,273114
2019-08-06,2110,2265,2065,2155,▼30,-1.37%,2701,2403,686431
2019-08-05,2375,2390,2150,2185,▼205,-8.58%,2706,2449,658072
2019-08-02,2380,2415,2315,2390,▼10,-0.42%,2711,2497,219175
2019-08-01,2450,2465,2385,2400,▼45,-1.84%,2715,2524,197172
2019-07-31,2380,2445,2370,2445,▲45,1.88%,2719,2547,181030
2019-07-30,2375,2440,2375,2400,▲15,0.63%,2723,2563,225828
2019-07-29,2485,2500,2370,2385,▼110,-4.41%,2726,2589,320986
2019-07-26,2540,2560,2460,2495,▼50,-1.96%,2729,2621,299526
2019-07-25,2605,2620,2530,2545,▼80,-3.05%,2730,2647,280701
2019-07-24,2650,2650,2580,2625,▲5,0.19%,2731,2667,212122
2019-07-23,2690,2690,2615,2620,▼40,-1.50%,2731,2676,207973
2019-07-22,2660,2680,2645,2660,0,0.00%,2731,2684,92195
2019-07-19,2620,2670,2615,2660,▲30,1.14%,2732,2690,158832
2019-07-18,2620,2650,2595,2630,▲20,0.77%,2732,2711,159388
2019-07-17,2695,2800,2590,2610,▼50,-1.88%,2733,2736,584389
2019-07-16,2665,2715,2660,2660,▼40,-1.48%,2734,2767,300542
2019-07-15,2760,2765,2685,2700,▼55,-2.00%,2734,2793,166650
2019-07-12,2740,2775,2735,2755,▲5,0.18%,2733,2816,183208
2019-07-11,2730,2755,2710,2750,▲35,1.29%,2732,2822,140975
2019-07-10,2680,2745,2680,2715,▲15,0.56%,2731,2830,209495
2019-07-09,2725,2765,2680,2700,▼20,-0.74%,2730,2840,345292
2019-07-08,2850,2860,2710,2720,▼150,-5.23%,2729,2852,439567
2019-07-05,2910,2910,2850,2870,▼10,-0.35%,2727,2864,139516
2019-07-04,2925,2930,2850,2880,▼40,-1.37%,2724,2859,267999
2019-07-03,2915,2985,2870,2920,▲5,0.17%,2720,2853,519448
2019-07-02,2935,2940,2890,2915,▼20,-0.68%,2716,2841,353986
2019-07-01,2835,2935,2820,2935,▲125,4.45%,2712,2827,735475
2019-06-28,2830,2845,2780,2810,▼20,-0.71%,2707,2812,188555
2019-06-27,2830,2860,2810,2830,▲15,0.53%,2703,2809,176677
2019-06-26,2800,2820,2780,2815,▼5,-0.18%,2700,2807,178185
2019-06-25,2850,2860,2785,2820,▼25,-0.88%,2697,2805,273556
2019-06-24,2825,2850,2810,2845,▲25,0.89%,2694,2801,285066
2019-06-21,2830,2845,2785,2820,0,0.00%,2691,2790,277182
2019-06-20,2815,2830,2790,2820,▲20,0.71%,2689,2775,139599
2019-06-19,2805,2825,2785,2800,▲30,1.08%,2687,2758,268242
2019-06-18,2790,2810,2760,2770,▼15,-0.54%,2685,2741,189089
2019-06-17,2780,2810,2750,2785,▲5,0.18%,2683,2726,188311
2019-06-14,2825,2830,2770,2780,▼30,-1.07%,2681,2709,223371
2019-06-13,2800,2820,2775,2810,▲10,0.36%,N/A,2698,244561
2019-06-12,2770,2800,2755,2800,▲25,0.90%,N/A,2684,294367
2019-06-11,2750,2775,2740,2775,▲35,1.28%,N/A,2673,213713
2019-06-10,2675,2765,2675,2740,▲75,2.81%,N/A,2665,309434
2019-06-07,2665,2675,2630,2665,▲10,0.38%,N/A,2655,148075
2019-06-05,2650,2670,2640,2655,▲25,0.95%,N/A,2651,150513
2019-06-04,2610,2635,2605,2630,▲15,0.57%,N/A,2649,203742
2019-06-03,2610,2625,2595,2615,0,0.00%,N/A,2650,308713
2019-05-31,2685,2690,2615,2615,▼55,-2.06%,N/A,2654,533904
2019-05-30,2690,2710,2660,2670,▼5,-0.19%,N/A,2668,146096
2019-05-29,2680,2705,2650,2675,▼15,-0.56%,N/A,2679,170874
2019-05-28,2690,2700,2670,2690,▼5,-0.19%,N/A,2695,161105
2019-05-27,2645,2695,2630,2695,▲60,2.28%,N/A,2700,218043
2019-05-24,2630,2645,2600,2635,▲5,0.19%,N/A,2705,200173
2019-05-23,2635,2665,2595,2630,0,0.00%,N/A,2724,236172
2019-05-22,2650,2660,2595,2630,▼15,-0.57%,N/A,2734,390474
2019-05-21,2625,2685,2615,2645,▼10,-0.38%,N/A,2748,375080
2019-05-20,2755,2785,2635,2655,▼95,-3.45%,N/A,2751,447674
2019-05-17,2800,2845,2750,2750,▼35,-1.26%,N/A,2753,275411
2019-05-16,2845,2855,2770,2785,▼45,-1.59%,N/A,2744,302705
2019-05-15,2745,2870,2745,2830,▲90,3.28%,N/A,2732,726641
2019-05-14,2680,2750,2680,2740,▼5,-0.18%,N/A,2716,340929
2019-05-13,2845,2850,2740,2745,▼80,-2.83%,N/A,2708,470105
2019-05-10,2745,2845,2735,2825,▲90,3.29%,N/A,2699,948039
2019-05-09,2770,2805,2690,2735,▼30,-1.08%,N/A,2684,603066
2019-05-08,2655,2830,2635,2765,▲90,3.36%,N/A,2680,896922
2019-05-07,2660,2675,2620,2675,▼5,-0.19%,N/A,2673,242006
2019-05-03,2645,2690,2645,2680,▲20,0.75%,N/A,2676,145231
2019-05-02,2660,2685,2630,2660,0,0.00%,N/A,2677,180581
2019-04-30,2675,2690,2630,2660,▼10,-0.37%,N/A,2685,142747
2019-04-29,2670,2675,2645,2670,▲5,0.19%,N/A,2695,172728
2019-04-26,2635,2685,2630,2665,▲10,0.38%,N/A,2705,199066
2019-04-25,2675,2675,2630,2655,▼15,-0.56%,N/A,2715,151880
2019-04-24,2710,2710,2650,2670,▼30,-1.11%,N/A,2724,216162
2019-04-23,2700,2725,2670,2700,▲10,0.37%,N/A,2729,289770
2019-04-22,2715,2725,2680,2690,▼20,-0.74%,N/A,2728,135670
2019-04-19,2680,2710,2670,2710,▲20,0.74%,N/A,2727,119348
2019-04-18,2750,2760,2670,2690,▼50,-1.82%,N/A,2725,280242
2019-04-17,2765,2775,2725,2740,▼15,-0.54%,N/A,2724,167401
2019-04-16,2780,2780,2720,2755,▼20,-0.72%,N/A,2717,133294
2019-04-15,2820,2820,2740,2775,▲10,0.36%,N/A,2705,304260
2019-04-12,2735,2785,2715,2765,▲25,0.91%,N/A,2690,285916
2019-04-11,2730,2740,2715,2740,▲15,0.55%,N/A,2669,184310
2019-04-10,2690,2725,2675,2725,▲40,1.49%,N/A,2645,147483
2019-04-09,2680,2700,2670,2685,0,0.00%,N/A,2631,90591
2019-04-08,2685,2715,2685,2685,▼5,-0.19%,N/A,2623,115275
2019-04-05,2680,2720,2665,2690,▲15,0.56%,N/A,2614,89932
2019-04-04,2680,2685,2655,2675,▲5,0.19%,N/A,2611,96827
2019-04-03,2635,2680,2625,2670,▲35,1.33%,N/A,2613,123094
2019-04-02,2635,2655,2615,2635,▲5,0.19%,N/A,2618,122676
2019-04-01,2570,2635,2565,2630,▲75,2.94%,N/A,2628,155817
2019-03-29,2510,2560,2495,2555,▲55,2.20%,N/A,2640,209003
2019-03-28,2580,2600,2500,2500,▼85,-3.29%,N/A,2659,440942
2019-03-27,2600,2610,2575,2585,▼15,-0.58%,N/A,2685,170964
2019-03-26,2625,2625,2590,2600,▲5,0.19%,N/A,2697,177870
2019-03-25,2635,2655,2595,2595,▼65,-2.44%,N/A,2705,135622
2019-03-22,2710,2725,2650,2660,▼40,-1.48%,N/A,2706,185293
2019-03-21,2715,2735,2685,2700,▼15,-0.55%,N/A,2703,144506
2019-03-20,2730,2740,2680,2715,▼25,-0.91%,N/A,2699,151977
2019-03-19,2755,2760,2725,2740,▼10,-0.36%,N/A,2700,85783
2019-03-18,2745,2760,2725,2750,▲10,0.36%,N/A,2700,85461
2019-03-15,2755,2765,2710,2740,▼20,-0.72%,N/A,2706,181350
2019-03-14,2700,2760,2700,2760,▲55,2.03%,N/A,2713,194049
2019-03-13,2680,2710,2650,2705,▲25,0.93%,N/A,2731,131846
2019-03-12,2610,2685,2610,2680,▲75,2.88%,N/A,2744,192647
2019-03-11,2665,2665,2580,2605,▼25,-0.95%,N/A,2759,249535
2019-03-08,2645,2665,2625,2630,▼35,-1.31%,N/A,2781,175851
2019-03-07,2715,2725,2645,2665,▼55,-2.02%,N/A,2799,246306
2019-03-06,2740,2745,2715,2720,▼20,-0.73%,N/A,2818,147371
2019-03-05,2810,2815,2715,2740,▼70,-2.49%,N/A,2831,370174
2019-03-04,2815,2885,2790,2810,▼5,-0.18%,N/A,2842,454984
2019-02-28,2950,2965,2770,2815,▼125,-4.25%,N/A,2846,663383
2019-02-27,2855,2955,2835,2940,▲105,3.70%,N/A,2849,655743
2019-02-26,2835,2845,2810,2835,▲5,0.18%,N/A,2837,211289
2019-02-25,2820,2870,2820,2830,▲5,0.18%,N/A,2835,260299
2019-02-22,2800,2840,2795,2825,▲15,0.53%,N/A,2831,167516
2019-02-21,2850,2850,2805,2810,▼40,-1.40%,N/A,2837,297474
2019-02-20,2860,2875,2840,2850,▼5,-0.18%,N/A,2847,178090
2019-02-19,2845,2885,2830,2855,▲5,0.18%,N/A,2842,228054
2019-02-18,2855,2900,2850,2850,0,0.00%,N/A,2825,200922
2019-02-15,2860,2860,2815,2850,▲10,0.35%,N/A,2808,180228
2019-02-14,2845,2845,2780,2840,▲15,0.53%,N/A,2784,230107
2019-02-13,2850,2860,2800,2825,▲10,0.36%,N/A,2763,290547
2019-02-12,2780,2855,2780,2815,▲30,1.08%,N/A,2751,288843
2019-02-11,2885,2890,2785,2785,▼105,-3.63%,N/A,2741,386993
2019-02-08,2905,2940,2850,2890,▼15,-0.52%,N/A,2734,468279
2019-02-07,2855,2970,2825,2905,▲105,3.75%,N/A,2716,1184536
2019-02-01,2715,2820,2695,2800,▲115,4.28%,N/A,2694,792524
2019-01-31,2695,2710,2660,2685,▲5,0.19%,N/A,2679,332503
2019-01-30,2610,2680,2595,2680,▲70,2.68%,N/A,2672,199104
2019-01-29,2605,2635,2580,2610,▼20,-0.76%,N/A,2667,327323
2019-01-28,2725,2725,2620,2630,▼80,-2.95%,N/A,2668,466136
2019-01-25,2700,2735,2675,2710,0,0.00%,N/A,2666,316259
2019-01-24,2710,2760,2655,2710,▼5,-0.18%,N/A,2656,309865
2019-01-23,2705,2720,2675,2715,▲5,0.18%,N/A,2633,172777
2019-01-22,2695,2715,2655,2710,▲25,0.93%,N/A,2611,182232
2019-01-21,2675,2715,2640,2685,▲30,1.13%,N/A,2584,202583
2019-01-18,2625,2660,2615,2655,▲40,1.53%,N/A,2559,140369
2019-01-17,2650,2675,2610,2615,▼15,-0.57%,N/A,2531,133537
2019-01-16,2625,2665,2620,2630,▲15,0.57%,N/A,2504,171337
2019-01-15,2620,2640,2585,2615,▲5,0.19%,N/A,2481,134434
2019-01-14,2610,2640,2570,2610,0,0.00%,N/A,2466,172563
2019-01-11,2485,2630,2485,2610,▲130,5.24%,N/A,2449,531401
2019-01-10,2500,2510,2460,2480,▼15,-0.60%,N/A,2434,162732
2019-01-09,2465,2500,2440,2495,▲55,2.25%,N/A,2437,200681
2019-01-08,2440,2460,2430,2440,▲5,0.21%,N/A,2441,97274
2019-01-07,2380,2445,2380,2435,▲60,2.53%,N/A,2455,159372
2019-01-04,2335,2375,2285,2375,▲30,1.28%,N/A,2466,192389
2019-01-03,2400,2420,2345,2345,▼55,-2.29%,N/A,2480,206717
2019-01-02,2480,2515,2400,2400,▼65,-2.64%,N/A,2501,238135
2018-12-28,2460,2480,2455,2465,▲20,0.82%,N/A,N/A,62312
2018-12-27,2485,2490,2435,2445,▼10,-0.41%,N/A,N/A,158527
2018-12-26,2485,2485,2415,2455,▼60,-2.39%,N/A,N/A,249575
2018-12-24,2560,2560,2510,2515,▼20,-0.79%,N/A,N/A,133433
2018-12-21,2560,2570,2525,2535,▼40,-1.55%,N/A,N/A,158297
2018-12-20,2545,2625,2520,2575,▲30,1.18%,N/A,N/A,181140
2018-12-19,2515,2555,2510,2545,▲30,1.19%,N/A,N/A,101643
2018-12-18,2510,2545,2510,2515,▼45,-1.76%,N/A,N/A,119401
2018-12-17,2530,2570,2500,2560,0,0.00%,N/A,N/A,102902
