[일시]금양,시가,고가,저가,종가,대비,대비율,<가격이동평균>120,10,[거래량]
2020/12/24,6400,6560,6060,6090,▼350,－5.43%,4986,6440,1258109
2020/12/23,6390,6720,6190,6440,0.0,0.00%,4967,6375,1893614
2020/12/22,6790,6860,6240,6440,▼480,－6.94%,4945,6261,1816811
2020/12/21,7130,7200,6780,6920,▼280,－3.89%,4923,6150,2107511
2020/12/18,7390,7480,7200,7200,▼350,－4.64%,4895,5992,3257569
2020/12/17,7470,7800,7130,7550,▲80,＋1.07%,4866,5804,11019337
2020/12/16,6540,7470,6400,7470,▲1720,＋29.91%,4836,5590,16332990
2020/12/15,5170,5750,5050,5750,▲580,＋11.22%,4810,5381,1943106
2020/12/14,5330,5330,5130,5170,▼200,－3.72%,4795,5338,277553
2020/12/11,5430,5430,5320,5370,▼70,－1.29%,4785,5337,235501
2020/12/10,5290,5450,5240,5440,▲140,＋2.64%,4772,5331,412005
2020/12/09,5350,5400,5250,5300,▼30,－0.56%,4757,5319,245546
2020/12/08,5380,5470,5280,5330,▼10,－0.19%,4743,5321,143729
2020/12/07,5280,5490,5270,5340,▲20,＋0.38%,4722,5336,301923
2020/12/04,5410,5480,5260,5320,▼90,－1.66%,4699,5331,296656
2020/12/03,5350,5810,5330,5410,▲30,＋0.56%,4677,5322,1138702
2020/12/02,5370,5380,5250,5380,▲60,＋1.13%,4658,5303,172313
2020/12/01,5130,5390,5090,5320,▲160,＋3.10%,4639,5294,260421
2020/11/30,5370,5370,5140,5160,▼150,－2.82%,4620,5300,214863
2020/11/27,5320,5350,5240,5310,▼10,－0.19%,4603,5296,75501
2020/11/26,5330,5350,5230,5320,0.0,0.00%,4586,5284,94618
2020/11/25,5480,5490,5210,5320,▼160,－2.92%,4569,5279,250487
2020/11/24,5290,5500,5230,5480,▲190,＋3.59%,4552,5266,417772
2020/11/23,5240,5310,5160,5290,▲60,＋1.15%,4533,5245,185289
2020/11/20,5230,5310,5190,5230,▲10,＋0.19%,4514,5247,115064
2020/11/19,5220,5300,5180,5220,▼70,－1.32%,4496,5239,103898
2020/11/18,5400,5420,5160,5290,▼90,－1.67%,4478,5231,232879
2020/11/17,5070,5400,5070,5380,▲260,＋5.08%,4460,5201,477126
2020/11/16,5170,5210,5030,5120,▼70,－1.35%,4439,5160,222117
2020/11/13,5190,5250,5140,5190,▼80,－1.52%,4418,5128,108091
2020/11/12,5260,5350,5190,5270,▲80,＋1.54%,4396,5085,191304
2020/11/11,5280,5330,5110,5190,▼80,－1.52%,4374,5039,138357
2020/11/10,5320,5380,5170,5270,▼40,－0.75%,4352,5000,204821
2020/11/09,5150,5410,5140,5310,▲160,＋3.11%,4329,4953,397911
2020/11/06,5180,5180,5080,5150,▲10,＋0.19%,4307,4901,106700
2020/11/05,5070,5140,4980,5140,▲155,＋3.11%,4285,4896,225613
2020/11/04,5050,5070,4920,4985,▲10,＋0.20%,4264,4891,154274
2020/11/03,4805,4975,4805,4975,▲180,＋3.75%,4244,4898,200758
2020/11/02,4760,4845,4730,4795,▲35,＋0.74%,4224,4901,83769
2020/10/30,4810,5060,4700,4760,▼50,－1.04%,4206,4923,284096
2020/10/29,4650,4810,4575,4810,▲10,＋0.21%,4187,4950,253539
2020/10/28,4780,4885,4725,4800,0.0,0.00%,4169,4985,118240
2020/10/27,4730,4940,4520,4800,▲10,＋0.21%,4150,5033,229312
2020/10/26,5170,5170,4770,4790,▼310,－6.08%,4129,5092,247857
2020/10/23,5160,5190,5080,5100,▲10,＋0.20%,4108,5148,124019
2020/10/22,5090,5280,5030,5090,▲30,＋0.59%,4085,5177,227616
2020/10/21,5000,5080,4920,5060,▲60,＋1.20%,4062,5189,109585
2020/10/20,4920,5070,4705,5000,▼20,－0.40%,4038,5193,166579
2020/10/19,5000,5160,4985,5020,▼10,－0.20%,4016,5217,104208
2020/10/16,5200,5200,4930,5030,▼130,－2.52%,3993,5221,211821
2020/10/15,5250,5290,5020,5160,▼120,－2.27%,3969,5197,277997
2020/10/14,5380,5750,5240,5280,▼110,－2.04%,3945,5156,619440
2020/10/13,5370,5430,5180,5390,▲40,＋0.75%,3919,5098,324948
2020/10/12,5430,5480,5300,5350,▼40,－0.74%,3892,5053,277002
2020/10/08,5190,5470,5170,5390,▲180,＋3.45%,3866,5021,1181014
2020/10/07,5050,5290,5030,5210,▲110,＋2.16%,3838,4974,319491
2020/10/06,5210,5240,5000,5100,▼140,－2.67%,3812,4969,365879
2020/10/05,5000,5240,4925,5240,▲180,＋3.56%,3788,4974,489421
2020/09/29,5030,5500,4885,5060,▲275,＋5.75%,3762,4980,1079340
2020/09/28,4755,4840,4680,4785,▲30,＋0.63%,3738,5035,147657
2020/09/25,4740,4825,4540,4755,▲55,＋1.17%,3716,5106,212061
2020/09/24,4750,4925,4590,4700,▼240,－4.86%,3694,5187,390938
2020/09/23,5030,5160,4750,4940,▼90,－1.79%,3673,5255,309901
2020/09/22,4765,5180,4725,5030,▲110,＋2.24%,3649,5295,550260
2020/09/21,5220,5220,4820,4920,▼240,－4.65%,3624,5344,462332
2020/09/18,5090,5240,5000,5160,▲10,＋0.19%,3600,5421,290045
2020/09/17,5350,5370,5140,5150,▼150,－2.83%,3572,5501,301092
2020/09/16,5610,5630,5290,5300,▼310,－5.53%,3546,5556,585334
2020/09/15,5560,5900,5450,5610,▲120,＋2.19%,3517,5491,1122627
2020/09/14,5590,5710,5410,5490,▼80,－1.44%,3486,5390,409663
2020/09/11,5370,5600,5240,5570,▲190,＋3.53%,3455,5271,439331
2020/09/10,5350,5580,5280,5380,▲40,＋0.75%,3424,5127,494271
2020/09/09,5380,5530,5300,5340,▼180,－3.26%,3394,4995,394983
2020/09/08,5760,5820,5360,5520,▼170,－2.99%,3367,4887,955055
2020/09/07,5950,6070,5690,5690,▼270,－4.53%,3340,4753,1549484
2020/09/04,5520,6070,5270,5960,▲260,＋4.56%,3311,4585,2504913
2020/09/03,4710,5950,4530,5700,▲1055,＋22.71%,3281,4388,6125254
2020/09/02,4900,4980,4505,4645,▲45,＋0.98%,3255,4204,956224
2020/09/01,4305,4625,4305,4600,▲300,＋6.98%,3239,4151,579795
2020/08/31,4180,4315,4110,4300,▲165,＋3.99%,3224,4086,217317
2020/08/28,4050,4285,4050,4135,▲75,＋1.85%,3211,4091,178765
2020/08/27,4250,4250,3945,4060,▼200,－4.69%,3200,4117,196165
2020/08/26,4160,4300,4065,4260,▲80,＋1.91%,3189,4139,214433
2020/08/25,4055,4180,4010,4180,▲170,＋4.24%,3177,4172,143048
2020/08/24,4025,4045,3905,4010,▲25,＋0.63%,3164,4257,113488
2020/08/21,3905,4070,3850,3985,▲125,＋3.24%,3153,4336,206622
2020/08/20,4130,4130,3780,3860,▼260,－6.31%,3141,4400,305646
2020/08/19,4000,4150,4000,4120,▲175,＋4.44%,3130,4469,202640
2020/08/18,4330,4345,3710,3945,▼405,－9.31%,3117,4513,521333
2020/08/14,4390,4440,4155,4350,▼50,－1.14%,3106,4579,470198
2020/08/13,4300,4460,4250,4400,▲120,＋2.80%,3091,4583,507602
2020/08/12,4635,4665,4175,4280,▼305,－6.65%,3076,4571,1138091
2020/08/11,4980,5050,4485,4585,▼445,－8.85%,3063,4562,942343
2020/08/10,4740,5030,4715,5030,▲230,＋4.79%,3047,4509,993085
2020/08/07,4635,4830,4520,4800,▲170,＋3.67%,3027,4421,427522
2020/08/06,4550,4840,4475,4630,▲80,＋1.76%,3010,4374,856243
2020/08/05,4560,4610,4440,4550,▼10,－0.22%,2993,4333,480605
2020/08/04,4595,4625,4465,4560,▼40,－0.87%,2978,4309,485529
2020/08/03,4430,4630,4360,4600,▲210,＋4.78%,2964,4275,1113758
2020/07/31,4295,4495,4290,4390,▲105,＋2.45%,2949,4221,824062
2020/07/30,4190,4470,4190,4285,▲100,＋2.39%,2935,4213,707297
2020/07/29,4060,4270,4005,4185,▲125,＋3.08%,2923,4221,455723
2020/07/28,4160,4215,4000,4060,▼90,－2.17%,2909,4235,377115
2020/07/27,4340,4370,4110,4150,▼180,－4.16%,2897,4271,491570
2020/07/24,4220,4605,4160,4330,▲110,＋2.61%,2884,4298,1004527
2020/07/23,4200,4330,4155,4220,▼85,－1.97%,2869,4321,2362259
2020/07/22,4200,4330,4155,4305,▲80,＋1.89%,2854,4375,282131
2020/07/21,4060,4280,3985,4225,▲165,＋4.06%,2839,4358,560895
2020/07/20,4305,4320,3990,4060,▼245,－5.69%,2824,4346,643994
2020/07/17,4325,4380,4245,4305,▼60,－1.37%,2811,4328,303736
2020/07/16,4300,4365,4140,4365,▲40,＋0.92%,2795,4286,558006
2020/07/15,4430,4465,4245,4325,▼95,－2.15%,2779,4234,417068
2020/07/14,4420,4690,4245,4420,0.0,0.00%,2763,4181,1087782
2020/07/13,4560,4560,4375,4420,▼140,－3.07%,2746,4114,826493
2020/07/10,4880,5170,4415,4560,▼200,－4.20%,2731,4025,2869907
2020/07/09,4160,5100,4110,4760,▲620,＋14.98%,2714,3939,6437947
2020/07/08,4090,4160,3995,4140,▲40,＋0.98%,2696,3859,365376
2020/07/07,3920,4190,3880,4100,▲220,＋5.67%,2683,3882,1376915
2020/07/06,3885,3970,3860,3880,▼5,－0.13%,2670,3867,225337
2020/07/03,3845,4045,3805,3885,▲40,＋1.04%,2659,3881,1055798
2020/07/02,3800,3890,3705,3845,▲45,＋1.18%,2647,3876,665211
2020/07/01,3725,3895,3620,3800,▲50,＋1.33%,2635,3852,1393061
2020/06/30,3535,3815,3535,3750,▲225,＋6.38%,2624,3835,1629015
2020/06/29,3595,3660,3515,3525,▼180,－4.86%,2614,3739,723916
2020/06/26,3950,3950,3455,3705,▼250,－6.32%,2606,3644,2693716
2020/06/25,4320,4425,3955,3955,▼420,－9.60%,2594,3545,2278177
2020/06/24,3970,4740,3970,4375,▲425,＋10.76%,2581,3458,7151604
2020/06/23,3975,4090,3755,3950,▼65,－1.62%,2564,3330,1156313
2020/06/22,3800,4100,3780,4015,▲175,＋4.56%,2550,3239,1909936
2020/06/19,3610,4135,3575,3840,▲235,＋6.52%,2536,3155,5960232
2020/06/18,3650,3895,3430,3605,▼20,－0.55%,2523,3100,7498806
2020/06/17,2860,3625,2830,3625,▲835,＋29.93%,2514,3064,6278930
2020/06/16,2625,2850,2625,2790,▲210,＋8.14%,2505,3026,431741
2020/06/15,2760,2795,2580,2580,▼130,－4.80%,2503,3070,536583
2020/06/12,2900,2960,2625,2710,▼380,－12.30%,2503,3113,1552268
2020/06/11,3075,3155,2965,3090,▼5,－0.16%,2502,3144,241249
2020/06/10,3040,3130,3040,3095,▲55,＋1.81%,2497,3145,87932
2020/06/09,3190,3190,3010,3040,▼130,－4.10%,2492,3143,262434
2020/06/08,3290,3325,3095,3170,▼120,－3.65%,2487,3129,378909
2020/06/05,3250,3290,3185,3290,▲40,＋1.23%,2480,3072,298594
2020/06/04,3245,3305,3160,3250,▲5,＋0.15%,2472,3001,274668
2020/06/03,3230,3260,3160,3245,▲20,＋0.62%,2465,2937,275487
2020/06/02,3035,3335,3000,3225,▲210,＋6.97%,2457,2870,1267443
2020/06/01,3020,3060,2960,3015,▼5,－0.17%,2449,2800,262067
2020/05/29,3120,3150,2810,3020,▼75,－2.42%,2443,2756,417133
2020/05/28,3100,3240,3015,3095,▲20,＋0.65%,2436,2714,750932
2020/05/27,2840,3180,2820,3075,▲175,＋6.03%,2430,2661,2177256
2020/05/26,2600,3025,2580,2900,▲300,＋11.54%,2423,2614,4032229
2020/05/25,2575,2610,2540,2600,▲20,＋0.78%,2417,2581,184863
2020/05/22,2625,2625,2530,2580,▼30,－1.15%,2415,2579,201580
2020/05/21,2590,2655,2540,2610,▲30,＋1.16%,2412,2578,389594
2020/05/20,2560,2590,2500,2580,▲55,＋2.18%,2408,2574,168885
2020/05/19,2590,2625,2520,2525,▼45,－1.75%,2406,2567,140375
2020/05/18,2540,2580,2400,2570,▼30,－1.15%,2403,2546,230009
2020/05/15,2540,2630,2520,2600,▲35,＋1.36%,2401,2520,334673
2020/05/14,2560,2640,2540,2565,▼45,－1.72%,2399,2490,189482
2020/05/13,2530,2645,2515,2610,▲45,＋1.75%,2397,2466,312130
2020/05/12,2600,2605,2525,2565,▼15,－0.58%,2396,2430,158387
2020/05/11,2550,2580,2480,2580,▲10,＋0.39%,2394,2401,231249
2020/05/08,2490,2575,2470,2570,▼5,－0.19%,2393,2368,411040
2020/05/07,2590,2600,2515,2575,▲65,＋2.59%,2392,2333,1157880
2020/05/06,2345,2520,2330,2510,▲200,＋8.66%,2391,2299,484830
2020/05/04,2295,2375,2270,2310,▼5,－0.22%,2390,2267,129324
2020/04/29,2315,2330,2255,2315,▲15,＋0.65%,2391,2251,94874
2020/04/28,2320,2350,2240,2300,▼20,－0.86%,2391,2236,123416
2020/04/27,2290,2350,2260,2320,▲70,＋3.11%,2392,2215,199405
2020/04/24,2270,2295,2200,2250,▼30,－1.32%,2392,2197,67633
2020/04/23,2240,2290,2225,2280,▲30,＋1.33%,2392,2186,148668
2020/04/22,2190,2255,2155,2250,▲30,＋1.35%,2392,2171,90599
2020/04/21,2215,2265,2130,2220,▼15,－0.67%,2392,2161,153038
2020/04/20,2195,2300,2175,2235,▲45,＋2.05%,2394,2159,218350
2020/04/17,2180,2240,2140,2190,▲40,＋1.86%,2395,2150,231572
2020/04/16,2075,2150,2010,2150,▼15,－0.69%,2398,2147,351129
2020/04/14,2120,2205,2090,2165,▲80,＋3.84%,2400,2140,309702
2020/04/13,2140,2150,2065,2085,▼55,－2.57%,2403,2127,111227
2020/04/10,2130,2160,1990,2140,0.0,0.00%,2406,2114,125832
2020/04/09,2160,2160,2115,2140,▲10,＋0.47%,2409,2090,166931
2020/04/08,2120,2170,2115,2130,▼25,－1.16%,2409,2069,73472
2020/04/07,2230,2240,2120,2155,▼40,－1.82%,2408,2046,187053
2020/04/06,2120,2210,2120,2195,▲45,＋2.09%,2408,2014,233935
2020/04/03,2160,2200,2100,2150,▼10,－0.46%,2407,1970,97586
2020/04/02,2070,2160,2000,2160,▲80,＋3.85%,2407,1949,167921
2020/04/01,2030,2125,1995,2080,▲50,＋2.46%,2407,1911,210028
2020/03/31,2000,2085,1980,2030,▲70,＋3.57%,2407,1913,297385
2020/03/30,1800,1965,1780,1960,▲60,＋3.16%,2408,1932,130685
2020/03/27,1950,2005,1800,1900,▼25,－1.30%,2410,1962,208251
2020/03/26,1950,2000,1850,1925,▲25,＋1.32%,2412,2007,250802
2020/03/25,1875,1935,1845,1900,▲65,＋3.54%,2414,2072,303578
2020/03/24,1770,1875,1755,1835,▲80,＋4.56%,2416,2154,261508
2020/03/23,1715,1795,1590,1755,▼190,－9.77%,2419,2248,380405
2020/03/20,1810,1950,1680,1945,▲170,＋9.58%,2423,2341,592714
2020/03/19,2100,2145,1520,1775,▼325,－15.48%,2425,2429,1101251
2020/03/18,2190,2235,2080,2100,▼120,－5.41%,2428,2531,247646
2020/03/17,2050,2275,2030,2220,▼45,－1.99%,2429,2597,314021
2020/03/16,2360,2385,2175,2265,▼85,－3.62%,2429,2644,552258
2020/03/13,2400,2475,1945,2350,▼225,－8.74%,2429,2684,930008
2020/03/12,2650,2700,2500,2575,▼145,－5.33%,2428,2700,375564
2020/03/11,2775,2860,2655,2720,▼55,－1.98%,2425,2699,331691
2020/03/10,2655,2780,2605,2775,▲90,＋3.35%,2420,2687,430719
2020/03/09,2800,2845,2580,2685,▼140,－4.96%,2415,2672,730750
2020/03/06,2790,2940,2750,2825,▲30,＋1.07%,2411,2658,915946
2020/03/05,2760,2845,2690,2795,▲35,＋1.27%,2405,2637,514379
2020/03/04,2680,2770,2680,2760,▲75,＋2.79%,2400,2632,264220
2020/03/03,2690,2730,2650,2685,▲15,＋0.56%,2395,2619,346456
2020/03/02,2515,2670,2400,2670,▲165,＋6.59%,2390,2616,398624
2020/02/28,2475,2525,2400,2505,▼60,－2.34%,2386,2615,205665
2020/02/27,2585,2640,2470,2565,▼35,－1.35%,2383,2633,176186
2020/02/26,2545,2695,2545,2600,▼30,－1.14%,2380,2649,178694
2020/02/25,2520,2665,2520,2630,▲90,＋3.54%,2376,2671,114457
2020/02/24,2570,2620,2500,2540,▼75,－2.87%,2372,2687,361417
2020/02/21,2720,2750,2615,2615,▼130,－4.74%,2369,2713,300205
2020/02/20,2665,2765,2635,2745,▲110,＋4.17%,2366,2730,285015
2020/02/19,2675,2695,2600,2635,▼15,－0.57%,2361,2714,93267
2020/02/18,2665,2670,2625,2650,▼15,－0.56%,2357,2709,63009
2020/02/17,2655,2685,2625,2665,▼15,－0.56%,2353,2701,102908
2020/02/14,2720,2770,2600,2680,▼45,－1.65%,2350,2682,322145
2020/02/13,2820,2840,2695,2725,▼95,－3.37%,2346,2659,428117
2020/02/12,2790,2865,2700,2820,▲30,＋1.08%,2342,2639,466424
2020/02/11,2825,2850,2760,2790,▼15,－0.53%,2337,2605,509533
2020/02/10,2780,2835,2700,2805,▲25,＋0.90%,2332,2566,823102
2020/02/07,2590,2790,2575,2780,▲195,＋7.54%,2327,2527,794202
2020/02/06,2630,2645,2555,2585,▼5,－0.19%,2322,2491,229966
2020/02/05,2595,2650,2550,2590,▲25,＋0.97%,2318,2476,285567
2020/02/04,2470,2625,2470,2565,▲85,＋3.43%,2314,2461,309370
2020/02/03,2340,2495,2300,2480,▲35,＋1.43%,2311,2456,115045
2020/01/31,2500,2565,2430,2445,▼85,－3.36%,2309,2466,144753
2020/01/30,2480,2555,2470,2530,▲55,＋2.22%,2307,2482,212431
2020/01/29,2395,2525,2395,2475,▲75,＋3.13%,2304,2487,135019
2020/01/28,2335,2400,2305,2400,▼20,－0.83%,2302,2492,134757
2020/01/23,2440,2440,2355,2420,0.0,0.00%,2299,2506,77577
2020/01/22,2435,2465,2400,2420,▼15,－0.62%,2295,2510,52187
2020/01/21,2440,2470,2395,2435,▼5,－0.20%,2293,2508,64366
2020/01/20,2510,2520,2390,2440,▼70,－2.79%,2291,2515,150327
2020/01/17,2595,2595,2490,2510,▼75,－2.90%,2289,2525,222892
2020/01/16,2590,2645,2580,2585,▼15,－0.58%,2287,2525,143268
2020/01/15,2610,2620,2550,2600,▲20,＋0.78%,2284,2501,233783
2020/01/14,2500,2610,2500,2580,▲50,＋1.98%,2281,2481,396547
2020/01/13,2500,2540,2480,2530,▼5,－0.20%,2278,2451,260262
2020/01/10,2455,2535,2435,2535,▲75,＋3.05%,2275,2427,311434
2020/01/09,2465,2540,2420,2460,▲55,＋2.29%,2273,2405,473049
2020/01/08,2480,2675,2360,2405,▼95,－3.80%,2271,2393,2265085
2020/01/07,2575,2580,2495,2500,▼40,－1.57%,2270,2400,284282
2020/01/06,2500,2565,2450,2540,▲30,＋1.20%,2268,2404,604652
2020/01/03,2350,2610,2340,2510,▲160,＋6.81%,2265,2407,2435293
2020/01/02,2380,2435,2340,2350,▼50,－2.08%,2263,2413,416640
2019/12/30,2225,2900,2070,2400,▲120,＋5.26%,2262,2436,2604758
2019/12/27,2330,2330,2220,2280,▼10,－0.44%,2261,2450,145580
2019/12/26,2315,2360,2285,2290,▼25,－1.08%,2261,2470,130703
2019/12/24,2340,2395,2310,2315,▼25,－1.07%,2261,2486,46678
2019/12/23,2470,2475,2265,2340,▼130,－5.26%,2261,2488,169758
2019/12/20,2500,2540,2405,2470,▼70,－2.76%,2261,2487,122645
2019/12/19,2575,2605,2530,2540,▼35,－1.36%,2259,2472,59639
2019/12/18,2565,2630,2555,2575,▲10,＋0.39%,2257,2449,62719
2019/12/17,2555,2600,2530,2565,▼15,－0.58%,2255,2419,171617
2019/12/16,2515,2610,2515,2580,▲40,＋1.57%,2253,2391,160030
2019/12/13,2485,2585,2440,2540,▲55,＋2.21%,2251,2360,259124
2019/12/12,2465,2485,2415,2485,▲40,＋1.64%,2249,2334,159105
2019/12/11,2325,2480,2305,2445,▲110,＋4.71%,2248,2309,309648
2019/12/10,2320,2360,2315,2335,▲5,＋0.21%,2247,2292,64145
2019/12/09,2350,2350,2310,2330,▲5,＋0.22%,2247,2285,82230
2019/12/06,2295,2350,2295,2325,▲20,＋0.87%,2247,2275,118334
2019/12/05,2250,2320,2250,2305,▲25,＋1.10%,2247,2264,66145
2019/12/04,2280,2295,2250,2280,0.0,0.00%,2247,2259,28808
2019/12/03,2230,2295,2230,2280,▲5,＋0.22%,2247,2256,63010
2019/12/02,2280,2300,2230,2275,▼5,－0.22%,2247,2257,79464
2019/11/29,2215,2280,2195,2280,▲50,＋2.24%,2247,2262,65275
2019/11/28,2270,2280,2215,2230,▼50,－2.19%,2247,2271,51177
2019/11/27,2270,2290,2255,2280,▲20,＋0.88%,2247,2289,41136
2019/11/26,2230,2275,2225,2260,▲30,＋1.35%,2246,2298,39879
2019/11/25,2220,2250,2215,2230,▲10,＋0.45%,2246,2315,39193
2019/11/22,2240,2285,2205,2220,▼30,－1.33%,2246,2340,80277
2019/11/21,2250,2410,2235,2250,0.0,0.00%,2246,2361,208660
2019/11/20,2300,2355,2250,2250,▼45,－1.96%,2245,2384,79569
2019/11/19,2325,2330,2285,2295,▼25,－1.08%,2245,2393,82621
2019/11/18,2370,2370,2290,2320,▼55,－2.32%,2244,2399,92953
2019/11/15,2385,2415,2340,2375,▼30,－1.25%,2243,2403,163633
2019/11/14,2375,2405,2350,2405,▲30,＋1.26%,2242,2401,181863
2019/11/13,2425,2445,2325,2375,▼55,－2.26%,2241,2391,329212
2019/11/12,2465,2480,2400,2430,▼45,－1.82%,2240,2379,231985
2019/11/11,2430,2480,2370,2475,▲45,＋1.85%,2239,2365,363625
2019/11/08,2475,2620,2390,2430,▼50,－2.02%,2237,2354,1914734
2019/11/07,2340,2485,2330,2480,▲135,＋5.76%,2236,2356,612335
2019/11/06,2365,2370,2315,2345,▼10,－0.42%,2234,2359,121227
2019/11/05,2375,2375,2320,2355,0.0,0.00%,2234,2365,140856
2019/11/04,2345,2395,2305,2355,▼5,－0.21%,2234,2374,240006
2019/11/01,2335,2405,2310,2360,▲60,＋2.61%,2234,2390,512587
2019/10/31,2265,2325,2250,2300,▲45,＋2.00%,2234,2400,429977
2019/10/30,2265,2335,2250,2255,▼40,－1.74%,2235,2382,273230
2019/10/29,2320,2350,2250,2295,▼65,－2.75%,2237,2368,588165
2019/10/28,2395,2400,2305,2360,▼90,－3.67%,2238,2348,645066
2019/10/25,2530,2540,2350,2450,▼60,－2.39%,2239,2325,1105801
2019/10/24,2685,2780,2470,2510,▲105,＋4.37%,2238,2290,5856505
2019/10/23,2395,2590,2300,2405,▼45,－1.84%,2238,2253,2531990
2019/10/22,2480,2520,2370,2450,▼60,－2.39%,2238,2224,842119
2019/10/21,2425,2700,2400,2510,▲50,＋2.03%,2238,2191,4626189
2019/10/18,2125,2715,2090,2460,▲335,＋15.76%,2238,2156,7098351
2019/10/17,2135,2140,2100,2125,▲15,＋0.71%,2238,2124,20274
2019/10/16,2100,2140,2075,2110,▲10,＋0.48%,2241,2130,49096
2019/10/15,2130,2130,2090,2100,▼25,－1.18%,2243,2137,20669
2019/10/14,2140,2140,2100,2125,▲25,＋1.19%,2246,2146,5634
2019/10/11,2160,2160,2100,2100,▼40,－1.87%,2249,2160,10728
2019/10/10,2110,2145,2110,2140,▲20,＋0.94%,2251,2166,2421
2019/10/08,2115,2135,2100,2120,▲5,＋0.24%,2253,2170,10777
2019/10/07,2170,2175,2100,2115,▼50,－2.31%,2256,2174,16516
2019/10/04,2160,2165,2130,2165,▲25,＋1.17%,2258,2185,6326
2019/10/02,2155,2180,2130,2140,▼40,－1.83%,2259,2192,29343
2019/10/01,2180,2190,2150,2180,▼5,－0.23%,2261,2201,15467
2019/09/30,2190,2215,2140,2185,▼5,－0.23%,2263,2204,39726
2019/09/27,2285,2285,2175,2190,▼70,－3.10%,2264,2206,25622
2019/09/26,2185,2285,2160,2260,▲95,＋4.39%,2265,2204,61826
2019/09/25,2190,2190,2160,2165,▼15,－0.69%,2265,2193,22774
2019/09/24,2130,2210,2130,2180,▲25,＋1.16%,2266,2191,29145
2019/09/23,2210,2245,2155,2155,▼75,－3.36%,2267,2186,55587
2019/09/20,2190,2235,2190,2230,0.0,0.00%,2268,2186,12959
2019/09/19,2230,2235,2190,2230,▼5,－0.22%,2269,2179,16342
2019/09/18,2195,2235,2185,2235,▲25,＋1.13%,2270,2172,14925
2019/09/17,2200,2215,2195,2210,▲5,＋0.23%,2271,2164,10332
2019/09/16,2175,2205,2165,2205,▲40,＋1.85%,2272,2161,10144
2019/09/11,2150,2185,2140,2165,▲15,＋0.70%,2273,2155,11775
2019/09/10,2155,2155,2115,2150,▲5,＋0.23%,2275,2157,5617
2019/09/09,2165,2165,2115,2145,▲10,＋0.47%,2277,2160,18728
2019/09/06,2185,2185,2135,2135,▼15,－0.70%,2278,2163,14246
2019/09/05,2155,2190,2145,2150,▼15,－0.69%,2280,2166,33153
2019/09/04,2180,2180,2155,2165,▲5,＋0.23%,2281,2170,12667
2019/09/03,2155,2180,2155,2160,▲5,＋0.23%,2281,2173,8453
2019/09/02,2170,2195,2130,2155,▼20,－0.92%,2282,2179,14577
2019/08/30,2155,2180,2150,2175,▲25,＋1.16%,2283,2187,12852
2019/08/29,2170,2180,2150,2150,▼30,－1.38%,2284,2191,22691
2019/08/28,2175,2190,2140,2180,▼5,－0.23%,2285,2196,43646
2019/08/27,2200,2200,2150,2185,▲15,＋0.69%,2286,2198,13141
2019/08/26,2170,2170,2115,2170,0.0,0.00%,2287,2198,30780
2019/08/23,2200,2205,2145,2170,▼20,－0.91%,2288,2199,17549
2019/08/22,2225,2235,2180,2190,0.0,0.00%,2289,2199,14215
2019/08/21,2210,2245,2165,2190,▼30,－1.35%,2289,2194,66480
2019/08/20,2245,2250,2220,2220,▼20,－0.89%,2291,2193,7181
2019/08/19,2225,2240,2170,2240,▲25,＋1.13%,2291,2193,30374
2019/08/16,2205,2220,2130,2215,▲20,＋0.91%,2292,2188,22868
2019/08/14,2175,2210,2175,2195,▼5,－0.23%,2292,2187,22885
2019/08/13,2195,2205,2160,2200,▲10,＋0.46%,2293,2188,30348
2019/08/12,2195,2195,2165,2190,▲10,＋0.46%,2294,2170,15915
2019/08/09,2130,2195,2130,2180,▲15,＋0.69%,2294,2150,13696
2019/08/08,2140,2180,2090,2165,▲20,＋0.93%,2296,2151,70030
2019/08/07,2170,2170,2075,2145,▼35,－1.61%,2297,2150,81271
2019/08/06,2190,2190,2060,2180,▼35,－1.58%,2298,2158,46895
2019/08/05,2200,2215,2075,2215,▲20,＋0.91%,2300,2163,38408
2019/08/02,2215,2215,2110,2195,▼10,－0.45%,2301,2165,22167
2019/08/01,2145,2215,2135,2205,▲5,＋0.23%,2302,2167,26557
2019/07/31,1990,2205,1990,2200,▲175,＋8.64%,2302,2168,134525
2019/07/30,1915,2065,1915,2025,▲35,＋1.76%,2303,2172,114980
2019/07/29,2190,2190,1990,1990,▼200,－9.13%,2305,2197,116950
2019/07/26,2155,2195,2110,2190,▲35,＋1.62%,2308,2225,42848
2019/07/25,2180,2220,2150,2155,▼70,－3.15%,2309,2232,37232
2019/07/24,2230,2255,2185,2225,▼5,－0.22%,2311,2240,28484
2019/07/23,2235,2250,2210,2230,▼5,－0.22%,2312,2236,11189
2019/07/22,2215,2240,2190,2235,▲25,＋1.13%,2313,2236,14115
2019/07/19,2210,2235,2190,2210,▼10,－0.45%,2315,2237,15002
2019/07/18,2255,2255,2210,2220,▼15,－0.67%,2317,2246,5102
2019/07/17,2280,2290,2220,2235,▼45,－1.97%,2319,2251,20729
2019/07/16,2285,2290,2245,2280,▲10,＋0.44%,2321,2257,30926
2019/07/15,2265,2280,2240,2270,▲10,＋0.44%,2322,2257,24995
2019/07/12,2235,2290,2215,2260,▲30,＋1.35%,2324,2264,36667
2019/07/11,2200,2230,2160,2230,▲40,＋1.83%,2326,2267,21207
2019/07/10,2225,2230,2180,2190,▼40,－1.79%,2328,2276,19197
2019/07/09,2245,2260,2150,2230,▼15,－0.67%,2330,2289,57898
2019/07/08,2310,2310,2245,2245,▼55,－2.39%,2333,2296,25264
2019/07/05,2290,2300,2240,2300,▲35,＋1.55%,2334,2302,25651
2019/07/04,2320,2320,2250,2265,▼30,－1.31%,2336,2305,30701
2019/07/03,2275,2320,2275,2295,▲10,＋0.44%,2337,2312,17770
2019/07/02,2355,2355,2285,2285,▼50,－2.14%,2338,2315,28506
2019/07/01,2295,2355,2275,2335,▲40,＋1.74%,2339,2319,30844
2019/06/28,2315,2315,2245,2295,▼20,－0.86%,2338,2320,31816
2019/06/27,2320,2320,2280,2315,▼5,－0.22%,2337,2322,7242
2019/06/26,2320,2325,2235,2320,▲20,＋0.87%,2337,2320,61944
2019/06/25,2310,2320,2280,2300,▼10,－0.43%,2338,2317,11771
2019/06/24,2285,2325,2265,2310,▼15,－0.65%,2339,2315,24131
2019/06/21,2330,2340,2300,2325,▼10,－0.43%,2340,2312,20781
2019/06/20,2340,2340,2305,2335,▲5,＋0.21%,2341,2306,12997
2019/06/19,2340,2340,2300,2330,▲10,＋0.43%,2341,2299,13231
2019/06/18,2355,2355,2305,2320,▼25,－1.07%,2340,2289,25806
2019/06/17,2325,2360,2315,2345,▲25,＋1.08%,2340,2280,69355
2019/06/14,2290,2320,2285,2320,▲30,＋1.31%,2342,2267,64295
2019/06/13,2290,2290,2265,2290,0.0,0.00%,N/A,2255,32652
2019/06/12,2290,2295,2265,2290,▲5,＋0.22%,N/A,2243,11264
2019/06/11,2275,2290,2250,2285,▲10,＋0.44%,N/A,2234,17795
2019/06/10,2295,2295,2230,2275,▲10,＋0.44%,N/A,2224,48880
2019/06/07,2270,2280,2245,2265,▼5,－0.22%,N/A,2218,8685
2019/06/05,2230,2285,2225,2270,▲40,＋1.79%,N/A,2217,54023
2019/06/04,2230,2235,2175,2230,0.0,0.00%,N/A,2221,30890
2019/06/03,2215,2230,2160,2230,▲15,＋0.68%,N/A,2226,44577
2019/05/31,2200,2230,2170,2215,▲15,＋0.68%,N/A,2229,18081
2019/05/30,2190,2205,2100,2200,▲30,＋1.38%,N/A,2233,61068
2019/05/29,2175,2210,2140,2170,▼25,－1.14%,N/A,2240,48377
2019/05/28,2150,2235,2150,2195,▲10,＋0.46%,N/A,2254,23301
2019/05/27,2215,2215,2175,2185,▼30,－1.35%,N/A,2264,19062
2019/05/24,2250,2250,2165,2215,▼40,－1.77%,N/A,2277,60761
2019/05/23,2320,2320,2230,2255,▼55,－2.38%,N/A,2292,69989
2019/05/22,2285,2335,2280,2310,▲30,＋1.32%,N/A,2303,48743
2019/05/21,2285,2285,2255,2280,▲20,＋0.88%,N/A,2317,12722
2019/05/20,2295,2295,2255,2260,▲5,＋0.22%,N/A,2336,34356
2019/05/17,2290,2295,2250,2255,▼15,－0.66%,N/A,2355,66599
2019/05/16,2275,2315,2250,2270,▼40,－1.73%,N/A,2372,145412
2019/05/15,2300,2330,2290,2310,▲15,＋0.65%,N/A,2387,44192
2019/05/14,2335,2340,2240,2295,▼25,－1.08%,N/A,2396,131610
2019/05/13,2360,2365,2305,2320,▼45,－1.90%,N/A,2412,16518
2019/05/10,2355,2380,2300,2365,0.0,0.00%,N/A,2427,72950
2019/05/09,2455,2455,2300,2365,▼85,－3.47%,N/A,2437,76330
2019/05/08,2470,2470,2415,2450,▼20,－0.81%,N/A,2446,11465
2019/05/07,2435,2475,2410,2470,▲25,＋1.02%,N/A,2448,29996
2019/05/03,2395,2450,2390,2445,▲20,＋0.82%,N/A,2446,29282
2019/05/02,2415,2425,2375,2425,▲5,＋0.21%,N/A,2444,31260
2019/04/30,2380,2430,2380,2420,▲15,＋0.62%,N/A,2445,38948
2019/04/29,2405,2455,2375,2405,▼50,－2.04%,N/A,2444,58360
2019/04/26,2460,2465,2425,2455,▼10,－0.41%,N/A,2443,12365
2019/04/25,2475,2475,2400,2465,0.0,0.00%,N/A,2436,39224
2019/04/24,2460,2465,2405,2465,▲5,＋0.20%,N/A,2426,40531
2019/04/23,2470,2480,2415,2460,▼5,－0.20%,N/A,2416,20608
2019/04/22,2460,2485,2420,2465,▲15,＋0.61%,N/A,2405,54238
2019/04/19,2435,2455,2385,2450,▲20,＋0.82%,N/A,2394,49772
2019/04/18,2440,2455,2415,2430,0.0,0.00%,N/A,2380,122950
2019/04/17,2415,2480,2400,2430,▲20,＋0.83%,N/A,2369,107836
2019/04/16,2400,2420,2380,2410,▲10,＋0.42%,N/A,2357,74970
2019/04/15,2385,2415,2375,2400,▲15,＋0.63%,N/A,2344,98572
2019/04/12,2365,2385,2320,2385,▲20,＋0.85%,N/A,2334,33841
2019/04/11,2360,2370,2320,2365,▲5,＋0.21%,N/A,2325,51500
2019/04/10,2355,2370,2310,2360,▲5,＋0.21%,N/A,2321,23914
2019/04/09,2375,2375,2325,2355,▲5,＋0.21%,N/A,2318,34241
2019/04/08,2300,2380,2300,2350,▲35,＋1.51%,N/A,2319,74620
2019/04/05,2315,2340,2295,2315,0.0,0.00%,N/A,2319,29095
2019/04/04,2320,2330,2295,2315,▲5,＋0.22%,N/A,2323,25544
2019/04/03,2270,2310,2270,2310,▲30,＋1.32%,N/A,2330,10023
2019/04/02,2295,2320,2270,2280,▼25,－1.08%,N/A,2337,42791
2019/04/01,2290,2320,2275,2305,▲15,＋0.66%,N/A,2339,24930
2019/03/29,2345,2345,2255,2290,▼35,－1.51%,N/A,2337,63231
2019/03/28,2350,2350,2305,2325,▼5,－0.21%,N/A,2336,10723
2019/03/27,2365,2370,2320,2330,▼35,－1.48%,N/A,2329,33718
2019/03/26,2365,2365,2300,2365,▲15,＋0.64%,N/A,2323,30230
2019/03/25,2350,2390,2330,2350,▼5,－0.21%,N/A,2311,59327
2019/03/22,2360,2400,2350,2355,▼35,－1.46%,N/A,2301,66937
2019/03/21,2375,2405,2355,2390,▲15,＋0.63%,N/A,2293,69029
2019/03/20,2310,2375,2295,2375,▲75,＋3.26%,N/A,2282,207736
2019/03/19,2295,2310,2260,2300,▲15,＋0.66%,N/A,2274,134279
2019/03/18,2295,2315,2280,2285,0.0,0.00%,N/A,2274,38127
2019/03/15,2270,2310,2245,2285,▲30,＋1.33%,N/A,2276,49678
2019/03/14,2280,2285,2245,2255,▼10,－0.44%,N/A,2275,15949
2019/03/13,2275,2280,2255,2265,▲20,＋0.89%,N/A,2283,9616
2019/03/12,2250,2275,2240,2245,▼5,－0.22%,N/A,2287,29769
2019/03/11,2260,2290,2210,2250,▼25,－1.10%,N/A,2292,51304
2019/03/08,2245,2280,2245,2275,▼10,－0.44%,N/A,2294,34446
2019/03/07,2295,2310,2250,2285,▼10,－0.44%,N/A,2293,49692
2019/03/06,2280,2320,2275,2295,▼5,－0.22%,N/A,2293,26702
2019/03/05,2320,2320,2275,2300,0.0,0.00%,N/A,2293,16958
2019/03/04,2280,2330,2280,2300,▲20,＋0.88%,N/A,2294,27955
2019/02/28,2360,2360,2270,2280,▼50,－2.15%,N/A,2297,95297
2019/02/27,2335,2370,2305,2330,▲25,＋1.08%,N/A,2302,90391
2019/02/26,2305,2315,2275,2305,▲5,＋0.22%,N/A,2304,22271
2019/02/25,2270,2315,2270,2300,▲35,＋1.55%,N/A,2306,24068
2019/02/22,2250,2275,2250,2265,0.0,0.00%,N/A,2305,19529
2019/02/21,2300,2300,2260,2265,▼25,－1.09%,N/A,2307,41283
2019/02/20,2315,2315,2280,2290,0.0,0.00%,N/A,2311,31757
2019/02/19,2325,2325,2275,2290,▼20,－0.87%,N/A,2310,61051
2019/02/18,2300,2335,2290,2310,▼20,－0.86%,N/A,2311,25891
2019/02/15,2320,2360,2300,2330,▼5,－0.21%,N/A,2314,28242
2019/02/14,2315,2345,2310,2335,▼10,－0.43%,N/A,2316,57116
2019/02/13,2330,2350,2300,2345,▲15,＋0.64%,N/A,2317,58684
2019/02/12,2290,2340,2290,2330,▲45,＋1.97%,N/A,2321,63766
2019/02/11,2290,2300,2250,2285,▼5,－0.22%,N/A,2336,48986
2019/02/08,2300,2310,2275,2290,▼10,－0.43%,N/A,2355,42403
2019/02/07,2300,2315,2270,2300,▲20,＋0.88%,N/A,2370,64872
2019/02/01,2300,2320,2255,2280,▼20,－0.87%,N/A,2385,60550
2019/01/31,2345,2380,2290,2300,▼45,－1.92%,N/A,2402,130456
2019/01/30,2360,2470,2345,2345,▼5,－0.21%,N/A,2418,134040
2019/01/29,2305,2350,2305,2350,▲10,＋0.43%,N/A,2436,45111
2019/01/28,2370,2420,2315,2340,▼50,－2.09%,N/A,2447,92442
2019/01/25,2480,2495,2380,2390,▼90,－3.63%,N/A,2458,123032
2019/01/24,2470,2505,2455,2480,▲5,＋0.20%,N/A,2470,56682
2019/01/23,2450,2475,2435,2475,▲35,＋1.43%,N/A,2468,52588
2019/01/22,2485,2485,2425,2440,▼10,－0.41%,N/A,2468,40254
2019/01/21,2465,2480,2415,2450,▲5,＋0.20%,N/A,2467,57288
2019/01/18,2490,2490,2380,2445,▼15,－0.61%,N/A,2467,58749
2019/01/17,2535,2560,2460,2460,▼70,－2.77%,N/A,2455,70990
2019/01/16,2470,2570,2465,2530,▲70,＋2.85%,N/A,2433,180655
2019/01/15,2420,2550,2420,2460,▲15,＋0.61%,N/A,2402,120937
2019/01/14,2465,2475,2350,2445,▼70,－2.78%,N/A,2389,138058
2019/01/11,2460,2550,2435,2515,▲55,＋2.24%,N/A,2384,147892
2019/01/10,2485,2485,2430,2460,▼10,－0.40%,N/A,2369,36590
2019/01/09,2410,2470,2410,2470,▲40,＋1.65%,N/A,2371,40914
2019/01/08,2455,2480,2400,2430,▼20,－0.82%,N/A,2362,69104
2019/01/07,2325,2470,2325,2450,▲125,＋5.38%,N/A,2354,118452
2019/01/04,2210,2345,2210,2325,▲85,＋3.79%,N/A,2340,31704
2019/01/03,2250,2255,2170,2240,▲20,＋0.90%,N/A,2337,94210
2019/01/02,2350,2350,2220,2220,▼115,－4.93%,N/A,2365,62835
2018/12/28,2395,2395,2335,2335,▼60,－2.51%,N/A,N/A,49783
2018/12/27,2400,2420,2335,2395,▲30,＋1.27%,N/A,N/A,41316
2018/12/26,2385,2500,2360,2365,▼115,－4.64%,N/A,N/A,80669
2018/12/24,2380,2480,2380,2480,▲100,＋4.20%,N/A,N/A,89317
2018/12/21,2305,2405,2305,2380,▲35,＋1.49%,N/A,N/A,41394
2018/12/20,2310,2350,2300,2345,▲35,＋1.52%,N/A,N/A,47941
2018/12/19,2340,2365,2295,2310,▲10,＋0.43%,N/A,N/A,72140
2018/12/18,2500,2500,2290,2300,▼215,－8.55%,N/A,N/A,189958
2018/12/17,2405,2520,2400,2515,0.0,0.00%,N/A,N/A,124603
