[일시]대상,시가,고가,저가,종가,대비,대비율,<가격이동평균>120,10,[거래량]
2020/12/24,26250,26750,26150,26700,▲400,＋1.52%,26163,26125,235605
2020/12/23,26250,26550,25900,26300,▲200,＋0.77%,26160,26000,230823
2020/12/22,26250,27050,26100,26100,0.0,0.00%,26154,25915,643567
2020/12/21,26150,26350,25850,26100,▲200,＋0.77%,26152,25860,194906
2020/12/18,26000,26150,25750,25900,0.0,0.00%,26148,25780,213047
2020/12/17,26300,26400,25850,25900,▼350,－1.33%,26154,25730,202946
2020/12/16,26000,26350,25800,26250,▲350,＋1.35%,26164,25675,224404
2020/12/15,26100,26150,25600,25900,▼150,－0.58%,26180,25595,196120
2020/12/14,26250,26650,26000,26050,0.0,0.00%,26198,25530,376534
2020/12/11,25550,26350,25500,26050,▲600,＋2.36%,26204,25385,381349
2020/12/10,25550,25750,25200,25450,0.0,0.00%,26218,25290,278751
2020/12/09,25650,25700,25300,25450,▼100,－0.39%,26234,25240,199905
2020/12/08,25450,25700,25200,25550,▲250,＋0.99%,26245,25180,217600
2020/12/07,25500,25500,25050,25300,▼100,－0.39%,26255,25155,230004
2020/12/04,25550,25900,25250,25400,▲50,＋0.20%,26255,25185,422023
2020/12/03,25500,25550,25350,25350,▼100,－0.39%,26252,25195,169357
2020/12/02,25300,25450,25100,25450,▲200,＋0.79%,26249,25195,196413
2020/12/01,24750,25250,24750,25250,▲650,＋2.64%,26241,25195,217247
2020/11/30,25100,25200,24600,24600,▼500,－1.99%,26235,25200,188311
2020/11/27,24950,25100,24900,25100,▲150,＋0.60%,26234,25285,99606
2020/11/26,24850,25050,24750,24950,▲100,＋0.40%,26232,25280,155134
2020/11/25,25300,25400,24650,24850,▼450,－1.78%,26230,25315,370353
2020/11/24,25700,25700,25200,25300,▼300,－1.17%,26231,25355,299737
2020/11/23,25650,25700,25500,25600,▲100,＋0.39%,26235,25345,176555
2020/11/20,25250,25500,25200,25500,▲150,＋0.59%,26235,25330,118688
2020/11/19,25550,25550,25250,25350,▼100,－0.39%,26232,25275,130993
2020/11/18,25250,25600,25100,25450,▲150,＋0.59%,26233,25280,133115
2020/11/17,25650,25700,25100,25300,▼150,－0.59%,26234,25275,177899
2020/11/16,25200,25500,25050,25450,▲400,＋1.60%,26235,25190,163861
2020/11/13,25200,25300,25050,25050,▼250,－0.99%,26241,25070,108821
2020/11/12,25300,25500,25200,25300,▲50,＋0.20%,26249,24970,112601
2020/11/11,25200,25450,25050,25250,▲50,＋0.20%,26258,24920,163471
2020/11/10,25700,25700,25200,25200,▼250,－0.98%,26266,24905,124163
2020/11/09,25050,25500,25000,25450,▲500,＋2.00%,26262,24875,103419
2020/11/06,25450,25500,24900,24950,▼450,－1.77%,26264,24825,127037
2020/11/05,25400,25600,25100,25400,0.0,0.00%,26277,24865,141841
2020/11/04,24550,25550,24500,25400,▲950,＋3.89%,26285,24870,209905
2020/11/03,24200,24700,24200,24450,▲200,＋0.82%,26288,24890,99004
2020/11/02,24050,24350,23900,24250,▲200,＋0.83%,26288,24970,82643
2020/10/30,24750,24750,23950,24050,▼750,－3.02%,26283,25065,130775
2020/10/29,24750,24850,24400,24800,▼300,－1.20%,26280,25200,84311
2020/10/28,24750,25100,24600,25100,▲200,＋0.80%,26273,25275,65683
2020/10/27,24650,25100,24400,24900,▼50,－0.20%,26258,25305,114926
2020/10/26,25350,25350,24650,24950,▼400,－1.58%,26229,25410,125055
2020/10/23,25350,25500,25100,25350,▼100,－0.39%,26204,25530,77221
2020/10/22,25600,25600,25100,25450,▼150,－0.59%,26179,25640,128746
2020/10/21,25250,25700,25100,25600,▲350,＋1.39%,26154,25730,120723
2020/10/20,25050,25350,25000,25250,▲50,＋0.20%,26119,25830,105968
2020/10/19,25150,25550,25100,25200,▼200,－0.79%,26075,25930,99016
2020/10/16,25600,25800,25000,25400,▼150,－0.59%,26023,26010,129016
2020/10/15,25400,25550,24950,25550,▲150,＋0.59%,25970,26025,112320
2020/10/14,26150,26150,25250,25400,▼550,－2.12%,25917,25940,174358
2020/10/13,26250,26300,25700,25950,▼200,－0.76%,25867,25870,139097
2020/10/12,26700,26700,26000,26150,▼300,－1.13%,25814,25850,136679
2020/10/08,26350,26750,26100,26450,▲100,＋0.38%,25759,25845,111217
2020/10/07,26400,26450,26150,26350,▼250,－0.94%,25702,25915,89184
2020/10/06,26150,26800,26100,26600,▲350,＋1.33%,25640,25970,132225
2020/10/05,26300,26450,26000,26250,▲250,＋0.96%,25577,25985,95693
2020/09/29,25750,26200,25600,26000,▲450,＋1.76%,25515,26060,129946
2020/09/28,24900,25550,24850,25550,▲850,＋3.44%,25458,26170,81871
2020/09/25,24900,25050,24450,24700,0.0,0.00%,25405,26370,146157
2020/09/24,25400,25450,24550,24700,▼1050,－4.08%,25355,26650,275165
2020/09/23,26300,26450,25500,25750,▼350,－1.34%,25303,26895,201798
2020/09/22,27400,27400,25900,26100,▼1050,－3.87%,25233,26980,269158
2020/09/21,27150,27700,27050,27150,▲250,＋0.93%,25157,27080,260438
2020/09/18,26950,27100,26750,26900,▲150,＋0.56%,25064,27045,101025
2020/09/17,27000,27250,26650,26750,▼250,－0.93%,24969,27080,204381
2020/09/16,27050,27400,26800,27000,▼100,－0.37%,24874,27185,228667
2020/09/15,27550,27600,27000,27100,▼450,－1.63%,24776,27290,240494
2020/09/14,27700,27700,27350,27550,▲50,＋0.18%,24670,27395,165393
2020/09/11,27100,27600,27000,27500,▲350,＋1.29%,24555,27530,177257
2020/09/10,26900,27550,26650,27150,▲550,＋2.07%,24446,27715,276015
2020/09/09,26800,27000,26550,26600,▼500,－1.85%,24330,27860,231206
2020/09/08,27000,27450,26950,27100,▲300,＋1.12%,24230,28015,232306
2020/09/07,27350,27400,26700,26800,▼450,－1.65%,24134,28135,323755
2020/09/04,26950,27400,26950,27250,▼550,－1.98%,24040,28235,270415
2020/09/03,28100,28200,27600,27800,▼250,－0.89%,23945,28190,304172
2020/09/02,28500,28600,27700,28050,▼100,－0.36%,23853,28210,286013
2020/09/01,28800,29000,27850,28150,▼750,－2.60%,23768,28230,412680
2020/08/31,30000,30300,28450,28900,▼450,－1.53%,23686,28220,451362
2020/08/28,28700,29950,28700,29350,▲750,＋2.62%,23600,27955,626544
2020/08/27,27950,28900,27750,28600,▲450,＋1.60%,23519,27685,426052
2020/08/26,28300,28400,27550,28150,▼150,－0.53%,23448,27525,255789
2020/08/25,28200,28800,28050,28300,▲500,＋1.80%,23379,27360,417738
2020/08/24,27000,27850,26500,27800,▲1000,＋3.73%,23306,27180,346124
2020/08/21,28550,28550,26750,26800,▼1200,－4.29%,23239,26980,600943
2020/08/20,28000,29200,27600,28000,▼250,－0.88%,23179,26865,1011434
2020/08/19,28550,29450,28000,28250,▲200,＋0.71%,23117,26635,946110
2020/08/18,27750,29250,27250,28050,▲1800,＋6.86%,23054,26420,2222218
2020/08/14,26650,26800,25850,26250,▼400,－1.50%,22993,26180,219145
2020/08/13,27000,27350,26350,26650,▼350,－1.30%,22944,26105,291248
2020/08/12,26800,27750,26700,27000,▲500,＋1.89%,22900,25955,535304
2020/08/11,26650,26650,26150,26500,0.0,0.00%,22855,25800,235463
2020/08/10,25850,26750,25650,26500,▲700,＋2.71%,22819,25690,325523
2020/08/07,25650,25950,25500,25800,▲150,＋0.58%,22787,25605,179983
2020/08/06,25800,25950,25550,25650,▼50,－0.19%,22762,25630,197443
2020/08/05,26200,26200,25650,25700,▼400,－1.53%,22730,25715,134803
2020/08/04,25850,26350,25700,26100,▲450,＋1.75%,22695,25795,282874
2020/08/03,25650,25850,25300,25650,▲150,＋0.59%,22655,25770,172203
2020/07/31,25150,25800,25000,25500,▲350,＋1.39%,22617,25820,191349
2020/07/30,25450,25550,25100,25150,▼300,－1.18%,22580,25880,171215
2020/07/29,25400,25550,25050,25450,▲50,＋0.20%,22545,26035,259428
2020/07/28,25650,25950,25300,25400,▼250,－0.97%,22511,26220,265523
2020/07/27,26000,26100,25600,25650,▼400,－1.54%,22473,26475,190424
2020/07/24,26500,26750,25750,26050,▼450,－1.70%,22433,26730,205164
2020/07/23,26600,27100,26250,26500,0.0,0.00%,22390,26895,280316
2020/07/22,25800,26600,25750,26500,▲650,＋2.51%,22344,27010,323362
2020/07/21,26150,26500,25800,25850,▼300,－1.15%,22299,27045,367808
2020/07/20,26200,26350,25700,26150,▲50,＋0.19%,22261,27120,160213
2020/07/17,26700,27000,25950,26100,▼600,－2.25%,22221,27155,351492
2020/07/16,27400,27600,26600,26700,▼600,－2.20%,22190,27230,206305
2020/07/15,28450,28500,27150,27300,▼650,－2.33%,22155,27195,231771
2020/07/14,28150,29100,27500,27950,▼250,－0.89%,22113,27020,337474
2020/07/13,28400,28450,27900,28200,▲500,＋1.81%,22064,26810,221331
2020/07/10,27850,28050,27250,27700,▲50,＋0.18%,22014,26550,194470
2020/07/09,26950,28000,26450,27650,▲800,＋2.98%,21968,26440,292128
2020/07/08,26600,26850,26250,26850,▲250,＋0.94%,21924,26390,116263
2020/07/07,26700,26800,26100,26600,▲100,＋0.38%,21886,26520,148723
2020/07/06,26900,27200,26300,26500,▼350,－1.30%,21845,26665,170205
2020/07/03,26700,26850,26200,26850,▲500,＋1.90%,21803,26690,138310
2020/07/02,25600,26700,25600,26350,▲800,＋3.13%,21762,26775,187136
2020/07/01,26200,26250,25500,25550,▼300,－1.16%,21721,26880,131508
2020/06/30,25950,26200,25550,25850,▲250,＋0.98%,21692,27000,187043
2020/06/29,26250,26450,25500,25600,▼1000,－3.76%,21660,27100,250781
2020/06/26,27300,27400,26250,26600,▼550,－2.03%,21638,27065,251153
2020/06/25,27550,27950,26950,27150,▼1000,－3.55%,21607,26905,290200
2020/06/24,28450,28450,27550,28150,▲100,＋0.36%,21574,26690,270867
2020/06/23,26650,28300,26600,28050,▲1300,＋4.86%,21533,26330,480170
2020/06/22,27600,27850,26750,26750,▼950,－3.43%,21494,25970,289683
2020/06/19,27750,28500,27200,27700,▲300,＋1.09%,21465,25750,467401
2020/06/18,26750,27700,26550,27400,▲650,＋2.43%,21431,25460,349274
2020/06/17,26650,27350,26350,26750,▼100,－0.37%,21399,25190,520749
2020/06/16,26300,27100,25800,26850,▲1600,＋6.34%,21370,25015,718039
2020/06/15,25300,26950,25000,25250,▲250,＋1.00%,21340,24915,1244574
2020/06/12,23850,25650,23850,25000,0.0,0.00%,21326,24945,515023
2020/06/11,24600,25600,24550,25000,▲450,＋1.83%,21316,24955,638279
2020/06/10,24350,24800,24350,24550,▲100,＋0.41%,21305,25000,255778
2020/06/09,24750,24800,24200,24450,▼100,－0.41%,21294,25105,175822
2020/06/08,25000,25000,24350,24550,▼250,－1.01%,21283,25210,186114
2020/06/05,24750,25150,24500,24800,▲100,＋0.40%,21270,25370,225255
2020/06/04,25000,25250,24500,24700,▼300,－1.20%,21253,25485,296935
2020/06/03,25950,26050,24900,25000,▼850,－3.29%,21240,25655,439671
2020/06/02,25800,26000,25350,25850,▲300,＋1.17%,21222,25780,226613
2020/06/01,25100,25550,24850,25550,▲450,＋1.79%,21197,25660,164355
2020/05/29,25400,25650,25050,25100,▼350,－1.38%,21178,25680,239305
2020/05/28,25400,25550,24900,25450,▼150,－0.59%,21164,25815,350895
2020/05/27,25500,25600,25200,25600,▲100,＋0.39%,21145,25905,173653
2020/05/26,26150,26200,25200,25500,▼650,－2.49%,21127,25930,367519
2020/05/25,26150,26650,25800,26150,▲200,＋0.77%,21110,25820,257034
2020/05/22,26050,26350,25500,25950,▼450,－1.70%,21088,25565,306000
2020/05/21,26400,26600,25650,26400,▲150,＋0.57%,21067,25345,397245
2020/05/20,25000,26300,24900,26250,▲1600,＋6.49%,21042,25105,756340
2020/05/19,25850,26400,24650,24650,▼1100,－4.27%,21014,24800,702213
2020/05/18,25750,26550,25150,25750,▼700,－2.65%,21001,24485,743139
2020/05/15,27000,28000,26000,26450,▲100,＋0.38%,20984,24100,924898
2020/05/14,25600,27000,25250,26350,▲500,＋1.93%,20962,23695,534814
2020/05/13,24100,25850,23950,25850,▲1450,＋5.94%,20940,23305,605235
2020/05/12,23600,24550,22950,24400,▲800,＋3.39%,20922,22855,468678
2020/05/11,23850,24000,23300,23600,▼150,－0.63%,20915,22415,220338
2020/05/08,24350,24500,23250,23750,▼250,－1.04%,20909,21945,476352
2020/05/07,23100,24450,22750,24000,▲800,＋3.45%,20897,21475,579241
2020/05/06,21900,23200,21450,23200,▲1700,＋7.91%,20883,20995,430642
2020/05/04,21350,21950,20850,21500,▼400,－1.83%,20877,20620,253485
2020/04/29,22350,22500,21750,21900,▼500,－2.23%,20883,20425,191542
2020/04/28,22750,22800,22100,22400,▼50,－0.22%,20880,20190,245153
2020/04/27,21650,22750,21450,22450,▲1100,＋5.15%,20875,19915,501327
2020/04/24,19950,21750,19600,21350,▲1350,＋6.75%,20868,19555,686396
2020/04/23,19100,20000,18950,20000,▲1100,＋5.82%,20869,19330,240192
2020/04/22,18900,18950,18600,18900,▼150,－0.79%,20881,19210,164504
2020/04/21,19100,19250,18450,19050,▼150,－0.78%,20903,19230,283672
2020/04/20,19400,19600,19100,19200,▼250,－1.29%,20926,19245,192974
2020/04/17,19750,19900,19350,19450,▼100,－0.51%,20949,19195,272599
2020/04/16,19300,19650,18800,19550,0.0,0.00%,20971,19095,229681
2020/04/14,19950,19950,19450,19550,▼100,－0.51%,20991,18885,220411
2020/04/13,18900,19900,18650,19650,▲800,＋4.24%,21015,18625,368857
2020/04/10,18900,19100,18600,18850,▼250,－1.31%,21039,18260,226366
2020/04/09,19250,19300,18850,19100,▲300,＋1.60%,21069,17925,353530
2020/04/08,18850,19300,18700,18800,▼300,－1.57%,21095,17545,222854
2020/04/07,19500,19550,18700,19100,▼100,－0.52%,21120,17195,312071
2020/04/06,19100,19750,18900,19200,▲500,＋2.67%,21144,16715,375498
2020/04/03,20100,21800,18250,18700,▲250,＋1.36%,21164,16170,1037570
2020/04/02,17950,18600,17400,18450,▲1000,＋5.73%,21185,15750,440707
2020/04/01,17100,19300,16950,17450,▲500,＋2.95%,21207,15225,673708
2020/03/31,16350,17700,16350,16950,▲950,＋5.94%,21243,14940,308498
2020/03/30,15250,16200,14900,16000,▲500,＋3.23%,21283,14805,201885
2020/03/27,15950,16050,15050,15500,▲200,＋1.31%,21329,14760,215432
2020/03/26,15400,16000,15150,15300,0.0,0.00%,21381,14795,315636
2020/03/25,14650,15350,14450,15300,▲1000,＋6.99%,21441,14935,275624
2020/03/24,14000,14600,13750,14300,▲550,＋4.00%,21499,15185,245561
2020/03/23,13700,14000,13250,13750,▼750,－5.17%,21564,15590,192251
2020/03/20,13250,14500,13250,14500,▲1300,＋9.85%,21637,16080,186267
2020/03/19,14650,15000,13150,13200,▼1400,－9.59%,21700,16590,268920
2020/03/18,15550,15900,14500,14600,▼1000,－6.41%,21776,17275,159198
2020/03/17,15050,15800,14800,15600,▲50,＋0.32%,21843,17805,171533
2020/03/16,15950,16250,15550,15550,▼300,－1.89%,21900,18200,167786
2020/03/13,15050,16000,14750,15850,▼850,－5.09%,21954,18620,433117
2020/03/12,17750,17800,16500,16700,▼1100,－6.18%,22007,18995,320258
2020/03/11,18300,18400,17700,17800,▼550,－3.00%,22053,19380,186155
2020/03/10,18750,18900,18100,18350,▼300,－1.61%,22090,19665,180833
2020/03/09,19700,19700,18400,18650,▼950,－4.85%,22122,19910,180410
2020/03/06,19850,19850,19350,19600,▼450,－2.24%,22148,20080,119450
2020/03/05,20050,20150,19750,20050,▲150,＋0.75%,22164,20250,115492
2020/03/04,19400,20100,19400,19900,▲350,＋1.79%,22177,20415,70949
2020/03/03,20050,20250,19400,19550,▼200,－1.01%,22193,20640,133328
2020/03/02,19950,19950,19000,19750,▲150,＋0.77%,22215,20945,108889
2020/02/28,20500,20500,19400,19600,▼950,－4.62%,22232,21255,177166
2020/02/27,20450,20700,20350,20550,▼100,－0.48%,22250,21470,86363
2020/02/26,20550,20800,20300,20650,▼150,－0.72%,22259,21575,85155
2020/02/25,20150,20850,20150,20800,▲450,＋2.21%,22263,21635,127181
2020/02/24,21200,21550,20350,20350,▼950,－4.46%,22263,21660,176404
2020/02/21,21550,21550,21250,21300,▼400,－1.84%,22265,21730,88644
2020/02/20,22150,22350,21600,21700,▼450,－2.03%,22263,21705,149152
2020/02/19,22600,23100,21950,22150,▼450,－1.99%,22260,21665,197775
2020/02/18,22750,22900,22450,22600,▼250,－1.09%,22257,21535,138606
2020/02/17,21700,22900,21600,22850,▲1100,＋5.06%,22251,21365,277673
2020/02/14,21750,22100,21450,21750,▲150,＋0.69%,22241,21165,168358
2020/02/13,21300,21900,21300,21600,▲350,＋1.65%,22238,21085,249345
2020/02/12,20950,21300,20950,21250,▲200,＋0.95%,22235,21035,120114
2020/02/11,21200,21350,20900,21050,0.0,0.00%,22242,21040,97036
2020/02/10,21000,21150,20800,21050,0.0,0.00%,22248,21075,46763
2020/02/07,21300,21400,20950,21050,▼250,－1.17%,22251,21210,86163
2020/02/06,21000,21400,21000,21300,▲450,＋2.16%,22257,21350,86928
2020/02/05,21000,21050,20750,20850,▼50,－0.24%,22267,21440,83644
2020/02/04,20700,20950,20350,20900,▲50,＋0.24%,22276,21570,165127
2020/02/03,20500,20900,20250,20850,▼100,－0.48%,22283,21695,144480
2020/01/31,21050,21250,20950,20950,▼150,－0.71%,22296,21835,55023
2020/01/30,21300,21500,20950,21100,▼200,－0.94%,22313,21975,108395
2020/01/29,21500,21750,21300,21300,▼100,－0.47%,22330,22090,87578
2020/01/28,21750,22150,21350,21400,▼1000,－4.46%,22351,22125,128362
2020/01/23,22400,22500,22100,22400,▼50,－0.22%,22370,22140,97680
2020/01/22,22150,22550,22150,22450,▲250,＋1.13%,22380,22090,85953
2020/01/21,22100,22350,22050,22200,▲50,＋0.23%,22394,21985,80561
2020/01/20,22150,22350,21700,22150,0.0,0.00%,22412,21970,152292
2020/01/17,22200,22350,22050,22150,▼100,－0.45%,22435,21965,76127
2020/01/16,22400,22400,22100,22250,▼100,－0.45%,22463,22035,82234
2020/01/15,22250,22450,22050,22350,▲100,＋0.45%,22483,22100,65901
2020/01/14,21750,22400,21750,22250,▲600,＋2.77%,22505,22185,139476
2020/01/13,21650,21850,21550,21650,▲100,＋0.46%,22526,22290,111700
2020/01/10,21800,21900,21550,21550,▼350,－1.60%,22550,22455,97967
2020/01/09,21550,21900,21550,21900,▲500,＋2.34%,22579,22635,117051
2020/01/08,21900,21900,21300,21400,▼650,－2.95%,22602,22800,136773
2020/01/07,22150,22350,22000,22050,▼50,－0.23%,22633,23015,72138
2020/01/06,22450,22750,22000,22100,▼750,－3.28%,22655,23135,115857
2020/01/03,23050,23100,22600,22850,▼50,－0.22%,22678,23260,87767
2020/01/02,23200,23200,22900,22900,▼300,－1.29%,22696,23330,69146
2019/12/30,23350,23400,23050,23200,▼100,－0.43%,22710,23420,55550
2019/12/27,23000,23300,22800,23300,0.0,0.00%,22727,23460,75637
2019/12/26,23450,23450,23100,23300,▼50,－0.21%,22742,23460,64107
2019/12/24,23450,23700,23300,23350,▼200,－0.85%,22753,23440,67575
2019/12/23,23700,23700,23450,23550,0.0,0.00%,22765,23410,54109
2019/12/20,23350,23550,23150,23550,▲300,＋1.29%,22772,23325,48487
2019/12/19,23350,23450,23150,23250,▼100,－0.43%,22778,23280,41605
2019/12/18,23450,23700,23350,23350,▼200,－0.85%,22790,23245,48196
2019/12/17,23650,23800,23350,23550,▼250,－1.05%,22800,23195,64985
2019/12/16,23600,23850,23400,23800,▲200,＋0.85%,22808,23165,75065
2019/12/13,23500,23650,23250,23600,▲300,＋1.29%,22816,23130,102373
2019/12/12,23200,23650,23100,23300,▲200,＋0.87%,22827,23085,216739
2019/12/11,23200,23250,22900,23100,▲50,＋0.22%,22841,23100,60371
2019/12/10,22600,23100,22600,23050,▲350,＋1.54%,22858,23135,46025
2019/12/09,23000,23250,22650,22700,▼400,－1.73%,22875,23185,68121
2019/12/06,22800,23150,22800,23100,▲200,＋0.87%,22899,23255,39012
2019/12/05,22800,23050,22700,22900,▲50,＋0.22%,22925,23280,44157
2019/12/04,23000,23100,22850,22850,▼400,－1.72%,22952,23285,52724
2019/12/03,23400,23400,23000,23250,▼200,－0.85%,22973,23305,44019
2019/12/02,23050,23500,23000,23450,▲300,＋1.30%,22992,23355,42801
2019/11/29,23500,23550,22850,23150,▼300,－1.28%,23008,23385,92738
2019/11/28,23350,23550,23050,23450,0.0,0.00%,23024,23450,35970
2019/11/27,23800,23800,23350,23450,▼100,－0.42%,23039,23465,61024
2019/11/26,23600,23700,23250,23550,▲150,＋0.64%,23058,23475,69364
2019/11/25,23400,23500,23000,23400,▲50,＋0.21%,23071,23410,72894
2019/11/22,23150,23450,22950,23350,▲400,＋1.74%,23085,23300,70408
2019/11/21,23200,23450,22800,22950,▼100,－0.43%,23102,23195,110178
2019/11/20,23600,23600,22850,23050,▼700,－2.95%,23123,23150,109405
2019/11/19,23600,23900,23400,23750,0.0,0.00%,23147,23065,90579
2019/11/18,23700,23950,23200,23750,▼50,－0.21%,23165,22855,119697
2019/11/15,23500,24000,23500,23800,▲200,＋0.85%,23185,22660,136806
2019/11/14,23550,23800,23300,23600,▲50,＋0.21%,23205,22435,168992
2019/11/13,23400,23900,23100,23550,▲650,＋2.84%,23223,22220,254745
2019/11/12,22200,23200,22200,22900,▲600,＋2.69%,23246,22015,181413
2019/11/11,22350,22500,22050,22300,0.0,0.00%,23273,21880,53361
2019/11/08,22550,22700,22150,22300,▼200,－0.89%,23308,21825,70867
2019/11/07,22100,22750,22050,22500,▲300,＋1.35%,23339,21795,120430
2019/11/06,21700,22300,21700,22200,▲550,＋2.54%,23354,21755,109614
2019/11/05,21800,21800,21600,21650,▼150,－0.69%,23371,21730,71652
2019/11/04,21700,21900,21500,21800,▲250,＋1.16%,23392,21810,95402
2019/11/01,21400,21550,21200,21550,▲100,＋0.47%,23416,21880,88470
2019/10/31,21550,21650,21450,21450,▼50,－0.23%,23443,21965,82925
2019/10/30,21550,21700,21400,21500,▼50,－0.23%,23475,22045,58211
2019/10/29,21750,21900,21400,21550,▼200,－0.92%,23509,22080,89589
2019/10/28,22050,22200,21750,21750,▼250,－1.14%,23544,22115,58403
2019/10/25,22200,22250,21850,22000,▼100,－0.45%,23579,22105,50297
2019/10/24,21850,22200,21700,22100,▲150,＋0.68%,23617,22020,71669
2019/10/23,22300,22450,21750,21950,▼500,－2.23%,23656,21920,58392
2019/10/22,22450,22700,22400,22450,▼50,－0.22%,23695,21905,66948
2019/10/21,22350,22550,22300,22500,▲100,＋0.45%,23726,21830,52731
2019/10/18,22350,22400,22000,22400,▲150,＋0.67%,23757,21735,84193
2019/10/17,21950,22600,21850,22250,▲400,＋1.83%,23792,21675,109294
2019/10/16,21900,22100,21700,21850,▼50,－0.23%,23830,21695,53353
2019/10/15,21650,22050,21400,21900,▲250,＋1.15%,23873,21735,66957
2019/10/14,21250,21750,21250,21650,▲500,＋2.36%,23917,21760,54975
2019/10/11,21250,21250,21050,21150,▲50,＋0.24%,23966,21840,69722
2019/10/10,21600,21600,21050,21100,▼700,－3.21%,24019,21935,167658
2019/10/08,21700,21900,21600,21800,▲100,＋0.46%,24079,22060,40954
2019/10/07,21550,21700,21450,21700,▲150,＋0.70%,24135,22135,57136
2019/10/04,21800,22000,21550,21550,▼250,－1.15%,24180,22210,62251
2019/10/02,22150,22300,21800,21800,▼650,－2.90%,24230,22265,67113
2019/10/01,22100,22500,22050,22450,▲200,＋0.90%,24274,22305,41058
2019/09/30,22100,22400,21950,22250,▲100,＋0.45%,24317,22285,42060
2019/09/27,22550,22550,21950,22150,▼300,－1.34%,24361,22285,50911
2019/09/26,22100,22700,22100,22450,▲350,＋1.58%,24405,22280,67251
2019/09/25,22400,22500,22050,22100,▼250,－1.12%,24442,22215,45981
2019/09/24,22550,22600,22250,22350,▼200,－0.89%,24484,22160,53417
2019/09/23,22500,22700,22300,22550,▲100,＋0.45%,24533,22085,56306
2019/09/20,22050,22450,21950,22450,▲350,＋1.58%,24581,22015,78539
2019/09/19,22200,22400,22100,22100,▼100,－0.45%,24627,21985,53165
2019/09/18,22450,22450,22200,22200,▼50,－0.22%,24681,21950,50934
2019/09/17,22250,22400,22050,22250,0.0,0.00%,24733,21905,83073
2019/09/16,22050,22300,22000,22250,▲150,＋0.68%,24783,21850,84087
2019/09/11,21800,22100,21800,22100,▲300,＋1.38%,24835,21735,188080
2019/09/10,21600,21850,21550,21800,▲250,＋1.16%,24887,21610,77443
2019/09/09,21500,21800,21500,21550,▼50,－0.23%,24948,21490,89272
2019/09/06,21800,21950,21550,21600,▼250,－1.14%,25010,21435,81194
2019/09/05,22100,22100,21800,21850,▼300,－1.35%,25077,21410,102173
2019/09/04,21700,22150,21650,22150,▲400,＋1.84%,25144,21405,121644
2019/09/03,21550,21900,21550,21750,0.0,0.00%,25203,21380,70002
2019/09/02,21700,21900,21400,21750,▲50,＋0.23%,25266,21365,74450
2019/08/30,21200,21850,21100,21700,▲600,＋2.84%,25327,21330,147166
2019/08/29,20850,21200,20850,21100,▲250,＋1.20%,25389,21290,70636
2019/08/28,20600,20900,20500,20850,▲250,＋1.21%,25448,21385,101120
2019/08/27,21000,21150,20550,20600,▼400,－1.90%,25512,21470,170229
2019/08/26,21000,21250,20900,21000,▼350,－1.64%,25580,21560,83207
2019/08/23,21600,21700,21300,21350,▼450,－2.06%,25644,21635,152918
2019/08/22,22100,22150,21700,21800,▼100,－0.46%,25705,21750,103950
2019/08/21,21500,21950,21500,21900,▲300,＋1.39%,25754,21760,127642
2019/08/20,21400,21600,21300,21600,▲200,＋0.93%,25799,21750,96358
2019/08/19,21300,21450,21150,21400,▲100,＋0.47%,25841,21825,100839
2019/08/16,21500,21700,21250,21300,▼750,－3.40%,25884,21980,160385
2019/08/14,21750,22200,21450,22050,▲350,＋1.61%,25933,22170,119744
2019/08/13,21200,21750,21200,21700,▲200,＋0.93%,25973,22350,96309
2019/08/12,21750,21750,21150,21500,▼250,－1.15%,26016,22550,162218
2019/08/09,22550,22600,21500,21750,▼750,－3.33%,26060,22750,239661
2019/08/08,22300,22500,22100,22500,▲600,＋2.74%,26103,22995,164882
2019/08/07,21900,22150,21650,21900,▲100,＋0.46%,26139,23180,83182
2019/08/06,22050,22250,21550,21800,▼550,－2.46%,26178,23485,131800
2019/08/05,22950,23000,21950,22350,▼600,－2.61%,26218,23845,107760
2019/08/02,23150,23250,22900,22950,▼250,－1.08%,26250,24085,73248
2019/08/01,23600,23800,23150,23200,▼650,－2.73%,26280,24290,83027
2019/07/31,23800,23900,23250,23850,▲150,＋0.63%,26310,24440,73462
2019/07/30,23400,23900,23300,23700,▲200,＋0.85%,26320,24515,49230
2019/07/29,24100,24200,23450,23500,▼700,－2.89%,26334,24645,78320
2019/07/26,24350,24550,24200,24200,▼150,－0.62%,26348,24755,60421
2019/07/25,25100,25100,24200,24350,▼600,－2.40%,26353,24845,141490
2019/07/24,25250,25500,24900,24950,▼450,－1.77%,26359,24880,48793
2019/07/23,24850,25700,24650,25400,▲650,＋2.63%,26361,24880,170800
2019/07/22,24950,24950,24600,24750,▼250,－1.00%,26364,24840,56588
2019/07/19,24550,25150,24550,25000,▲300,＋1.21%,26370,24820,101305
2019/07/18,24750,24900,24500,24700,▲100,＋0.41%,26381,24840,81706
2019/07/17,25000,25050,24600,24600,▼400,－1.60%,26391,24880,74882
2019/07/16,24700,25200,24700,25000,▲400,＋1.63%,26400,24880,66501
2019/07/15,24950,25350,24600,24600,▼500,－1.99%,26405,24865,86665
2019/07/12,24750,25200,24700,25100,▲400,＋1.62%,26413,24845,76107
2019/07/11,24800,25150,24700,24700,▼250,－1.00%,26421,24760,142326
2019/07/10,24850,25200,24700,24950,▼50,－0.20%,26433,24765,71208
2019/07/09,24400,25250,24400,25000,▲450,＋1.83%,26446,24720,93452
2019/07/08,24950,25150,24500,24550,▼650,－2.58%,26455,24675,73761
2019/07/05,25250,25250,24800,25200,▲100,＋0.40%,26472,24690,39413
2019/07/04,24550,25200,24550,25100,▲500,＋2.03%,26485,24660,87719
2019/07/03,25050,25150,24550,24600,▼250,－1.01%,26495,24655,61785
2019/07/02,24450,25400,24450,24850,▲450,＋1.84%,26509,24700,176228
2019/07/01,24350,24700,24300,24400,▲150,＋0.62%,26523,24725,58982
2019/06/28,24650,24850,24200,24250,▼500,－2.02%,26525,24850,112822
2019/06/27,24450,24900,24450,24750,▲250,＋1.02%,26528,25040,74172
2019/06/26,24450,24750,24450,24500,▼50,－0.20%,26531,25180,55314
2019/06/25,24800,24900,24450,24550,▼150,－0.61%,26531,25275,110081
2019/06/24,25000,25100,24650,24700,▼200,－0.80%,26536,25370,72420
2019/06/21,25100,25150,24800,24900,▼150,－0.60%,26542,25440,131646
2019/06/20,25200,25350,24950,25050,0.0,0.00%,26549,25455,98917
2019/06/19,25200,25250,24900,25050,▼50,－0.20%,26555,25475,112177
2019/06/18,25550,25550,24900,25100,▼550,－2.14%,26561,25545,131196
2019/06/17,26300,26300,25400,25650,▼500,－1.91%,26564,25545,73767
2019/06/14,26150,26250,25700,26150,0.0,0.00%,26563,25480,102378
2019/06/13,25400,26250,25350,26150,▲700,＋2.75%,N/A,25405,172544
2019/06/12,25650,25800,25350,25450,▼50,－0.20%,N/A,25340,71803
2019/06/11,25400,25500,25100,25500,▲100,＋0.39%,N/A,25390,72038
2019/06/10,25150,25500,25000,25400,▲350,＋1.40%,N/A,25430,46422
2019/06/07,25250,25450,24900,25050,▼200,－0.79%,N/A,25510,58708
2019/06/05,25800,25850,25100,25250,▼500,－1.94%,N/A,25620,74992
2019/06/04,25300,25950,25150,25750,▲650,＋2.59%,N/A,25670,115600
2019/06/03,24700,25200,24600,25100,▲100,＋0.40%,N/A,25730,101394
2019/05/31,25400,25450,24800,25000,▼400,－1.57%,N/A,25835,99130
2019/05/30,25500,25700,24750,25400,▼100,－0.39%,N/A,25980,93114
2019/05/29,26350,26350,25350,25500,▼450,－1.73%,N/A,26040,100357
2019/05/28,26000,26600,25950,25950,▲50,＋0.19%,N/A,25925,165654
2019/05/27,26500,26550,25700,25900,▼300,－1.15%,N/A,25750,72246
2019/05/24,26200,26550,25850,26200,▲50,＋0.19%,N/A,25580,115874
2019/05/23,25900,26450,25800,26150,▲400,＋1.55%,N/A,25430,76083
2019/05/22,26350,26400,25650,25750,▼600,－2.28%,N/A,25295,70785
2019/05/21,25950,26650,25950,26350,▲200,＋0.76%,N/A,25240,96224
2019/05/20,26600,26700,26100,26150,▼300,－1.13%,N/A,25165,92749
2019/05/17,26150,26850,25950,26450,▲450,＋1.73%,N/A,25125,192030
2019/05/16,25200,26200,25150,26000,▲1650,＋6.78%,N/A,25075,428308
2019/05/15,24200,24350,23900,24350,▲150,＋0.62%,N/A,25130,94020
2019/05/14,24200,24500,23900,24200,0.0,0.00%,N/A,25375,120170
2019/05/13,24450,24600,24100,24200,▼500,－2.02%,N/A,25615,106156
2019/05/10,24850,25250,24450,24700,▼100,－0.40%,N/A,25815,133549
2019/05/09,25250,25500,24800,24800,▼400,－1.59%,N/A,25970,123848
2019/05/08,25250,25500,25100,25200,▼400,－1.56%,N/A,26145,101896
2019/05/07,25450,25700,25150,25600,▼150,－0.58%,N/A,26305,106740
2019/05/03,25800,26000,25450,25750,▼200,－0.77%,N/A,26450,104068
2019/05/02,26450,26650,25750,25950,▼600,－2.26%,N/A,26590,204188
2019/04/30,26700,26800,26250,26550,▼250,－0.93%,N/A,26750,68205
2019/04/29,26850,26850,26350,26800,▲200,＋0.75%,N/A,26850,64584
2019/04/26,26350,26850,26100,26600,▲400,＋1.53%,N/A,27000,102004
2019/04/25,26300,26450,26100,26200,▼50,－0.19%,N/A,27185,52614
2019/04/24,26650,26700,26050,26250,▼300,－1.13%,N/A,27275,93381
2019/04/23,26850,26850,26300,26550,▼250,－0.93%,N/A,27415,81150
2019/04/22,26950,27100,26250,26800,▼250,－0.92%,N/A,27465,140794
2019/04/19,27200,27300,26800,27050,▼100,－0.37%,N/A,27545,81706
2019/04/18,27600,27650,27000,27150,▼400,－1.45%,N/A,27595,78787
2019/04/17,27750,27800,27400,27550,0.0,0.00%,N/A,27615,85336
2019/04/16,28050,28250,27400,27550,▼750,－2.65%,N/A,27555,119355
2019/04/15,28500,28600,28000,28300,▼150,－0.53%,N/A,27515,105482
2019/04/12,27350,28450,27300,28450,▲1350,＋4.98%,N/A,27505,213333
2019/04/11,27650,27850,27050,27100,▼550,－1.99%,N/A,27495,136657
2019/04/10,27150,27800,26950,27650,▲600,＋2.22%,N/A,27580,79846
2019/04/09,27750,27750,26900,27050,▼550,－1.99%,N/A,27670,110792
2019/04/08,27700,27800,27250,27600,▲50,＋0.18%,N/A,27810,79136
2019/04/05,27400,27600,27200,27550,▲200,＋0.73%,N/A,27875,78060
2019/04/04,27250,27450,26850,27350,▲400,＋1.48%,N/A,27970,121849
2019/04/03,27150,27300,26650,26950,▼200,－0.74%,N/A,28065,153479
2019/04/02,28000,28200,27000,27150,▼1050,－3.72%,N/A,28280,235249
2019/04/01,28350,28700,28100,28200,▼150,－0.53%,N/A,28475,79635
2019/03/29,28450,29450,27950,28350,▲400,＋1.43%,N/A,28610,132067
2019/03/28,28450,28450,27550,27950,▼600,－2.10%,N/A,28765,63203
2019/03/27,28450,28800,28200,28550,▲100,＋0.35%,N/A,28900,41904
2019/03/26,28250,28800,27900,28450,▲200,＋0.71%,N/A,28970,59754
2019/03/25,28500,29000,28100,28250,▼250,－0.88%,N/A,29030,73046
2019/03/22,28300,28600,27900,28500,▲200,＋0.71%,N/A,29125,76912
2019/03/21,29100,29550,28200,28300,▼800,－2.75%,N/A,29085,163868
2019/03/20,28850,29550,28650,29100,0.0,0.00%,N/A,29110,46042
2019/03/19,29350,29500,28950,29100,▼450,－1.52%,N/A,29080,89617
2019/03/18,29850,30050,29350,29550,▼350,－1.17%,N/A,29035,89955
2019/03/15,29300,30400,29250,29900,▲600,＋2.05%,N/A,28950,274330
2019/03/14,29500,29500,28900,29300,▲50,＋0.17%,N/A,28725,132543
2019/03/13,29100,29550,29100,29250,▲200,＋0.69%,N/A,28525,130657
2019/03/12,29050,29200,28750,29050,▼150,－0.51%,N/A,28270,83053
2019/03/11,28300,29600,28300,29200,▲1100,＋3.91%,N/A,28020,322911
2019/03/08,28400,28600,27850,28100,▼450,－1.58%,N/A,27815,121343
2019/03/07,28900,29100,28150,28550,▼250,－0.87%,N/A,27695,103432
2019/03/06,28400,29000,28350,28800,▲150,＋0.52%,N/A,27525,96726
2019/03/05,28600,28850,28100,28650,▼50,－0.17%,N/A,27320,119405
2019/03/04,28000,28950,27800,28700,▲1050,＋3.80%,N/A,27145,186825
2019/02/28,27500,28600,27200,27650,▲350,＋1.28%,N/A,26955,254775
2019/02/27,26950,27400,26700,27300,▲600,＋2.25%,N/A,26850,113452
2019/02/26,26800,26950,26450,26700,▲150,＋0.56%,N/A,26775,62447
2019/02/25,27400,27400,26450,26550,▼600,－2.21%,N/A,26735,104414
2019/02/22,26950,27400,26750,27150,▲250,＋0.93%,N/A,26730,91932
2019/02/21,26900,27450,26400,26900,▲50,＋0.19%,N/A,26690,140677
2019/02/20,26700,26950,26550,26850,▲100,＋0.37%,N/A,26505,81893
2019/02/19,26950,27050,26600,26750,▼150,－0.56%,N/A,26360,56055
2019/02/18,26950,27150,26500,26900,▲100,＋0.37%,N/A,26205,99026
2019/02/15,26450,27050,26300,26800,▲200,＋0.75%,N/A,26000,179349
2019/02/14,26400,26700,26100,26600,▲50,＋0.19%,N/A,25825,98373
2019/02/13,26300,26700,26200,26550,▲250,＋0.95%,N/A,25685,82451
2019/02/12,26500,26800,26100,26300,▼200,－0.75%,N/A,25600,90734
2019/02/11,26800,26900,26300,26500,▼250,－0.93%,N/A,25515,115402
2019/02/08,25700,27100,25650,26750,▲1700,＋6.79%,N/A,25500,565366
2019/02/07,25500,25500,24900,25050,▼350,－1.38%,N/A,25420,74492
2019/02/01,25250,25500,25050,25400,▲200,＋0.79%,N/A,25475,79747
2019/01/31,25050,25400,24700,25200,▲350,＋1.41%,N/A,25500,138433
2019/01/30,25050,25100,24650,24850,▼200,－0.80%,N/A,25540,163474
2019/01/29,25150,25450,24950,25050,▼150,－0.60%,N/A,25660,92718
2019/01/28,25500,25550,25100,25200,▼500,－1.95%,N/A,25760,125722
2019/01/25,25350,25800,25150,25700,▲250,＋0.98%,N/A,25900,108013
2019/01/24,26150,26250,25350,25450,▼900,－3.42%,N/A,25930,148545
2019/01/23,26050,26600,25800,26350,▲400,＋1.54%,N/A,26045,74809
2019/01/22,25500,26100,25400,25950,▲350,＋1.37%,N/A,26095,58246
2019/01/21,25800,25850,25300,25600,▼50,－0.19%,N/A,26125,57030
2019/01/18,25750,25850,25200,25650,▲50,＋0.20%,N/A,26195,91239
2019/01/17,26000,26250,25600,25600,▼450,－1.73%,N/A,26280,78000
2019/01/16,26100,26700,25750,26050,0.0,0.00%,N/A,26190,118592
2019/01/15,26700,26850,26050,26050,▼550,－2.07%,N/A,26045,80280
2019/01/14,26150,26800,26150,26600,▲600,＋2.31%,N/A,25945,91764
2019/01/11,26400,26900,25950,26000,▼600,－2.26%,N/A,25740,107674
2019/01/10,26600,26850,26300,26600,▼250,－0.93%,N/A,25650,94704
2019/01/09,26250,27300,26250,26850,▲600,＋2.29%,N/A,25530,193281
2019/01/08,26700,26700,26150,26250,▼50,－0.19%,N/A,25425,69022
2019/01/07,26500,26600,25900,26300,▼200,－0.75%,N/A,25375,86975
2019/01/04,24450,26550,24450,26500,▲1800,＋7.29%,N/A,25325,206908
2019/01/03,24700,25050,24200,24700,▲100,＋0.41%,N/A,25215,118841
2019/01/02,25050,25400,24300,24600,▼450,－1.80%,N/A,25300,92144
2018/12/28,24750,25350,24700,25050,▲500,＋2.04%,N/A,N/A,70256
2018/12/27,24700,25250,24250,24550,▼550,－2.19%,N/A,N/A,129410
2018/12/26,25100,25500,24500,25100,▼300,－1.18%,N/A,N/A,177167
2018/12/24,25700,25900,25250,25400,▼400,－1.55%,N/A,N/A,65181
2018/12/21,25900,26050,25350,25800,▲50,＋0.19%,N/A,N/A,97485
2018/12/20,25900,25950,24800,25750,▼50,－0.19%,N/A,N/A,119618
2018/12/19,25600,25850,25450,25800,▲400,＋1.57%,N/A,N/A,79608
2018/12/18,25550,25900,24950,25400,▼150,－0.59%,N/A,N/A,122496
2018/12/17,25800,26100,25500,25550,0.0,0.00%,N/A,N/A,95703
