[일시]대한제당우,시가,고가,저가,종가,대비,대비율,<가격이동평균>10,[거래량]
2020/11/30,14550,14550,14250,14450,▲50,＋0.35%,14495,1349
2020/11/27,14350,14500,14300,14400,▼50,－0.35%,14440,1405
2020/11/26,14500,14500,14300,14450,▲50,＋0.35%,14390,2893
2020/11/25,14500,14500,14300,14400,▼100,－0.69%,14350,2107
2020/11/24,14650,14650,14400,14500,▼150,－1.02%,14315,2616
2020/11/23,14700,14700,14500,14650,▲50,＋0.34%,14275,922
2020/11/20,14500,14750,14500,14600,▲50,＋0.34%,14200,1049
2020/11/19,14500,14550,14400,14550,▲50,＋0.34%,14120,4065
2020/11/18,14450,14550,14350,14500,▲50,＋0.35%,14030,10426
2020/11/17,14100,14450,14000,14450,▲550,＋3.96%,13945,7432
2020/11/16,14050,14050,13850,13900,0.0,0.00%,13855,1994
2020/11/13,14050,14050,13850,13900,▼150,－1.07%,13820,2319
2020/11/12,14050,14100,13900,14050,0.0,0.00%,13765,1896
2020/11/11,14100,14100,14000,14050,▼50,－0.35%,13705,1944
2020/11/10,13900,14150,13850,14100,▲200,＋1.44%,13655,3666
2020/11/09,13800,13950,13800,13900,▲100,＋0.72%,13590,2460
2020/11/06,13700,13800,13700,13800,▲150,＋1.10%,13565,2216
2020/11/05,13750,13750,13600,13650,0.0,0.00%,13570,1260
2020/11/04,13500,13700,13500,13650,▲100,＋0.74%,13585,2007
2020/11/03,13600,13600,13450,13550,0.0,0.00%,13595,2510
2020/11/02,13450,13550,13300,13550,▲200,＋1.50%,13590,1082
2020/10/30,13600,13650,13350,13350,▼100,－0.74%,13575,2725
2020/10/29,13500,13500,13350,13450,▼100,－0.74%,13590,1588
2020/10/28,13600,13600,13400,13550,▲100,＋0.74%,13615,1736
2020/10/27,13650,13750,13250,13450,▼200,－1.47%,13620,1992
2020/10/26,13850,13900,13500,13650,▼200,－1.44%,13620,2405
2020/10/23,13800,13850,13600,13850,▲50,＋0.36%,13605,2351
2020/10/22,13800,13900,13600,13800,▲50,＋0.36%,13555,5926
2020/10/21,13700,13800,13600,13750,▲250,＋1.85%,13495,2382
2020/10/20,13300,13500,13300,13500,▲100,＋0.75%,13450,660
2020/10/19,13650,13650,13350,13400,▼100,－0.74%,13420,2817
2020/10/16,13800,13800,13500,13500,▼200,－1.46%,13410,1063
2020/10/15,13700,13800,13500,13700,▲100,＋0.74%,13405,3093
2020/10/14,13500,13600,13450,13600,▲150,＋1.12%,13355,2230
2020/10/13,13350,13450,13250,13450,▼50,－0.37%,13335,1700
2020/10/12,13700,13750,13500,13500,▲150,＋1.12%,13320,3379
2020/10/08,13200,13350,13200,13350,▲150,＋1.14%,13300,1062
2020/10/07,13300,13450,13200,13200,▼100,－0.75%,13345,4585
2020/10/06,13200,13350,13200,13300,▲100,＋0.76%,13435,648
2020/10/05,13300,13300,13150,13200,▼100,－0.75%,13465,1700
2020/09/29,13400,13400,13150,13300,▼150,－1.12%,13515,2601
2020/09/28,13200,13550,13200,13450,▲250,＋1.89%,13570,326
2020/09/25,13550,13550,13150,13200,▼200,－1.49%,13610,1616
2020/09/24,13200,13400,13000,13400,▲100,＋0.75%,13650,3259
2020/09/23,13300,13400,13050,13300,0.0,0.00%,13670,3160
2020/09/22,13600,13650,13000,13300,▼500,－3.62%,13705,9950
2020/09/21,14050,14100,13800,13800,▼300,－2.13%,13750,4428
2020/09/18,13850,14300,13850,14100,▲500,＋3.68%,13760,18436
2020/09/17,13700,13700,13550,13600,▼100,－0.73%,13740,5743
2020/09/16,13700,13750,13550,13700,▼150,－1.08%,13775,6935
2020/09/15,14000,14000,13800,13850,0.0,0.00%,13785,1496
2020/09/14,13600,13900,13600,13850,▲250,＋1.84%,13800,5718
2020/09/11,13600,13800,13500,13600,0.0,0.00%,13805,2381
2020/09/10,13600,13800,13600,13600,▼50,－0.37%,13820,3009
2020/09/09,13700,13800,13650,13650,▼100,－0.73%,13815,2358
2020/09/08,13800,13800,13700,13750,▼150,－1.08%,13815,1299
2020/09/07,13700,13900,13650,13900,0.0,0.00%,13800,1421
2020/09/04,13900,13950,13800,13900,▼50,－0.36%,13770,381
2020/09/03,13800,14000,13800,13950,▲150,＋1.09%,13770,1378
2020/09/02,14000,14000,13600,13800,▼200,－1.43%,13775,1311
2020/09/01,14000,14000,13700,14000,▲100,＋0.72%,13800,800
2020/08/31,13750,14000,13750,13900,▲150,＋1.09%,13800,1568
2020/08/28,13650,13900,13550,13750,▲200,＋1.48%,13810,1161
2020/08/27,13650,13800,13400,13550,▼100,－0.73%,13845,1240
2020/08/26,13500,13650,13450,13650,▲50,＋0.37%,13905,4532
2020/08/25,13750,13750,13400,13600,0.0,0.00%,13980,460
2020/08/24,13900,13900,13550,13600,▼300,－2.16%,14070,3558
2020/08/21,14000,14000,13600,13900,▼100,－0.71%,14200,4217
2020/08/20,14100,14100,13700,14000,▼50,－0.36%,14310,1459
2020/08/19,14000,14200,13850,14050,▲50,＋0.36%,14345,687
2020/08/18,14000,14100,13700,14000,0.0,0.00%,14370,2284
2020/08/14,14100,14100,13900,14000,▼100,－0.71%,14420,10948
2020/08/13,13950,14200,13900,14100,▼50,－0.35%,14480,1694
2020/08/12,14400,14400,13950,14150,▼250,－1.74%,14535,3654
2020/08/11,14500,14500,14200,14400,▼100,－0.69%,14590,2272
2020/08/10,14600,14850,14300,14500,▼400,－2.68%,14605,3032
2020/08/07,15100,15100,14450,14900,▼100,－0.67%,14625,2151
2020/08/06,15200,15200,14600,15000,▲650,＋4.53%,14570,11586
2020/08/05,14500,14500,14050,14350,▲50,＋0.35%,14460,774
2020/08/04,14500,14550,14250,14300,▼200,－1.38%,14390,562
2020/08/03,14850,14850,14250,14500,▼100,－0.68%,14305,2450
2020/07/31,14300,14650,14250,14600,▼50,－0.34%,14175,2931
2020/07/30,14800,14800,14250,14650,▼50,－0.34%,14035,1815
2020/07/29,14550,14700,14150,14700,▲150,＋1.03%,13885,2279
2020/07/28,15100,15100,14200,14550,▼150,－1.02%,13725,5463
2020/07/27,14950,15000,14500,14700,▲350,＋2.44%,13620,17408
2020/07/24,14300,14500,14100,14350,▲450,＋3.24%,13505,11564
2020/07/23,13700,13900,13700,13900,▲250,＋1.83%,13445,10637
2020/07/22,13600,13650,13400,13650,▲200,＋1.49%,13440,1440
2020/07/21,13350,13500,13250,13450,▲250,＋1.89%,13435,3040
2020/07/20,13200,13200,13150,13200,0.0,0.00%,13440,688
2020/07/17,13150,13200,13050,13200,▲50,＋0.38%,13475,414
2020/07/16,13100,13200,13000,13150,▲50,＋0.38%,13485,465
2020/07/15,13450,13450,13000,13100,▼400,－2.96%,13560,9294
2020/07/14,13550,13650,13200,13500,▼50,－0.37%,13645,1621
2020/07/13,13400,13600,13300,13550,▼200,－1.45%,13670,1138
2020/07/10,13900,13900,13350,13750,▼100,－0.72%,13675,1473
2020/07/09,13500,13900,13500,13850,▲250,＋1.84%,13680,4393
2020/07/08,13500,13600,13400,13600,▲100,＋0.74%,13655,1563
2020/07/07,13600,13600,13350,13500,▼50,－0.37%,13655,259
2020/07/06,13300,13550,13300,13550,▲250,＋1.88%,13615,3582
2020/07/03,13900,13900,13300,13300,▼600,－4.32%,13600,3566
2020/07/02,14150,14150,13850,13900,▼50,－0.36%,13680,449
2020/07/01,14100,14100,13750,13950,▲200,＋1.45%,13780,2958
2020/06/30,13600,13950,13400,13750,▲150,＋1.10%,13825,4125
2020/06/29,13900,13900,13600,13600,▼200,－1.45%,13790,4270
2020/06/26,14200,14200,13700,13800,▲200,＋1.47%,13720,4041
2020/06/25,13200,13750,13200,13600,0.0,0.00%,13655,1874
2020/06/24,12900,13700,12900,13600,▲500,＋3.82%,13615,3639
2020/06/23,13500,13500,12900,13100,▼300,－2.24%,13595,4248
2020/06/22,14200,14200,13200,13400,▼700,－4.96%,13610,8854
2020/06/19,15600,15600,13550,14100,▼800,－5.37%,13540,32713
2020/06/18,14500,15300,14500,14900,▲500,＋3.47%,13360,34343
2020/06/17,13400,14400,13400,14400,▲1000,＋7.46%,13120,31440
2020/06/16,13000,13500,12900,13400,▲500,＋3.88%,12925,1325
2020/06/15,13650,13650,12900,12900,▼250,－1.90%,12815,9108
2020/06/12,12850,13150,12600,13150,▼50,－0.38%,12775,7621
2020/06/11,13600,13900,13200,13200,▼200,－1.49%,12685,18096
2020/06/10,13250,13500,12900,13400,▲150,＋1.13%,12570,4094
2020/06/09,12950,13450,12800,13250,▲550,＋4.33%,12465,13597
2020/06/08,12500,12750,12400,12700,▲400,＋3.25%,12385,6105
2020/06/05,12500,12550,12300,12300,▼200,－1.60%,12355,380
2020/06/04,12450,12550,12350,12500,▲50,＋0.40%,12380,2444
2020/06/03,12400,12550,12300,12450,▲150,＋1.22%,12385,1900
2020/06/02,12500,12550,12300,12300,▼200,－1.60%,12390,1714
2020/06/01,12400,12600,12300,12500,▲250,＋2.04%,12395,839
2020/05/29,12300,12350,12150,12250,▲200,＋1.66%,12375,758
2020/05/28,12450,12450,12050,12050,▼300,－2.43%,12390,919
2020/05/27,12250,12400,12250,12350,▼100,－0.80%,12410,101
2020/05/26,12400,12500,12250,12450,▲50,＋0.40%,12400,212
2020/05/25,12300,12500,12300,12400,▼150,－1.20%,12375,454
2020/05/22,12450,12550,12400,12550,0.0,0.00%,12385,4226
2020/05/21,12500,12550,12300,12550,▲50,＋0.40%,12385,67
2020/05/20,12450,12500,12350,12500,▲150,＋1.21%,12385,2437
2020/05/19,12100,12450,12100,12350,▲50,＋0.41%,12365,549
2020/05/18,12200,12400,12200,12300,▼100,－0.81%,12335,1230
2020/05/15,12400,12400,12300,12400,▲150,＋1.22%,12320,459
2020/05/14,12350,12350,12050,12250,0.0,0.00%,12275,1235
2020/05/13,12050,12300,12050,12250,▲50,＋0.41%,12235,101
2020/05/12,12500,12500,12100,12200,▼300,－2.40%,12165,1370
2020/05/11,12550,12600,12400,12500,▼50,－0.40%,12115,621
2020/05/08,12750,12750,12400,12550,0.0,0.00%,12010,1645
2020/05/07,12300,12700,12300,12550,▲250,＋2.03%,11895,1567
2020/05/06,12000,12300,12000,12300,▲250,＋2.07%,11800,1320
2020/05/04,12250,12250,11900,12050,▼100,－0.82%,11725,170
2020/04/29,11950,12250,11950,12150,▲200,＋1.67%,11660,328
2020/04/28,11950,11950,11800,11950,▲100,＋0.84%,11600,491
2020/04/27,11550,11950,11550,11850,▲300,＋2.60%,11535,370
2020/04/24,11800,11800,11400,11550,▼150,－1.28%,11500,1329
2020/04/23,11500,11700,11500,11700,▲250,＋2.18%,11490,786
2020/04/22,11400,11600,11350,11450,▲50,＋0.44%,11490,684
2020/04/21,11600,11600,11350,11400,▼200,－1.72%,11490,634
2020/04/20,11650,11650,11600,11600,▲50,＋0.43%,11495,337
2020/04/17,11700,11700,11500,11550,▲150,＋1.32%,11415,355
2020/04/16,11550,11550,11250,11400,▼150,－1.30%,11315,384
2020/04/14,11500,11600,11200,11550,▲250,＋2.21%,11245,132
2020/04/13,11400,11500,11250,11300,▼200,－1.74%,11145,1039
2020/04/10,11400,11500,11400,11500,▲50,＋0.44%,11015,2873
2020/04/09,11700,11700,11400,11450,▼250,－2.14%,10864,1043
2020/04/08,11400,11800,11400,11700,▲250,＋2.18%,10703,272
2020/04/07,11350,11450,11350,11450,0.0,0.00%,10503,1635
2020/04/06,10800,11450,10800,11450,▲650,＋6.02%,10265,1828
2020/04/03,10550,10800,10550,10800,▲250,＋2.37%,9985,983
2020/04/02,10250,10650,10250,10550,▼150,－1.40%,9799,892
2020/04/01,10600,11050,10500,10700,▲150,＋1.42%,9641,2866
2020/03/31,10000,10550,10000,10550,▲550,＋5.50%,9571,2788
2020/03/30,9990,10000,9770,10000,▲10,＋0.10%,9566,785
2020/03/27,10000,10050,9900,9990,▲150,＋1.52%,9646,3432
2020/03/26,9670,9890,9550,9840,▲140,＋1.44%,9772,1736
2020/03/25,9540,9880,9500,9700,▲630,＋6.95%,9988,593
2020/03/24,8800,9080,8800,9070,▲420,＋4.86%,10228,3203
2020/03/23,8200,8900,8200,8650,▼290,－3.24%,10556,5520
2020/03/20,8600,9030,8600,8940,▼30,－0.33%,10921,6202
2020/03/19,10000,10000,8510,8970,▼1030,－10.30%,11282,3473
2020/03/18,10500,10700,10000,10000,▼500,－4.76%,11640,1580
2020/03/17,9920,10600,9920,10500,▼300,－2.78%,11885,1890
2020/03/16,11250,11250,10800,10800,▼450,－4.00%,12075,2098
2020/03/13,11100,11400,10850,11250,▼750,－6.25%,12225,7840
2020/03/12,11900,12050,11350,12000,▼100,－0.83%,12320,4568
2020/03/11,12350,12350,11950,12100,▼250,－2.02%,12375,5621
2020/03/10,12100,12500,12100,12350,▲50,＋0.41%,12425,1710
2020/03/09,12400,12800,12300,12300,▼250,－1.99%,12465,1031
2020/03/06,12600,12600,12400,12550,0.0,0.00%,12480,1153
2020/03/05,12450,12700,12450,12550,▲100,＋0.80%,12480,512
2020/03/04,12500,12500,12400,12450,▲50,＋0.40%,12480,190
2020/03/03,12700,12700,12350,12400,▲100,＋0.81%,12500,673
2020/03/02,12200,12350,12200,12300,▲100,＋0.82%,12525,1509
2020/02/28,12400,12400,12200,12200,▼350,－2.79%,12555,4131
2020/02/27,12800,12800,12450,12550,▼50,－0.40%,12610,1361
2020/02/26,12750,12750,12500,12600,▼150,－1.18%,12630,615
2020/02/25,12400,12750,12400,12750,▲300,＋2.41%,12645,3908
2020/02/24,12500,12500,12400,12450,▼100,－0.80%,12650,2617
2020/02/21,12600,12700,12500,12550,0.0,0.00%,12690,6473
2020/02/20,12900,12900,12500,12550,▼100,－0.79%,12720,2032
2020/02/19,12650,12650,12600,12650,0.0,0.00%,12735,1101
2020/02/18,12550,12700,12550,12650,▲50,＋0.40%,12735,1090
2020/02/17,12800,12800,12550,12600,▼150,－1.18%,12725,3654
2020/02/14,12750,12850,12700,12750,0.0,0.00%,12710,2311
2020/02/13,12800,12850,12700,12750,0.0,0.00%,12685,3716
2020/02/12,12900,12900,12650,12750,▼50,－0.39%,12660,3607
2020/02/11,12950,12950,12700,12800,▼50,－0.39%,12640,4556
2020/02/10,12950,12950,12750,12850,0.0,0.00%,12600,3515
2020/02/07,12750,13000,12700,12850,▲150,＋1.18%,12585,3475
2020/02/06,12650,12750,12500,12700,▲50,＋0.40%,12565,1326
2020/02/05,12650,12700,12450,12650,▲100,＋0.80%,12560,1253
2020/02/04,12500,12600,12350,12550,▲100,＋0.80%,12560,539
2020/02/03,12300,12450,12300,12450,▼50,－0.40%,12575,1380
2020/01/31,12500,12550,12450,12500,0.0,0.00%,12605,4727
2020/01/30,12550,12700,12400,12500,▼50,－0.40%,12625,6236
2020/01/29,12550,12550,12350,12550,▲150,＋1.21%,12655,2591
2020/01/28,12550,12550,12300,12400,▼300,－2.36%,12685,5965
2020/01/23,12650,12700,12600,12700,▲50,＋0.40%,12730,1163
2020/01/22,12650,12750,12600,12650,0.0,0.00%,12745,681
2020/01/21,12600,12700,12600,12650,0.0,0.00%,12755,1891
2020/01/20,12800,12800,12550,12650,▼50,－0.39%,12780,3573
2020/01/17,12600,12800,12600,12700,▼50,－0.39%,12790,762
2020/01/16,12800,12800,12600,12750,▲50,＋0.39%,12805,1311
2020/01/15,12700,12800,12600,12700,▼100,－0.78%,12810,4284
2020/01/14,13050,13050,12650,12800,▼50,－0.39%,12835,1395
2020/01/13,13100,13100,12600,12850,0.0,0.00%,12850,129
2020/01/10,13000,13000,12650,12850,0.0,0.00%,12905,228
2020/01/09,13000,13000,12750,12850,▲100,＋0.78%,12950,412
2020/01/08,12800,12850,12600,12750,▼150,－1.16%,13000,1408
2020/01/07,12900,12900,12700,12900,▲150,＋1.18%,13080,37
2020/01/06,12850,12850,12650,12750,▼100,－0.78%,13150,997
2020/01/03,12800,12900,12700,12850,▲50,＋0.39%,13225,871
2020/01/02,12850,12850,12700,12800,▼150,－1.16%,13280,2051
2019/12/30,13100,13100,12900,12950,0.0,0.00%,13350,1037
2019/12/27,13250,13250,12950,12950,▼450,－3.36%,13410,2357
2019/12/26,13400,13400,13250,13400,▲100,＋0.75%,13440,3010
2019/12/24,13200,13350,13200,13300,▼50,－0.37%,13420,6270
2019/12/23,13550,13550,13200,13350,▼200,－1.48%,13430,3983
2019/12/20,13600,13650,13350,13550,▼50,－0.37%,13430,3571
2019/12/19,13500,13600,13450,13600,▲100,＋0.74%,13385,2333
2019/12/18,13400,13500,13250,13500,▲100,＋0.75%,13305,1999
2019/12/17,13350,13450,13300,13400,▼100,－0.74%,13225,2124
2019/12/16,13550,13550,13300,13500,▼50,－0.37%,13160,1845
2019/12/13,13250,13600,13050,13550,▲300,＋2.26%,13085,11323
2019/12/12,13200,13300,13150,13250,▲50,＋0.38%,13005,4650
2019/12/11,13400,13400,13050,13200,▼200,－1.49%,12950,1287
2019/12/10,13350,13500,13000,13400,▲50,＋0.37%,12905,2510
2019/12/09,13100,13350,13100,13350,▲250,＋1.91%,12840,6078
2019/12/06,12700,13200,12700,13100,▲300,＋2.34%,12775,2606
2019/12/05,12700,13300,12600,12800,▲100,＋0.79%,12725,9446
2019/12/04,12600,12800,12600,12700,▼50,－0.39%,12695,583
2019/12/03,12600,12750,12600,12750,0.0,0.00%,12680,1588
2019/12/02,12800,12800,12600,12750,0.0,0.00%,12675,1107
2019/11/29,12700,12750,12650,12750,▲50,＋0.39%,12665,660
2019/11/28,12700,12850,12700,12700,▼50,－0.39%,12660,3837
2019/11/27,12800,12800,12650,12750,0.0,0.00%,12650,783
2019/11/26,12700,12750,12600,12750,▲50,＋0.39%,12640,807
2019/11/25,12600,12700,12550,12700,▲100,＋0.79%,12645,622
2019/11/22,12500,12600,12500,12600,▲100,＋0.80%,12655,1403
2019/11/21,12650,12650,12500,12500,▼50,－0.40%,12680,1467
2019/11/20,12700,12700,12500,12550,▼150,－1.18%,12705,3371
2019/11/19,12600,12700,12600,12700,▲50,＋0.40%,12720,2202
2019/11/18,12650,12750,12650,12650,▼50,－0.39%,12720,2567
2019/11/15,12600,12700,12600,12700,▲100,＋0.79%,12725,1226
2019/11/14,12650,12650,12550,12600,▼50,－0.40%,12725,2352
2019/11/13,12800,12800,12600,12650,▼150,－1.17%,12725,1672
2019/11/12,12800,12800,12650,12800,0.0,0.00%,12715,984
2019/11/11,12800,12850,12750,12800,▼50,－0.39%,12690,502
2019/11/08,12750,12850,12750,12850,▲100,＋0.78%,12670,1264
2019/11/07,12700,12800,12700,12750,▲50,＋0.39%,12645,525
2019/11/06,12700,12700,12600,12700,0.0,0.00%,12625,293
2019/11/05,12700,12700,12550,12700,0.0,0.00%,12605,751
2019/11/04,12800,12800,12600,12700,0.0,0.00%,12595,876
2019/11/01,12600,12750,12550,12700,▲100,＋0.79%,12590,3776
2019/10/31,12600,12600,12500,12600,▲50,＋0.40%,12585,3245
2019/10/30,12600,12600,12500,12550,0.0,0.00%,12605,5289
2019/10/29,12600,12650,12500,12550,▼50,－0.40%,12645,4025
2019/10/28,12600,12600,12500,12600,0.0,0.00%,12675,5121
2019/10/25,12550,12600,12500,12600,▲50,＋0.40%,12700,3698
2019/10/24,12500,12550,12450,12550,▲50,＋0.40%,12710,2829
2019/10/23,12550,12600,12500,12500,▼100,－0.79%,12720,6009
2019/10/22,12600,12650,12500,12600,▼50,－0.40%,12750,7759
2019/10/21,12650,12700,12550,12650,0.0,0.00%,12775,5996
2019/10/18,12850,12850,12600,12650,▼150,－1.17%,12810,10606
2019/10/17,12850,12900,12800,12800,▼150,－1.16%,12875,2311
2019/10/16,12800,13250,12750,12950,▲100,＋0.78%,12930,7616
2019/10/15,12850,12900,12750,12850,0.0,0.00%,13025,2188
2019/10/14,12700,12900,12700,12850,▲150,＋1.18%,13190,4243
2019/10/11,12750,12750,12600,12700,▲50,＋0.40%,13410,6922
2019/10/10,12900,12900,12650,12650,▼150,－1.17%,13725,6801
2019/10/08,12700,12850,12700,12800,▼50,－0.39%,13940,10895
2019/10/07,13000,13000,12750,12850,▼150,－1.15%,14050,10536
2019/10/04,13150,13300,13000,13000,▼300,－2.26%,14295,9329
2019/10/02,13550,13550,13100,13300,▼50,－0.37%,14415,22636
2019/10/01,13650,13650,13300,13350,▼550,－3.96%,14460,28881
2019/09/30,14150,14150,13750,13900,▼600,－4.14%,14470,27432
2019/09/27,15150,15500,14300,14500,▼550,－3.65%,14360,50747
2019/09/26,14850,15650,14450,15050,▼800,－5.05%,14190,109325
2019/09/25,15100,16200,14500,15850,▲1050,＋7.09%,13965,170739
2019/09/24,15950,15950,14150,14800,▲900,＋6.47%,13635,141873
2019/09/23,14000,14700,13800,13900,▼1400,－9.15%,13440,74198
2019/09/20,13850,15300,13500,15300,▲1100,＋7.75%,13345,143767
2019/09/19,17850,17850,14200,14200,▲450,＋3.27%,13100,430637
2019/09/18,13450,13750,13350,13750,▲300,＋2.23%,12945,36579
2019/09/17,13850,13850,13200,13450,▲650,＋5.08%,12825,28457
2019/09/16,12800,12800,12600,12800,0.0,0.00%,12730,2816
2019/09/11,12700,12950,12700,12800,0.0,0.00%,12700,300
2019/09/10,12550,12800,12550,12800,▲250,＋1.99%,12660,65
2019/09/09,12500,12850,12500,12550,▼300,－2.33%,12605,410
2019/09/06,12650,12850,12650,12850,▼100,－0.77%,12585,297
2019/09/05,12850,12950,12500,12950,▲100,＋0.78%,12545,415
2019/09/04,12700,12850,12650,12850,▲200,＋1.58%,12485,162
2019/09/03,12500,12650,12500,12650,▲100,＋0.80%,12450,166
2019/09/02,12500,12550,12500,12550,▲50,＋0.40%,12430,282
2019/08/30,12500,12550,12450,12500,0.0,0.00%,12415,632
2019/08/29,12450,12500,12450,12500,▲100,＋0.81%,12395,62
2019/08/28,12300,12450,12150,12400,▲150,＋1.22%,12395,343
2019/08/27,12200,12450,12200,12250,▼100,－0.81%,12405,407
2019/08/26,12350,12350,12200,12350,▼100,－0.80%,12455,235
2019/08/23,12350,12500,12350,12450,▲100,＋0.81%,12475,700
2019/08/22,12400,12500,12350,12350,▼150,－1.20%,12490,1251
2019/08/21,12500,12500,12300,12500,▲50,＋0.40%,12490,1848
2019/08/20,12400,12500,12400,12450,▲50,＋0.40%,12475,2078
2019/08/19,12450,12450,12100,12400,▲100,＋0.81%,12460,1688
2019/08/16,12350,12400,12200,12300,▼200,－1.60%,12530,2199
2019/08/14,12750,12750,12400,12500,0.0,0.00%,12615,4554
2019/08/13,12500,12950,12400,12500,▼250,－1.96%,12705,2111
2019/08/12,12700,12950,12400,12750,▲200,＋1.59%,12740,750
2019/08/09,12600,12850,12500,12550,▼50,－0.40%,12715,1800
2019/08/08,12250,12950,12250,12600,▲250,＋2.02%,12760,2260
2019/08/07,12600,12600,12300,12350,0.0,0.00%,12805,1746
2019/08/06,12100,12600,12000,12350,▲50,＋0.41%,12860,6181
2019/08/05,13100,13100,12150,12300,▼800,－6.11%,12945,8922
2019/08/02,12900,13250,12900,13100,▼50,－0.38%,12985,1208
2019/08/01,13650,13650,12950,13150,▼250,－1.87%,12955,2660
2019/07/31,12850,13500,12850,13400,▲550,＋4.28%,12905,6351
2019/07/30,12500,12900,12500,12850,▲350,＋2.80%,12840,1597
2019/07/29,12800,12900,12350,12500,▼500,－3.85%,12845,5098
2019/07/26,12900,13000,12650,13000,▼50,－0.38%,12885,788
2019/07/25,12900,13100,12750,13050,▲150,＋1.16%,12875,5056
2019/07/24,12950,13250,12850,12900,▼300,－2.27%,12865,3597
2019/07/23,12700,13300,12700,13200,▲500,＋3.94%,12860,6831
2019/07/22,12800,12800,12650,12700,▼100,－0.78%,12820,1603
2019/07/19,12650,12850,12650,12800,▲150,＋1.19%,12840,1721
2019/07/18,12700,12800,12650,12650,▼100,－0.78%,12845,3629
2019/07/17,12850,12850,12650,12750,▼150,－1.16%,12875,7295
2019/07/16,12900,12900,12850,12900,0.0,0.00%,12895,1978
2019/07/15,12900,12900,12800,12900,0.0,0.00%,12900,4405
2019/07/12,12950,13000,12800,12900,▼50,－0.39%,12910,1927
2019/07/11,12800,13000,12800,12950,▲100,＋0.78%,12935,1226
2019/07/10,12800,13000,12800,12850,▲50,＋0.39%,12940,4619
2019/07/09,12900,12950,12750,12800,▼100,－0.78%,12945,5632
2019/07/08,12850,12950,12750,12900,▲50,＋0.39%,12950,7319
2019/07/05,12800,12900,12750,12850,▼100,－0.77%,12940,4763
2019/07/04,13050,13050,12800,12950,0.0,0.00%,12940,1502
2019/07/03,13050,13050,12800,12950,0.0,0.00%,12930,6911
2019/07/02,13000,13000,12800,12950,▼50,－0.38%,12925,4520
2019/07/01,13150,13150,12900,13000,▼150,－1.14%,12905,5886
2019/06/28,12900,13150,12800,13150,▲150,＋1.15%,12870,4145
2019/06/27,12900,13200,12800,13000,▲100,＋0.78%,12835,8085
2019/06/26,12800,12900,12750,12900,▲50,＋0.39%,12820,4153
2019/06/25,12800,12850,12700,12850,▲50,＋0.39%,12805,5920
2019/06/24,12800,12850,12700,12800,▼50,－0.39%,12805,5267
2019/06/21,12800,12900,12750,12850,0.0,0.00%,12805,2883
2019/06/20,12900,13000,12800,12850,▼50,－0.39%,12810,4426
2019/06/19,12750,12900,12750,12900,▲150,＋1.18%,12800,5193
2019/06/18,12800,12950,12650,12750,▲100,＋0.79%,12775,9833
2019/06/17,12800,12800,12550,12650,▼150,－1.17%,12750,14767
2019/06/14,12850,12900,12650,12800,▼50,－0.39%,12770,8936
2019/06/13,12800,12900,12700,12850,▲100,＋0.78%,12725,4568
2019/06/12,12700,12900,12650,12750,▼100,－0.78%,12655,5277
2019/06/11,12750,12900,12750,12850,▲50,＋0.39%,12605,4078
2019/06/10,13000,13000,12650,12800,▼100,－0.78%,12550,6589
2019/06/07,12700,12900,12700,12900,▲150,＋1.18%,12500,5694
2019/06/05,12700,12900,12600,12750,▲100,＋0.79%,12495,3756
2019/06/04,12550,13000,12500,12650,▲150,＋1.20%,12535,8199
2019/06/03,12900,12900,12500,12500,▼350,－2.72%,12600,17679
2019/05/31,13000,13750,12550,12850,▲500,＋4.05%,12650,83325
2019/05/30,12750,12750,12250,12350,▲200,＋1.65%,12700,18050
2019/05/29,12300,12300,12150,12150,▼100,－0.82%,12810,24177
2019/05/28,12300,12400,12150,12250,▼50,－0.41%,12960,9756
2019/05/27,12550,12550,12150,12300,0.0,0.00%,13105,34283
2019/05/24,12800,12950,12300,12300,▼550,－4.28%,13245,30219
2019/05/23,13050,13200,12800,12850,▼300,－2.28%,13385,9951
2019/05/22,13400,13400,13150,13150,▼150,－1.13%,13555,4300
2019/05/21,13000,13300,12900,13300,▲300,＋2.31%,13680,6750
2019/05/20,13350,13350,12900,13000,▼350,－2.62%,13865,12721
2019/05/17,13450,13550,13300,13350,▼100,－0.74%,14040,13045
2019/05/16,13600,13700,13200,13450,▼200,－1.47%,14170,29019
2019/05/15,13550,13700,13450,13650,▼50,－0.36%,14290,12297
2019/05/14,14400,14400,13500,13700,0.0,0.00%,14380,27408
2019/05/13,14100,14150,13700,13700,0.0,0.00%,14550,26223
2019/05/10,14200,14500,13700,13700,▼850,－5.84%,14800,64526
2019/05/09,14300,15750,14300,14550,▲150,＋1.04%,15640,126622
2019/05/08,14850,14950,14200,14400,▼750,－4.95%,15885,36007
2019/05/07,14950,15300,14450,15150,▲400,＋2.71%,15755,42824
2019/05/03,14700,15100,14450,14750,▲100,＋0.68%,15540,46124
2019/05/02,14250,14700,14200,14650,0.0,0.00%,15335,41256
2019/04/30,15150,15150,13950,14650,▲100,＋0.69%,15155,92126
2019/04/29,14750,15000,14150,14550,▼850,－5.52%,14935,106459
2019/04/26,15700,16400,14600,15400,▼800,－4.94%,14760,195988
2019/04/25,16000,16950,15650,16200,▼5900,－26.70%,14470,525368
2019/04/24,21500,22100,21500,22100,▲5100,＋30.00%,14085,161268
2019/04/23,13100,17000,13100,17000,▲3900,＋29.77%,13115,255733
2019/04/22,13400,13400,13000,13100,▲100,＋0.77%,12650,2330
2019/04/19,12800,13000,12800,13000,▲300,＋2.36%,12570,1201
2019/04/18,13000,13000,12650,12700,▼150,－1.17%,12500,2043
2019/04/17,12700,13000,12700,12850,▲400,＋3.21%,12465,5660
2019/04/16,13000,13000,12450,12450,▼350,－2.73%,12420,2939
2019/04/15,12550,12950,12550,12800,▲300,＋2.40%,12420,3892
2019/04/12,12400,12600,12400,12500,▲150,＋1.21%,12380,3780
2019/04/11,12300,12350,12250,12350,▼50,－0.40%,12415,2745
2019/04/10,12450,12450,12250,12400,▲50,＋0.40%,12415,834
2019/04/09,12450,12450,12350,12350,▲50,＋0.41%,12420,120
2019/04/08,12300,12350,12300,12300,0.0,0.00%,12440,295
2019/04/05,12250,12400,12200,12300,▼50,－0.40%,12460,3679
2019/04/04,12350,12350,12300,12350,▼50,－0.40%,12460,3288
2019/04/03,12350,12450,12350,12400,▼50,－0.40%,12460,202
2019/04/02,12650,12650,12350,12450,▲50,＋0.40%,12465,79
2019/04/01,12600,12600,12350,12400,▼450,－3.50%,12450,1371
2019/03/29,12300,12850,12200,12850,▲500,＋4.05%,12425,450
2019/03/28,12400,12500,12300,12350,▼100,－0.80%,12355,166
2019/03/27,12550,12550,12400,12450,▼100,－0.80%,12335,251
2019/03/26,12450,12550,12350,12550,▲50,＋0.40%,12305,323
2019/03/25,12300,12500,12250,12500,▲200,＋1.63%,12270,1303
2019/03/22,12500,12550,12250,12300,▼50,－0.40%,12240,4450
2019/03/21,12250,12350,12250,12350,▼100,－0.80%,12230,10
2019/03/20,12450,12450,12450,12450,▲150,＋1.22%,12220,532
2019/03/19,12150,12450,12150,12300,▲150,＋1.23%,12205,478
2019/03/18,12150,12150,12100,12150,0.0,0.00%,12200,62
2019/03/15,12100,12200,12100,12150,0.0,0.00%,12205,1006
2019/03/14,12200,12200,12100,12150,0.0,0.00%,12220,750
2019/03/13,12200,12200,12050,12150,▼50,－0.41%,12215,1342
2019/03/12,12200,12350,12050,12200,0.0,0.00%,12210,555
2019/03/11,12250,12250,12100,12200,0.0,0.00%,12200,174
2019/03/08,12100,12200,12100,12200,▼50,－0.41%,12185,185
2019/03/07,12100,12250,12100,12250,▼50,－0.41%,12165,320
2019/03/06,12400,12400,12200,12300,▲50,＋0.41%,12145,1782
2019/03/05,12200,12250,12200,12250,▲50,＋0.41%,12115,2140
2019/03/04,12300,12300,12100,12200,▼100,－0.81%,12090,1022
2019/02/28,12100,12350,12100,12300,▲200,＋1.65%,12070,685
2019/02/27,12050,12100,12000,12100,0.0,0.00%,12045,221
2019/02/26,12000,12100,12000,12100,0.0,0.00%,12035,1169
2019/02/25,12050,12100,12000,12100,▲50,＋0.41%,12030,570
2019/02/22,12050,12050,12000,12050,▲50,＋0.42%,12010,17
2019/02/21,12050,12100,12000,12000,▼50,－0.41%,12005,6687
2019/02/20,12050,12050,12000,12050,▲50,＋0.42%,12020,468
2019/02/19,12000,12100,12000,12000,0.0,0.00%,12030,2886
2019/02/18,12050,12100,12000,12000,0.0,0.00%,12035,2545
2019/02/15,12050,12100,11950,12000,▼50,－0.41%,12045,3018
2019/02/14,12000,12050,11950,12050,▲50,＋0.42%,12045,3204
2019/02/13,12100,12100,11900,12000,▼50,－0.41%,12040,598
2019/02/12,11850,12500,11850,12050,▲150,＋1.26%,12045,270
2019/02/11,12100,12100,11850,11900,▼100,－0.83%,12040,10512
2019/02/08,12200,12200,11950,12000,▼150,－1.23%,12050,5916
2019/02/07,12100,12150,12100,12150,0.0,0.00%,12050,632
2019/02/01,12100,12150,12000,12150,▲100,＋0.83%,12035,1815
2019/01/31,12150,12150,12000,12050,▼50,－0.41%,12020,312
2019/01/30,12100,12100,12000,12100,▲100,＋0.83%,12015,155
2019/01/29,12100,12200,12000,12000,0.0,0.00%,12005,3086
2019/01/28,12050,12050,12000,12000,▼50,－0.41%,12020,1611
2019/01/25,12050,12050,11950,12050,▲50,＋0.42%,12030,2625
2019/01/24,12000,12100,12000,12000,0.0,0.00%,12030,745
2019/01/23,12100,12100,11950,12000,0.0,0.00%,12030,474
2019/01/22,12000,12100,11950,12000,0.0,0.00%,12030,815
2019/01/21,12000,12000,11900,12000,0.0,0.00%,12030,412
2019/01/18,12000,12000,11900,12000,0.0,0.00%,12040,832
2019/01/17,12000,12000,11950,12000,0.0,0.00%,12035,364
2019/01/16,12100,12200,11950,12000,▼150,－1.23%,12035,723
2019/01/15,12150,12250,12000,12150,▲50,＋0.41%,12035,144
2019/01/14,11950,12100,11900,12100,▲50,＋0.41%,12040,163
2019/01/11,12100,12100,11950,12050,▲50,＋0.42%,12030,27
2019/01/10,12050,12300,11950,12000,0.0,0.00%,12065,189
2019/01/09,12000,12300,12000,12000,0.0,0.00%,12140,71
2019/01/08,12000,12000,11850,12000,▼100,－0.83%,12210,46
2019/01/07,12000,12100,12000,12100,▲150,＋1.26%,12285,14
2019/01/04,12000,12000,11900,11950,▼50,－0.42%,12345,124
2019/01/03,12000,12000,11900,12000,0.0,0.00%,12435,422
2019/01/02,12000,12000,11850,12000,▼200,－1.64%,12515,519
2018/12/28,12100,12200,11850,12200,▲200,＋1.67%,12595,794
2018/12/27,12000,12250,11800,12000,▼400,－3.23%,12650,1417
2018/12/26,12650,12650,12300,12400,▼350,－2.75%,12720,10400
2018/12/24,12700,12900,12400,12750,▲50,＋0.39%,12750,1379
2018/12/21,12550,12750,12550,12700,▼50,－0.39%,12755,752
2018/12/20,12800,12800,12550,12750,▲50,＋0.39%,12770,54
2018/12/19,12550,12850,12550,12700,▼150,－1.17%,12780,626
2018/12/18,12600,12850,12600,12850,▲50,＋0.39%,12785,2096
2018/12/17,12650,12800,12650,12800,0.0,0.00%,12770,396
2018/12/14,12650,12800,12650,12800,▲50,＋0.39%,12765,84
2018/12/13,12700,12750,12650,12750,▲50,＋0.39%,12760,240
2018/12/12,12750,12750,12600,12700,0.0,0.00%,12765,2269
2018/12/11,12600,12750,12600,12700,▼100,－0.78%,12780,496
2018/12/10,12700,12850,12600,12800,▼50,－0.39%,12780,235
2018/12/07,12700,12850,12700,12850,0.0,0.00%,12770,7827
2018/12/06,12750,12850,12600,12850,▲100,＋0.78%,12750,390
2018/12/05,12700,12750,12600,12750,▲50,＋0.39%,12735,252
2018/12/04,12700,13100,12700,12700,▼50,－0.39%,12730,1110
2018/12/03,12600,12800,12600,12750,0.0,0.00%,12755,292
2018/11/30,12800,12850,12600,12750,▼50,－0.39%,12755,5813
2018/11/29,12800,12800,12750,12800,▼50,－0.39%,12770,10194
2018/11/28,12750,12850,12600,12850,▲150,＋1.18%,12765,477
2018/11/27,12700,12850,12650,12700,0.0,0.00%,12755,700
2018/11/26,12650,12800,12650,12700,▲50,＋0.40%,12725,193
2018/11/23,12700,13000,12650,12650,▼50,－0.39%,12695,3500
2018/11/22,12700,12900,12700,12700,0.0,0.00%,12680,49
2018/11/21,12950,13000,12650,12700,▼250,－1.93%,12665,1178
2018/11/20,12750,12950,12650,12950,▲200,＋1.57%,12630,216
2018/11/19,12900,13000,12750,12750,▼150,－1.16%,12540,1346
2018/11/16,12850,12900,12700,12900,▲150,＋1.18%,12460,261
2018/11/15,12800,12900,12700,12750,0.0,0.00%,12390,2422
2018/11/14,12600,13200,12600,12750,▲350,＋2.82%,12300,4443
2018/11/13,12400,12700,12300,12400,0.0,0.00%,12195,779
2018/11/12,12500,12650,12400,12400,▼100,－0.80%,12130,98
2018/11/09,12400,12550,12300,12500,▼50,－0.40%,12070,140
2018/11/08,12400,12600,12400,12550,▲200,＋1.62%,12035,2015
2018/11/07,12150,12750,12150,12350,▲300,＋2.49%,11990,1282
2018/11/06,11950,12200,11950,12050,▲100,＋0.84%,11995,281
2018/11/05,12200,12200,11750,11950,▼250,－2.05%,12050,375
2018/11/02,11900,12200,11900,12200,▲350,＋2.95%,12115,437
2018/11/01,11650,12500,11650,11850,▲150,＋1.28%,12150,831
2018/10/31,11750,11750,11600,11700,▼50,－0.43%,12225,367
2018/10/30,11250,11750,11250,11750,▼50,－0.42%,12315,1084
2018/10/29,12150,12150,11650,11800,▼350,－2.88%,12395,1252
2018/10/26,12200,12250,11950,12150,▲50,＋0.41%,12455,1124
2018/10/25,12400,12400,12000,12100,▼300,－2.42%,12490,2870
2018/10/24,12200,12500,12200,12400,▼200,－1.59%,12510,37
2018/10/23,12600,12600,12500,12600,0.0,0.00%,12550,64
2018/10/22,12350,12600,12350,12600,▲50,＋0.40%,12585,67
2018/10/19,12500,12600,12350,12550,▼50,－0.40%,12640,1378
2018/10/18,12500,12600,12500,12600,0.0,0.00%,12725,618
2018/10/17,12500,12600,12500,12600,▲50,＋0.40%,12795,959
2018/10/16,12600,12600,12400,12550,▲150,＋1.21%,12875,30
2018/10/15,12500,12550,12350,12400,▼100,－0.80%,12965,841
2018/10/12,12950,12950,12350,12500,▲200,＋1.63%,13080,670
2018/10/11,12500,12550,12100,12300,▼500,－3.91%,13175,1900
2018/10/10,12950,13000,12200,12800,▼150,－1.16%,13295,3271
2018/10/08,13200,13200,12800,12950,▼200,－1.52%,13370,3767
2018/10/05,13300,13300,13150,13150,▼250,－1.87%,13430,1984
2018/10/04,13400,13450,13200,13400,▲100,＋0.75%,13480,1079
2018/10/02,13400,13500,13300,13300,▼100,－0.75%,13490,852
2018/10/01,13450,13550,13400,13400,▼50,－0.37%,13505,432
2018/09/28,13500,13500,13350,13450,▼100,－0.74%,13515,266
2018/09/27,13500,13550,13400,13550,▲100,＋0.74%,13520,546
2018/09/21,13450,13500,13350,13450,▼50,－0.37%,13530,1902
2018/09/20,13450,13550,13300,13500,▼50,－0.37%,13540,1752
2018/09/19,13550,13650,13450,13550,0.0,0.00%,13550,1377
2018/09/18,13600,14000,13500,13550,▼100,－0.73%,13560,4255
2018/09/17,13500,13650,13300,13650,▲150,＋1.11%,13575,2054
2018/09/14,13550,14900,13500,13500,▲50,＋0.37%,13580,18738
2018/09/13,13500,13600,13400,13450,▼50,－0.37%,13615,1269
2018/09/12,13650,13650,13350,13500,0.0,0.00%,13660,1224
2018/09/11,13650,13650,13450,13500,▼150,－1.10%,13700,1351
2018/09/10,13500,13650,13400,13650,▲100,＋0.74%,13740,752
2018/09/07,13500,13600,13450,13550,▼50,－0.37%,13765,276
2018/09/06,13600,13800,13500,13600,▼50,－0.37%,13790,2428
2018/09/05,13750,13850,13550,13650,▼50,－0.36%,13800,517
2018/09/04,13850,13850,13550,13700,0.0,0.00%,13795,4056
2018/09/03,14050,14100,13600,13700,▼150,－1.08%,13780,2895
2018/08/31,13950,13950,13800,13850,▼50,－0.36%,13755,40
2018/08/30,14100,14100,13800,13900,0.0,0.00%,13725,231
2018/08/29,14000,14000,13900,13900,0.0,0.00%,13675,48
2018/08/28,13900,14200,13850,13900,0.0,0.00%,13640,2324
2018/08/27,13800,13900,13800,13900,▲100,＋0.72%,13610,262
2018/08/24,13550,13800,13550,13800,▲100,＋0.73%,13585,863
2018/08/23,13650,13750,13600,13700,▲100,＋0.74%,13585,1170
2018/08/22,13500,13600,13500,13600,▲50,＋0.37%,13595,687
2018/08/21,13550,13600,13450,13550,▲100,＋0.74%,13615,1707
2018/08/20,13550,13600,13450,13450,▼100,－0.74%,13630,346
2018/08/17,13600,13600,13400,13550,▲150,＋1.12%,13655,1333
2018/08/16,13500,13600,13350,13400,▼150,－1.11%,13665,1342
2018/08/14,13500,13550,13450,13550,▼50,－0.37%,13695,1168
2018/08/13,13600,13600,13550,13600,▼50,－0.37%,13690,1657
2018/08/10,13800,13800,13600,13650,▼150,－1.09%,13670,1626
2018/08/09,13650,13800,13650,13800,0.0,0.00%,13655,1378
2018/08/08,13700,13900,13650,13800,0.0,0.00%,13630,2014
2018/08/07,13700,13950,13600,13800,▲100,＋0.73%,13600,2725
2018/08/06,13700,13800,13700,13700,0.0,0.00%,13570,1230
2018/08/03,13650,13800,13650,13700,▲50,＋0.37%,13540,970
2018/08/02,13700,13750,13600,13650,▼50,－0.36%,13515,1749
2018/08/01,13500,13750,13400,13700,▲200,＋1.48%,13500,4548
2018/07/31,13400,13600,13400,13500,▲100,＋0.75%,13470,537
2018/07/30,13500,13500,13400,13400,▼100,－0.74%,13470,1163
2018/07/27,13450,13550,13400,13500,▼50,－0.37%,13485,655
2018/07/26,13550,13600,13450,13550,▲50,＋0.37%,13495,1640
2018/07/25,13500,13550,13400,13500,0.0,0.00%,13495,2747
2018/07/24,13550,13550,13300,13500,▲100,＋0.75%,13490,4306
2018/07/23,13500,14250,13400,13400,▼50,－0.37%,13515,10978
2018/07/20,13400,13450,13350,13450,▼50,－0.37%,13655,2508
2018/07/19,13400,13550,13350,13500,▲100,＋0.75%,13630,3560
2018/07/18,13450,13550,13350,13400,▼100,－0.74%,13585,4512
2018/07/17,13550,13550,13350,13500,▼50,－0.37%,13550,3607
2018/07/16,13600,13600,13400,13550,▼50,－0.37%,13500,5163
2018/07/13,13450,13600,13350,13600,▲50,＋0.37%,13485,6119
2018/07/12,13750,14800,13350,13550,▲100,＋0.74%,13480,35651
2018/07/11,13750,14150,13250,13450,▼300,－2.18%,13475,35572
2018/07/10,14050,14050,13400,13750,▼1050,－7.09%,13485,68677
2018/07/09,13350,16100,13150,14800,▲1600,＋12.12%,13470,284179
2018/07/06,13100,13200,12800,13200,▲150,＋1.15%,N/A,1461
2018/07/05,13050,13100,12900,13050,0.0,0.00%,N/A,405
2018/07/04,13050,13100,12900,13050,▲50,＋0.38%,N/A,500
2018/07/03,13400,13400,12750,13000,▼400,－2.99%,N/A,3273
2018/07/02,13550,13800,12850,13400,▼150,－1.11%,N/A,6423
2018/06/29,13300,13750,13300,13550,▲50,＋0.37%,N/A,2574
2018/06/28,13550,13600,13250,13500,▼50,－0.37%,N/A,2243
2018/06/27,13750,13950,13400,13550,▼50,－0.37%,N/A,7986
2018/06/26,13800,13850,13550,13600,0.0,0.00%,N/A,2940
