[일시]동양우,시가,고가,저가,종가,대비,대비율,<가격이동평균>10,[거래량]
2020/11/30,7790,7790,7750,7750,▼40,－0.51%,7865,4730
2020/11/27,7790,7850,7750,7790,0.0,0.00%,7896,9317
2020/11/26,7860,7860,7750,7790,▼90,－1.14%,7922,6477
2020/11/25,7940,7940,7800,7880,▼60,－0.76%,7948,2767
2020/11/24,7850,8000,7790,7940,▲90,＋1.15%,7967,1933
2020/11/23,7840,7850,7720,7850,▲10,＋0.13%,7977,2475
2020/11/20,7830,7890,7810,7840,▼60,－0.76%,8004,5254
2020/11/19,7930,7930,7860,7900,▼50,－0.63%,8026,5450
2020/11/18,7960,8020,7900,7950,▼10,－0.13%,8038,14344
2020/11/17,7990,8000,7910,7960,▼100,－1.24%,8048,7144
2020/11/16,8060,8070,7960,8060,▲10,＋0.12%,8052,6380
2020/11/13,8100,8100,8040,8050,0.0,0.00%,8046,5025
2020/11/12,8100,8100,8050,8050,▼20,－0.25%,8049,6556
2020/11/11,8040,8140,8000,8070,▲30,＋0.37%,8051,9100
2020/11/10,8170,8170,7950,8040,▼80,－0.99%,8071,8723
2020/11/09,7930,8230,7930,8120,▲60,＋0.74%,8102,6983
2020/11/06,8020,8060,8000,8060,▲40,＋0.50%,8125,6458
2020/11/05,8050,8050,7980,8020,▼30,－0.37%,8130,16994
2020/11/04,8100,8120,8030,8050,▲50,＋0.63%,8147,9982
2020/11/03,8000,8160,7930,8000,0.0,0.00%,8127,22166
2020/11/02,7980,8070,7900,8000,▼80,－0.99%,8082,17695
2020/10/30,8000,8310,8000,8080,▲10,＋0.12%,8040,15997
2020/10/29,8030,8100,8010,8070,▼200,－2.42%,8015,20131
2020/10/28,8270,8290,8200,8270,▼80,－0.96%,8040,18344
2020/10/27,8150,8490,8140,8350,0.0,0.00%,7952,28191
2020/10/26,8070,8580,8070,8350,▲240,＋2.96%,7854,29071
2020/10/23,8390,8390,8020,8110,▼80,－0.98%,7736,45739
2020/10/22,7860,8900,7860,8190,▲340,＋4.33%,7660,101880
2020/10/21,7550,8040,7550,7850,▲300,＋3.97%,7564,62825
2020/10/20,7520,7990,7510,7550,▼30,－0.40%,7503,29790
2020/10/19,7700,7700,7500,7580,▼250,－3.19%,7463,47656
2020/10/16,9650,9990,7720,7830,▼490,－5.89%,7434,299361
2020/10/15,7590,8340,7590,8320,▲930,＋12.58%,7394,247014
2020/10/14,7390,7450,7300,7390,▲20,＋0.27%,7303,24509
2020/10/13,7210,7370,7170,7370,▲200,＋2.79%,7300,11233
2020/10/12,7260,7330,7130,7170,▼180,－2.45%,7344,13918
2020/10/08,7230,7390,7210,7350,▲120,＋1.66%,7427,11056
2020/10/07,7200,7230,7120,7230,▼10,－0.14%,7597,3031
2020/10/06,7230,7270,7080,7240,▲90,＋1.26%,7596,15468
2020/10/05,7300,7300,7150,7150,▼140,－1.92%,7586,31310
2020/09/29,7350,7540,7290,7290,▼140,－1.88%,7614,26148
2020/09/28,7340,7540,7320,7430,▲20,＋0.27%,7579,33981
2020/09/25,7320,7790,7280,7410,▲50,＋0.68%,7584,46861
2020/09/24,7450,7540,7230,7360,▼450,－5.76%,7537,50775
2020/09/23,8390,8470,7670,7810,▼190,－2.38%,7490,84226
2020/09/22,8550,8550,7750,8000,▼1050,－11.60%,7392,174824
2020/09/21,7400,9380,7330,9050,▲1830,＋25.35%,7292,470308
2020/09/18,8040,8600,7220,7220,▲80,＋1.12%,7083,194938
2020/09/17,7300,7300,7120,7140,▼290,－3.90%,7052,23794
2020/09/16,6980,7430,6870,7430,▲490,＋7.06%,7025,41641
2020/09/15,7160,7160,6880,6940,▼540,－7.22%,6974,91943
2020/09/14,7000,8570,7000,7480,▲540,＋7.78%,6962,206491
2020/09/11,6820,7130,6810,6940,▲50,＋0.73%,6901,14588
2020/09/10,6840,6890,6750,6890,▲60,＋0.88%,6888,5276
2020/09/09,6990,6990,6820,6830,▼170,－2.43%,6884,1293
2020/09/08,6970,7090,6890,7000,▲40,＋0.57%,6893,6331
2020/09/07,6910,6980,6910,6960,▲50,＋0.72%,6873,2222
2020/09/04,6750,6960,6690,6910,▲40,＋0.58%,6846,788
2020/09/03,6820,6920,6810,6870,▼50,－0.72%,6827,1302
2020/09/02,6950,6950,6750,6920,▲100,＋1.47%,6807,1094
2020/09/01,6750,6830,6750,6820,▼50,－0.73%,6802,1122
2020/08/31,6850,6910,6850,6870,▲60,＋0.88%,6794,797
2020/08/28,6730,6840,6730,6810,▼40,－0.58%,6802,2224
2020/08/27,6910,6910,6760,6850,▼70,－1.01%,6810,4534
2020/08/26,6800,6940,6800,6920,▲120,＋1.76%,6832,684
2020/08/25,6730,6810,6730,6800,▲110,＋1.64%,6839,142
2020/08/24,6670,6690,6670,6690,▼30,－0.45%,6849,199
2020/08/21,6780,6780,6690,6720,▲50,＋0.75%,6861,919
2020/08/20,6780,6780,6630,6670,▼200,－2.91%,6883,16567
2020/08/19,6750,6870,6750,6870,▲130,＋1.93%,6910,4749
2020/08/18,7000,7000,6740,6740,▼210,－3.02%,6923,12637
2020/08/14,7030,7030,6800,6950,▲60,＋0.87%,6930,14066
2020/08/13,7220,7220,6860,6890,▼180,－2.55%,6931,3077
2020/08/12,6840,7090,6810,7070,▲80,＋1.14%,6942,18457
2020/08/11,7000,7000,6840,6990,▲90,＋1.30%,6941,10488
2020/08/10,6790,7020,6750,6900,▲90,＋1.32%,7022,6831
2020/08/07,6930,6940,6810,6810,▼130,－1.87%,7075,24907
2020/08/06,6900,6940,6890,6940,0.0,0.00%,7173,10614
2020/08/05,6900,7200,6870,6940,▼60,－0.86%,7116,7064
2020/08/04,6850,7190,6850,7000,▲190,＋2.79%,7047,13947
2020/08/03,6910,6960,6810,6810,▼150,－2.16%,6954,6288
2020/07/31,7000,7000,6770,6960,▼40,－0.57%,6870,7616
2020/07/30,7010,7230,6930,7000,▼60,－0.85%,6776,11438
2020/07/29,7320,7910,6960,7060,▼740,－9.49%,6677,98033
2020/07/28,6920,8500,6920,7800,▲370,＋4.98%,6576,116792
2020/07/27,7440,7440,6710,7430,▼360,－4.62%,6401,61335
2020/07/24,6500,8240,6490,7790,▲1420,＋22.29%,6261,209815
2020/07/23,6480,6480,6260,6370,▲120,＋1.92%,6116,11186
2020/07/22,6040,6250,6040,6250,▲180,＋2.97%,6147,8963
2020/07/21,6000,6070,5970,6070,▲100,＋1.68%,6151,4536
2020/07/20,6020,6020,5960,5970,▼50,－0.83%,6149,4988
2020/07/17,6010,6030,6000,6020,▲10,＋0.17%,6152,3019
2020/07/16,5960,6060,5960,6010,▼40,－0.66%,6140,12259
2020/07/15,6270,6270,6050,6050,0.0,0.00%,6145,35872
2020/07/14,6030,6050,6000,6050,▲20,＋0.33%,6145,13088
2020/07/13,6290,6290,6000,6030,▼310,－4.89%,6123,24617
2020/07/10,6670,6690,6310,6340,▼340,－5.09%,6098,41489
2020/07/09,6290,6680,6290,6680,▲390,＋6.20%,6048,38689
2020/07/08,6000,6320,6000,6290,▲240,＋3.97%,5970,13257
2020/07/07,6030,6090,5960,6050,▲50,＋0.83%,5940,6499
2020/07/06,5950,6000,5890,6000,▲100,＋1.69%,5910,16277
2020/07/03,6050,6050,5850,5900,▼160,－2.64%,5889,13648
2020/07/02,6100,6250,6000,6060,▲10,＋0.17%,5911,19131
2020/07/01,5790,6080,5780,6050,▲220,＋3.77%,6025,23939
2020/06/30,5900,5980,5780,5830,▲50,＋0.87%,6072,10201
2020/06/29,5840,5840,5710,5780,▼60,－1.03%,6139,15323
2020/06/26,5900,5990,5750,5840,▼60,－1.02%,6173,6977
2020/06/25,5820,5900,5810,5900,▼90,－1.50%,6462,11866
2020/06/24,5750,5990,5600,5990,▲240,＋4.17%,6611,21306
2020/06/23,5790,5830,5700,5750,▼40,－0.69%,6581,16030
2020/06/22,6120,6120,5770,5790,▼330,－5.39%,6551,28511
2020/06/19,7100,7100,6040,6120,▼1080,－15.00%,6489,86683
2020/06/18,6750,7800,6600,7200,▲680,＋10.43%,6388,125261
2020/06/17,6200,6740,6120,6520,▲20,＋0.31%,6182,101547
2020/06/16,6360,6600,6000,6500,▲380,＋6.21%,6042,175045
2020/06/15,7910,7910,6120,6120,▼2610,－29.90%,5902,222250
2020/06/12,7400,9600,7400,8730,▲1340,＋18.13%,5791,449477
2020/06/11,7250,7390,7250,7390,▲1700,＋29.88%,5423,101020
2020/06/10,5450,5820,5440,5690,▲240,＋4.40%,5184,72473
2020/06/09,5610,6720,5170,5450,▲280,＋5.42%,5121,318241
2020/06/08,5210,5210,5110,5170,▲60,＋1.17%,5090,21114
2020/06/05,5150,5170,5010,5110,▼30,－0.58%,5090,1988
2020/06/04,5190,5190,5100,5140,▲20,＋0.39%,5097,3138
2020/06/03,5040,5130,5040,5120,▲20,＋0.39%,5102,4696
2020/06/02,5150,5150,5050,5100,▲90,＋1.80%,5104,2457
2020/06/01,5180,5180,5000,5010,▼40,－0.79%,5104,3838
2020/05/29,5040,5050,4915,5050,▲55,＋1.10%,5118,2946
2020/05/28,5100,5150,4970,4995,▼65,－1.28%,5123,5446
2020/05/27,5180,5180,5060,5060,▼80,－1.56%,5124,993
2020/05/26,5260,5260,5070,5140,▼30,－0.58%,5135,331
2020/05/25,5180,5200,5090,5170,▼10,－0.19%,5123,2756
2020/05/22,5280,5280,5160,5180,▼10,－0.19%,5106,1891
2020/05/21,5200,5200,5110,5190,▲50,＋0.97%,5098,1532
2020/05/20,5170,5170,5040,5140,▲40,＋0.78%,5089,1867
2020/05/19,5030,5100,5020,5100,▼50,－0.97%,5073,4412
2020/05/18,5030,5310,4960,5150,▲50,＋0.98%,5060,27081
2020/05/15,5080,5590,5020,5100,▲90,＋1.80%,5036,38540
2020/05/14,5160,5160,4920,5010,▼160,－3.09%,5015,1559
2020/05/13,5030,5170,4875,5170,▲150,＋2.99%,5001,809
2020/05/12,5040,5040,4950,5020,▲20,＋0.40%,4964,1580
2020/05/11,5050,5080,4875,5000,▼100,－1.96%,4947,2775
2020/05/08,5300,5300,5050,5100,0.0,0.00%,4934,879
2020/05/07,4980,5220,4980,5100,▲120,＋2.41%,4911,730
2020/05/06,5130,5130,4980,4980,▲10,＋0.20%,4887,395
2020/05/04,4930,5100,4930,4970,▲65,＋1.33%,4883,1111
2020/04/29,4930,4930,4855,4905,▲15,＋0.31%,4876,4555
2020/04/28,4870,4900,4820,4890,▲15,＋0.31%,4879,6439
2020/04/27,4950,4950,4720,4875,▲75,＋1.56%,4884,9833
2020/04/24,5110,5110,4800,4800,▼50,－1.03%,4884,1128
2020/04/23,4895,4895,4815,4850,▼20,－0.41%,4888,2065
2020/04/22,4930,4935,4760,4870,0.0,0.00%,4887,6860
2020/04/21,4980,4980,4800,4870,▲10,＋0.21%,4894,1737
2020/04/20,4940,4950,4860,4860,▼80,－1.62%,4909,3009
2020/04/17,4900,4995,4875,4940,▲40,＋0.82%,4924,1729
2020/04/16,4950,4955,4800,4900,▼35,－0.71%,4916,1582
2020/04/14,4960,4960,4805,4935,0.0,0.00%,4893,1014
2020/04/13,4715,4940,4715,4935,▲55,＋1.13%,4829,2191
2020/04/10,4890,4890,4775,4880,▲40,＋0.83%,4768,7237
2020/04/09,4835,4880,4665,4840,▲5,＋0.10%,4710,2086
2020/04/08,4995,4995,4750,4835,▼110,－2.22%,4655,3374
2020/04/07,5020,5020,4840,4945,▼75,－1.49%,4596,4252
2020/04/06,5200,5200,4980,5020,▲10,＋0.20%,4502,15010
2020/04/03,5030,5030,4805,5010,▲155,＋3.19%,4372,9840
2020/04/02,4275,4875,4275,4855,▲185,＋3.96%,4262,8787
2020/04/01,4345,4875,4345,4670,▲370,＋8.60%,4153,8119
2020/03/31,4240,4490,4240,4300,▼20,－0.46%,4165,5268
2020/03/30,4200,4395,4200,4320,▲20,＋0.47%,4216,4543
2020/03/27,4290,4395,4235,4300,▲10,＋0.23%,4273,9188
2020/03/26,4395,4395,4120,4290,▲40,＋0.94%,4394,4585
2020/03/25,4145,4585,4050,4250,▲245,＋6.12%,4516,5339
2020/03/24,3935,4120,3750,4005,▲285,＋7.66%,4699,11713
2020/03/23,3870,3870,3690,3720,▼185,－4.74%,4899,6972
2020/03/20,3760,4170,3760,3905,▲135,＋3.58%,5157,5642
2020/03/19,4835,4835,3750,3770,▼1020,－21.29%,5424,5664
2020/03/18,4805,4890,4690,4790,▼20,－0.42%,5671,13936
2020/03/17,5150,5150,4650,4810,▼80,－1.64%,5829,8036
2020/03/16,5490,5490,4890,4890,▼620,－11.25%,5964,3256
2020/03/13,4920,5510,4440,5510,0.0,0.00%,6087,17287
2020/03/12,5750,6000,5510,5510,▼570,－9.38%,6282,9626
2020/03/11,6130,6230,5950,6080,▲80,＋1.33%,6333,15854
2020/03/10,6010,6150,6000,6000,▼300,－4.76%,6331,38172
2020/03/09,6300,6780,6220,6300,▼280,－4.26%,6337,58685
2020/03/06,6260,6980,6090,6580,▲340,＋5.45%,6306,88993
2020/03/05,6170,6470,6170,6240,▼130,－2.04%,6260,36988
2020/03/04,6500,7420,6250,6370,▲210,＋3.41%,6250,227835
2020/03/03,5990,6160,5940,6160,▲40,＋0.65%,6232,107486
2020/03/02,7060,7060,6010,6120,▼1340,－17.96%,6233,246787
2020/02/28,7820,7820,7270,7460,▲1440,＋23.92%,6240,442824
2020/02/27,6210,6220,6000,6020,▼40,－0.66%,6114,4934
2020/02/26,6090,6100,6000,6060,0.0,0.00%,6132,552
2020/02/25,6060,6060,5960,6060,▲70,＋1.17%,6146,304
2020/02/24,6200,6200,5980,5990,▼130,－2.12%,6165,1963
2020/02/21,6140,6140,6000,6120,▼20,－0.33%,6180,614
2020/02/20,6120,6150,6120,6140,▼50,－0.81%,6197,883
2020/02/19,6190,6200,6110,6190,▲20,＋0.32%,6192,64
2020/02/18,6190,6190,6160,6170,▼20,－0.32%,6182,186
2020/02/17,6160,6200,6160,6190,▼10,－0.16%,6174,410
2020/02/14,6200,6240,6160,6200,0.0,0.00%,6155,156
2020/02/13,6230,6270,6200,6200,0.0,0.00%,6161,2103
2020/02/12,6240,6240,6170,6200,▼50,－0.80%,6162,1237
2020/02/11,6180,6260,6120,6250,▲110,＋1.79%,6162,1796
2020/02/10,6300,6470,6110,6140,▼150,－2.38%,6156,3382
2020/02/07,6110,6390,6110,6290,▲200,＋3.28%,6171,7510
2020/02/06,6090,6100,6090,6090,0.0,0.00%,6161,914
2020/02/05,6130,6130,6050,6090,0.0,0.00%,6167,1568
2020/02/04,6060,6100,6030,6090,▲90,＋1.50%,6179,119
2020/02/03,6220,6380,6000,6000,▼260,－4.15%,6194,3896
2020/01/31,6290,6290,6260,6260,▲50,＋0.81%,6219,58
2020/01/30,6230,6350,6010,6210,▲10,＋0.16%,6223,724
2020/01/29,6240,6240,6200,6200,▲10,＋0.16%,6223,21
2020/01/28,6170,6200,6170,6190,▼100,－1.59%,6223,40
2020/01/23,6210,6510,6160,6290,▲100,＋1.62%,6224,520
2020/01/22,6190,6190,6160,6190,▲40,＋0.65%,6220,256
2020/01/21,6160,6210,6150,6150,▼60,－0.97%,6219,430
2020/01/20,6290,6290,6160,6210,▼30,－0.48%,6238,243
2020/01/17,6200,6290,6190,6240,▼10,－0.16%,6237,150
2020/01/16,6200,6300,6200,6250,▼50,－0.79%,6237,263
2020/01/15,6240,6360,6240,6300,▲90,＋1.45%,6244,34
2020/01/14,6230,6230,6180,6210,▲10,＋0.16%,6270,696
2020/01/13,6270,6270,6170,6200,0.0,0.00%,6268,1443
2020/01/10,6270,6270,6170,6200,▼50,－0.80%,6263,851
2020/01/09,6230,6250,6180,6250,▲70,＋1.13%,6256,79
2020/01/08,6330,6330,6180,6180,▼160,－2.52%,6243,130
2020/01/07,6550,6550,6200,6340,▲140,＋2.26%,6235,101
2020/01/06,6100,6230,6100,6200,▼40,－0.64%,6213,429
2020/01/03,6360,6360,6200,6240,▼80,－1.27%,6202,618
2020/01/02,6440,6440,6310,6320,▼240,－3.66%,6186,3526
2019/12/30,6260,6570,6230,6560,▲370,＋5.98%,6160,233
2019/12/27,6170,6190,6160,6190,▲40,＋0.65%,6109,197
2019/12/26,6130,6150,6130,6150,▲20,＋0.33%,6096,438
2019/12/24,6120,6130,6080,6130,▲10,＋0.16%,6080,390
2019/12/23,6100,6120,6070,6120,▲20,＋0.33%,6066,428
2019/12/20,6120,6120,6050,6100,▼20,－0.33%,6069,468
2019/12/19,6110,6120,6110,6120,▲30,＋0.49%,6072,105
2019/12/18,6100,6120,6030,6090,▲10,＋0.16%,6062,443
2019/12/17,6060,6090,6030,6080,▲20,＋0.33%,6063,3036
2019/12/16,6070,6090,6020,6060,▲10,＋0.17%,6065,4348
2019/12/13,6090,6110,6010,6050,▼10,－0.17%,6073,6504
2019/12/12,5970,6060,5970,6060,▲70,＋1.17%,6083,2186
2019/12/11,6030,6030,5950,5990,0.0,0.00%,6090,1224
2019/12/10,6150,6150,5970,5990,▼160,－2.60%,6095,12427
2019/12/09,6130,6150,6070,6150,▲20,＋0.33%,6103,90
2019/12/06,6030,6130,6010,6130,▲110,＋1.83%,6088,558
2019/12/05,6130,6130,6000,6020,▼80,－1.31%,6075,7786
2019/12/04,6130,6140,6100,6100,0.0,0.00%,6098,1122
2019/12/03,6160,6160,6050,6100,▼40,－0.65%,6118,106
2019/12/02,6160,6160,6050,6140,▼10,－0.16%,6152,357
2019/11/29,6160,6160,6130,6150,▲20,＋0.33%,6193,31
2019/11/28,6040,6180,6040,6130,▲90,＋1.49%,6233,642
2019/11/27,6050,6070,6020,6040,▼30,－0.49%,6272,2729
2019/11/26,5970,6070,5970,6070,▲70,＋1.17%,6321,318
2019/11/25,6000,6030,5960,6000,0.0,0.00%,6362,516
2019/11/22,6060,6060,6000,6000,▼250,－4.00%,6411,5038
2019/11/21,6010,6250,5970,6250,▼50,－0.79%,6458,20475
2019/11/20,6440,6440,6300,6300,▼140,－2.17%,6482,20562
2019/11/19,6660,6660,6440,6440,▼110,－1.68%,6500,226
2019/11/18,6700,6700,6420,6550,0.0,0.00%,6491,352
2019/11/15,6450,6650,6450,6550,▲30,＋0.46%,6480,601
2019/11/14,6530,6540,6500,6520,▼10,－0.15%,6472,210
2019/11/13,6670,6670,6440,6530,▲50,＋0.77%,6468,572
2019/11/12,6510,6560,6420,6480,▼10,－0.15%,6465,96
2019/11/11,6730,6730,6430,6490,▲20,＋0.31%,6460,569
2019/11/08,6550,6550,6410,6470,▼20,－0.31%,6455,2359
2019/11/07,6500,6500,6490,6490,▲10,＋0.15%,6452,209
2019/11/06,6380,6490,6380,6480,▲130,＋2.05%,6444,432
2019/11/05,6460,6480,6350,6350,▼90,－1.40%,6447,28082
2019/11/04,6520,6520,6440,6440,▼30,－0.46%,6464,1711
2019/11/01,6530,6530,6400,6470,▼10,－0.15%,6477,17065
2019/10/31,6550,6550,6480,6480,▼20,－0.31%,6485,806
2019/10/30,6510,6510,6500,6500,▲70,＋1.09%,6490,24
2019/10/29,6420,6470,6400,6430,▼10,－0.16%,6490,583
2019/10/28,6430,6470,6430,6440,0.0,0.00%,6496,169
2019/10/25,6370,6440,6350,6440,▲30,＋0.47%,6493,221
2019/10/24,6510,6520,6310,6410,▼100,－1.54%,6519,2955
2019/10/23,6550,6550,6480,6510,▼10,－0.15%,6550,893
2019/10/22,6590,6640,6510,6520,▼50,－0.76%,6576,3334
2019/10/21,6580,6600,6540,6570,▲20,＋0.31%,6600,230
2019/10/18,6580,6600,6540,6550,▲20,＋0.31%,6650,3206
2019/10/17,6560,6610,6530,6530,▲30,＋0.46%,6706,1872
2019/10/16,6440,6530,6440,6500,▲10,＋0.15%,6769,2534
2019/10/15,6490,6490,6420,6490,▲80,＋1.25%,6835,1504
2019/10/14,6360,6490,6360,6410,▼290,－4.33%,6909,12885
2019/10/11,6470,6700,6330,6700,▼20,－0.30%,6999,20860
2019/10/10,6770,6770,6660,6720,▼50,－0.74%,7058,6057
2019/10/08,6680,6770,6660,6770,▲10,＋0.15%,7126,1165
2019/10/07,6930,6930,6680,6760,▼310,－4.38%,7183,3898
2019/10/04,7160,7160,7040,7070,▼40,－0.56%,7239,4322
2019/10/02,7160,7160,7090,7110,▼50,－0.70%,7259,994
2019/10/01,7170,7170,7130,7160,0.0,0.00%,7274,29
2019/09/30,7180,7210,7130,7160,▼70,－0.97%,7286,2055
2019/09/27,7230,7280,7230,7230,▼80,－1.09%,7300,883
2019/09/26,7280,7330,7270,7310,▲20,＋0.27%,7304,583
2019/09/25,7390,7400,7290,7290,▼110,－1.49%,7292,812
2019/09/24,7280,7400,7280,7400,▲60,＋0.82%,7285,511
2019/09/23,7310,7340,7270,7340,▲20,＋0.27%,7275,781
2019/09/20,7270,7320,7270,7320,▲50,＋0.69%,7281,1952
2019/09/19,7270,7270,7270,7270,▲10,＋0.14%,7287,795
2019/09/18,7280,7280,7220,7260,▼20,－0.27%,7305,506
2019/09/17,7310,7310,7230,7280,▼20,－0.27%,7329,858
2019/09/16,7350,7350,7240,7300,▲30,＋0.41%,7367,3112
2019/09/11,7200,7310,7200,7270,▲80,＋1.11%,7405,1069
2019/09/10,7210,7210,7180,7190,▼30,－0.42%,7519,256
2019/09/09,7310,7310,7220,7220,▼80,－1.10%,7567,913
2019/09/06,7410,7410,7290,7300,▼100,－1.35%,7615,1738
2019/09/05,7370,7470,7300,7400,▲20,＋0.27%,7656,2497
2019/09/04,7420,7470,7380,7380,▼70,－0.94%,7701,2208
2019/09/03,7520,7520,7410,7450,▼50,－0.67%,7741,3377
2019/09/02,7600,7600,7490,7500,▼160,－2.09%,7781,2699
2019/08/30,7650,7670,7590,7660,▼20,－0.26%,7796,2443
2019/08/29,8330,8330,7560,7680,▼730,－8.68%,7806,4117
2019/08/28,7690,8410,7670,8410,▲740,＋9.65%,7825,1160
2019/08/27,7820,7820,7590,7670,▼30,－0.39%,7771,512
2019/08/26,7700,7700,7640,7700,▼10,－0.13%,7822,236
2019/08/23,7850,7850,7670,7710,▼140,－1.78%,7872,1694
2019/08/22,7890,7890,7850,7850,▲70,＋0.90%,7929,11
2019/08/21,7720,7840,7720,7780,▼70,－0.89%,7899,57
2019/08/20,7650,7850,7650,7850,▲200,＋2.61%,7879,223
2019/08/19,7780,7790,7650,7650,▼110,－1.42%,7864,1128
2019/08/16,7790,7850,7760,7760,▼110,－1.40%,7902,629
2019/08/14,7800,8000,7800,7870,0.0,0.00%,7936,1330
2019/08/13,8170,8170,7850,7870,▼310,－3.79%,7959,707
2019/08/12,8200,8200,7800,8180,▼20,－0.24%,7982,769
2019/08/09,8200,8280,8190,8200,▼80,－0.97%,7949,149
2019/08/08,7550,8280,7400,8280,▲730,＋9.67%,7973,3594
2019/08/07,7600,7600,7550,7550,▼30,－0.40%,7996,3742
2019/08/06,7700,7880,7560,7580,▼120,－1.56%,8091,2523
2019/08/05,8030,8030,7700,7700,▼330,－4.11%,8192,483
2019/08/02,8080,8080,8030,8030,▼70,－0.86%,8281,27
2019/08/01,8100,8100,8100,8100,0.0,0.00%,8348,22
2019/07/31,8070,8140,8070,8100,0.0,0.00%,8375,43
2019/07/30,7830,8100,7670,8100,▲250,＋3.18%,8405,2443
2019/07/29,8440,8440,7350,7850,▼590,－6.99%,8418,5481
2019/07/26,8490,8490,8300,8440,▼70,－0.82%,8456,143
2019/07/25,8350,8510,8160,8510,▲10,＋0.12%,8446,513
2019/07/24,8580,8580,8340,8500,▼90,－1.05%,8427,114
2019/07/23,8590,8590,8590,8590,0.0,0.00%,8406,16
2019/07/22,8640,8640,8420,8590,▼110,－1.26%,8372,28
2019/07/19,8360,8700,8280,8700,▲330,＋3.94%,8340,119
2019/07/18,8220,8370,8220,8370,▼30,－0.36%,8312,84
2019/07/17,8230,8400,8200,8400,▲170,＋2.07%,8317,566
2019/07/16,8220,8240,8190,8230,0.0,0.00%,8326,1050
2019/07/15,8370,8370,8020,8230,▼110,－1.32%,8352,373
2019/07/12,8340,8340,8340,8340,▲20,＋0.24%,8395,3
2019/07/11,8250,8320,8200,8320,▲30,＋0.36%,8409,10836
2019/07/10,8310,8310,8140,8290,▲40,＋0.48%,8409,5025
2019/07/09,8200,8270,8160,8250,▼20,－0.24%,8419,308
2019/07/08,8270,8270,8270,8270,▼150,－1.78%,8425,205
2019/07/05,8420,8420,8340,8420,0.0,0.00%,8439,100
2019/07/04,8470,8470,8340,8420,▼70,－0.82%,8448,126
2019/07/03,8450,8490,8340,8490,0.0,0.00%,8466,28
2019/07/02,8420,8510,8400,8490,▼170,－1.96%,8465,566
2019/07/01,8330,8690,8330,8660,▲180,＋2.12%,8467,51
2019/06/28,8310,8480,8300,8480,▲160,＋1.92%,8460,1183
2019/06/27,8280,8340,8250,8320,▼70,－0.83%,8455,6280
2019/06/26,8330,8400,8320,8390,▲80,＋0.96%,8483,797
2019/06/25,8420,8420,8210,8310,▼100,－1.19%,8489,981
2019/06/24,8510,8510,8330,8410,▼100,－1.18%,8511,265
2019/06/21,8800,8800,8510,8510,▼90,－1.05%,8518,1167
2019/06/20,8460,8600,8460,8600,▲120,＋1.42%,8509,813
2019/06/19,8770,8770,8450,8480,▼30,－0.35%,8496,145
2019/06/18,8500,8510,8500,8510,▼80,－0.93%,8488,61
2019/06/17,8590,8590,8590,8590,▲160,＋1.90%,8477,16
2019/06/14,8700,8700,8430,8430,▼170,－1.98%,8448,118
2019/06/13,8510,9170,8460,8600,▲150,＋1.78%,8470,605
2019/06/12,8530,8530,8450,8450,▼80,－0.94%,8437,28
2019/06/11,8490,8550,8360,8530,▲50,＋0.59%,8428,835
2019/06/10,8430,8480,8370,8480,▲60,＋0.71%,8396,349
2019/06/07,8380,8460,8380,8420,▼50,－0.59%,8386,218
2019/06/05,8400,8540,8400,8470,▲70,＋0.83%,8393,636
2019/06/04,8360,8500,8300,8400,0.0,0.00%,8406,655
2019/06/03,8310,8400,8300,8400,▲100,＋1.20%,8412,68
2019/05/31,8330,8430,8300,8300,▼350,－4.05%,8437,3879
2019/05/30,8290,8650,8200,8650,▲380,＋4.59%,8501,1712
2019/05/29,8280,8350,8270,8270,▼90,－1.08%,8529,705
2019/05/28,8160,8580,8160,8360,▲150,＋1.83%,8596,674
2019/05/27,8350,8420,8210,8210,▼170,－2.03%,8650,2487
2019/05/24,8350,8380,8310,8380,▼110,－1.30%,8755,1814
2019/05/23,8620,8620,8430,8490,▼110,－1.28%,8840,248
2019/05/22,8590,8600,8500,8600,▲140,＋1.65%,8911,18489
2019/05/21,8680,8800,8460,8460,▼190,－2.20%,8970,3319
2019/05/20,8870,8870,8650,8650,▼290,－3.24%,9065,5404
2019/05/17,9060,9060,8890,8940,▲10,＋0.11%,9160,277
2019/05/16,9060,9060,8800,8930,▼10,－0.11%,9186,1142
2019/05/15,8990,9090,8860,8940,▲40,＋0.45%,9213,218
2019/05/14,9250,9250,8840,8900,▼360,－3.89%,9243,2727
2019/05/13,9300,9300,9170,9260,▲30,＋0.33%,9307,115
2019/05/10,9200,9230,9170,9230,▲30,＋0.33%,9331,188
2019/05/09,9190,9210,9150,9200,▲10,＋0.11%,9337,3344
2019/05/08,9310,9310,9110,9190,▼220,－2.34%,9367,910
2019/05/07,9600,9600,9320,9410,▼190,－1.98%,9372,2948
2019/05/03,9200,9640,9170,9600,▲400,＋4.35%,9371,595
2019/05/02,9270,9270,9060,9200,0.0,0.00%,9295,1315
2019/04/30,9400,9400,9040,9200,▼40,－0.43%,9260,2505
2019/04/29,9700,9700,9200,9240,▼300,－3.14%,9210,2967
2019/04/26,9500,9600,9500,9540,▲40,＋0.42%,9161,2151
2019/04/25,9300,9700,9300,9500,▲210,＋2.26%,9067,4818
2019/04/24,9500,9600,9270,9290,▼210,－2.21%,8978,3681
2019/04/23,9250,9640,9240,9500,▲260,＋2.81%,8905,5896
2019/04/22,9410,9410,9180,9240,▼160,－1.70%,8814,6455
2019/04/19,8890,9500,8890,9400,▲560,＋6.33%,8727,8394
2019/04/18,8980,8980,8810,8840,▼10,－0.11%,8623,11730
2019/04/17,8700,8950,8650,8850,▲150,＋1.72%,8575,8569
2019/04/16,8750,8750,8600,8700,▼50,－0.57%,8524,2539
2019/04/15,8690,8750,8580,8750,▲150,＋1.74%,8486,7889
2019/04/12,8870,8870,8510,8600,▼10,－0.12%,8463,3551
2019/04/11,8680,8680,8500,8610,▲50,＋0.58%,8452,607
2019/04/10,8590,8590,8440,8560,▼30,－0.35%,8429,992
2019/04/09,8380,8620,8370,8590,▲220,＋2.63%,8411,1390
2019/04/08,8310,8400,8300,8370,▲10,＋0.12%,8390,38
2019/04/05,8360,8360,8360,8360,0.0,0.00%,8383,109
2019/04/04,8390,8400,8280,8360,▲20,＋0.24%,8395,817
2019/04/03,8340,8350,8320,8340,▲20,＋0.24%,8406,154
2019/04/02,8510,8510,8240,8320,▼200,－2.35%,8399,590
2019/04/01,8550,8550,8520,8520,▲30,＋0.35%,8397,3
2019/03/29,8380,8570,8380,8490,▲110,＋1.31%,8375,135
2019/03/28,8430,8430,8200,8380,0.0,0.00%,8352,1402
2019/03/27,8370,8380,8300,8380,0.0,0.00%,8350,632
2019/03/26,8230,8380,8230,8380,▲80,＋0.96%,8341,4580
2019/03/25,8400,8430,8300,8300,▼180,－2.12%,8338,4473
2019/03/22,8600,8600,8410,8480,▲10,＋0.12%,8336,23
2019/03/21,8290,8500,8280,8470,▲200,＋2.42%,8328,1627
2019/03/20,8250,8320,8240,8270,▼30,－0.36%,8304,4145
2019/03/19,8300,8370,8260,8300,0.0,0.00%,8352,445
2019/03/18,8270,8330,8270,8300,▲40,＋0.48%,8405,34
2019/03/15,8240,8390,8210,8260,▼100,－1.20%,8472,1070
2019/03/14,8230,8370,8230,8360,▲70,＋0.84%,8545,715
2019/03/13,8360,8360,8210,8290,▼60,－0.72%,8627,731
2019/03/12,8360,8370,8280,8350,▲70,＋0.85%,8720,2105
2019/03/11,8450,8450,8280,8280,▼120,－1.43%,8804,1166
2019/03/08,8230,8430,8190,8400,▲170,＋2.07%,8915,1950
2019/03/07,8270,8450,8230,8230,▼520,－5.94%,9014,19739
2019/03/06,8870,8870,8750,8750,▼80,－0.91%,9149,20779
2019/03/05,8900,8900,8830,8830,▼140,－1.56%,9234,2067
2019/03/04,9020,9020,8850,8970,▼20,－0.22%,9313,6565
2019/02/28,8950,9050,8950,8990,▼190,－2.07%,9376,3487
2019/02/27,9290,9310,9180,9180,▼40,－0.43%,9442,219
2019/02/26,9210,9270,9190,9220,▲30,＋0.33%,9485,3655
2019/02/25,9520,9520,9150,9190,▼200,－2.13%,9518,693
2019/02/22,9580,9580,9360,9390,0.0,0.00%,9549,78
2019/02/21,9700,9700,9370,9390,▼190,－1.98%,9577,5170
2019/02/20,9710,9710,9440,9580,▼20,－0.21%,9582,677
2019/02/19,9500,9600,9420,9600,▼20,－0.21%,9532,182
2019/02/18,9570,9700,9450,9620,▲20,＋0.21%,9477,887
2019/02/15,9730,9730,9520,9600,▼50,－0.52%,9424,44
2019/02/14,9690,9690,9510,9650,▲40,＋0.42%,9346,119
2019/02/13,9630,9630,9200,9610,▲60,＋0.63%,9285,9789
2019/02/12,9500,9550,9470,9550,▲50,＋0.53%,9220,586
2019/02/11,9510,9600,9500,9500,▼170,－1.76%,9165,1410
2019/02/08,9440,9670,9260,9670,▲230,＋2.44%,9108,9857
2019/02/07,9490,9490,9250,9440,▲360,＋3.96%,9016,4973
2019/02/01,8900,9080,8830,9080,▲30,＋0.33%,8995,5590
2019/01/31,9200,9280,8860,9050,▼40,－0.44%,9017,2605
2019/01/30,8850,9100,8850,9090,▲270,＋3.06%,9031,9089
2019/01/29,9080,9080,8710,8820,▼220,－2.43%,9048,5757
2019/01/28,9100,9100,9000,9040,▲80,＋0.89%,9098,266
2019/01/25,9150,9170,8860,8960,▼40,－0.44%,9119,503
2019/01/24,8930,9200,8930,9000,▲70,＋0.78%,9149,1719
2019/01/23,8810,8930,8810,8930,▲180,＋2.06%,9165,2956
2019/01/22,9030,9070,8630,8750,▼480,－5.20%,9210,24099
2019/01/21,9340,9360,9220,9230,▼70,－0.75%,9273,147
2019/01/18,9220,9370,9150,9300,▲110,＋1.20%,9300,2418
2019/01/17,9150,9220,9150,9190,▼70,－0.76%,9319,1042
2019/01/16,9300,9300,9220,9260,▼60,－0.64%,9352,1544
2019/01/15,9260,9350,9260,9320,▲70,＋0.76%,9375,630
2019/01/14,9400,9400,9160,9250,▼10,－0.11%,9383,698
2019/01/11,9170,9310,9150,9260,▲100,＋1.09%,9405,2496
2019/01/10,9380,9460,9160,9160,▼220,－2.35%,9427,573
2019/01/09,9490,9490,9320,9380,0.0,0.00%,9465,537
2019/01/08,9500,9500,9320,9380,▼120,－1.26%,9491,1159
2019/01/07,9490,9500,9360,9500,▲10,＋0.11%,9519,2104
2019/01/04,9600,9600,9280,9490,▼30,－0.32%,9550,298
2019/01/03,9560,9650,9450,9520,▲30,＋0.32%,9561,255
2019/01/02,9400,9550,9350,9490,▲90,＋0.96%,9619,1076
2018/12/28,9620,9620,9320,9400,▼70,－0.74%,9670,189
2018/12/27,9640,9670,9380,9470,▼10,－0.11%,9750,143
2018/12/26,9510,9510,9210,9480,▼60,－0.63%,9828,207
2018/12/24,9360,9550,9360,9540,▼100,－1.04%,9905,373
2018/12/21,9660,9660,9580,9640,▼20,－0.21%,9986,838
2018/12/20,9750,9810,9380,9660,▼150,－1.53%,10014,2375
2018/12/19,9500,9820,9430,9810,▲210,＋2.19%,10031,1843
2018/12/18,10100,10100,9600,9600,▼500,－4.95%,10055,2635
2018/12/17,9910,10100,9870,10100,▲100,＋1.00%,10105,532
2018/12/14,10000,10050,9990,10000,▼200,－1.96%,10105,3798
2018/12/13,10150,10400,10150,10200,▼50,－0.49%,10105,930
2018/12/12,11000,11000,10100,10250,0.0,0.00%,10090,1323
2018/12/11,10600,10600,10250,10250,▼100,－0.97%,10075,536
2018/12/10,10050,10600,9930,10350,▲430,＋4.33%,10050,5811
2018/12/07,9950,10200,9850,9920,▲90,＋0.92%,10060,1561
2018/12/06,10050,10050,9800,9830,▼220,－2.19%,10088,675
2018/12/05,10150,10150,9900,10050,▼50,－0.50%,10120,305
2018/12/04,10100,10200,10000,10100,0.0,0.00%,10155,2346
2018/12/03,10200,10200,10000,10100,▲100,＋1.00%,10170,531
2018/11/30,10200,10200,10000,10000,▼50,－0.50%,10175,565
2018/11/29,10250,10250,10000,10050,▼50,－0.50%,10190,638
2018/11/28,10050,10250,10000,10100,▲100,＋1.00%,10220,614
2018/11/27,10200,10400,10000,10000,▼450,－4.31%,10320,2392
2018/11/26,10350,10700,10200,10450,▲250,＋2.45%,10302,1312
2018/11/23,10300,10400,10150,10200,▲50,＋0.49%,10221,1299
2018/11/22,10400,10400,10150,10150,▼250,－2.40%,10139,989
2018/11/21,10250,10500,10050,10400,▲150,＋1.46%,10072,4154
2018/11/20,10100,10450,10050,10250,▲100,＋0.99%,9952,4125
2018/11/19,10100,10250,9950,10150,0.0,0.00%,9829,9010
2018/11/16,10550,10550,9970,10150,▼200,－1.93%,9693,4507
2018/11/15,10350,10950,9920,10350,▼750,－6.76%,9563,21110
2018/11/14,9800,11700,9800,11100,▲1280,＋13.03%,9483,52147
2018/11/13,9640,10000,9330,9820,▲180,＋1.87%,9324,2014
2018/11/12,9300,9700,9300,9640,▲260,＋2.77%,9299,5150
2018/11/09,9480,9480,9200,9380,▼100,－1.05%,9294,1502
2018/11/08,9410,9540,9280,9480,▲280,＋3.04%,9306,2515
2018/11/07,9010,9700,9010,9200,▲180,＋2.00%,9358,7588
2018/11/06,8790,9140,8790,9020,▲230,＋2.62%,9468,3551
2018/11/05,8990,9080,8790,8790,▼60,－0.68%,9565,8451
2018/11/02,9330,9330,8600,8850,▼700,－7.33%,9716,28118
2018/11/01,9880,9880,9550,9550,▲40,＋0.42%,9816,1646
2018/10/31,9560,9560,9430,9510,▼60,－0.63%,9851,107
2018/10/30,9580,9580,9570,9570,▼20,－0.21%,9900,56
2018/10/29,9650,9650,9370,9590,▲90,＋0.95%,9923,680
2018/10/26,9810,9890,9430,9500,▼500,－5.00%,9926,2192
2018/10/25,10100,10100,9830,10000,▼300,－2.91%,9907,161
2018/10/24,9810,10300,9610,10300,▲310,＋3.10%,9866,920
2018/10/23,9880,10150,9860,9990,▼310,－3.01%,9821,850
2018/10/22,9860,10300,9660,10300,▲450,＋4.57%,9807,2244
2018/10/19,9630,10000,9630,9850,▼50,－0.51%,9767,1357
2018/10/18,10000,10000,9900,9900,▼100,－1.00%,9812,12
2018/10/17,9800,10000,9800,10000,▲200,＋2.04%,9852,1636
2018/10/16,9800,9880,9610,9800,▲180,＋1.87%,9882,507
2018/10/15,9310,9640,9310,9620,▲310,＋3.33%,9962,1314
2018/10/12,9050,9490,9050,9310,▼280,－2.92%,10060,1190
2018/10/11,9850,9850,9300,9590,▼260,－2.64%,10179,633
2018/10/10,9980,9980,9600,9850,0.0,0.00%,10225,1782
2018/10/08,9830,10100,9830,9850,▼50,－0.51%,10255,659
2018/10/05,10250,10400,9900,9900,▼400,－3.88%,10310,1327
2018/10/04,10300,10400,10200,10300,0.0,0.00%,10405,301
2018/10/02,10500,10500,10150,10300,0.0,0.00%,10430,1174
2018/10/01,10550,10900,10200,10300,▼300,－2.83%,10420,1813
2018/09/28,10600,10700,10150,10600,0.0,0.00%,10395,4094
2018/09/27,11000,11000,10450,10600,▲100,＋0.95%,10355,2754
2018/09/21,10050,10500,10050,10500,▲450,＋4.48%,10305,2568
2018/09/20,10150,10300,10000,10050,▼100,－0.99%,10260,3761
2018/09/19,10300,10350,10000,10150,▼250,－2.40%,10254,3148
2018/09/18,10700,10750,10300,10400,▼450,－4.15%,10238,4151
2018/09/17,10900,10900,10400,10850,▲300,＋2.84%,10197,2722
2018/09/14,10150,10550,10000,10550,▲350,＋3.43%,10111,6185
2018/09/13,10150,10200,9920,10200,▲150,＋1.49%,10061,4419
2018/09/12,10200,10200,9850,10050,▼150,－1.47%,10040,1391
2018/09/11,10200,10200,10050,10200,▲100,＋0.99%,10033,676
2018/09/10,10050,10250,9870,10100,▲50,＋0.50%,10012,1631
2018/09/07,10200,10200,9850,10050,▲60,＋0.60%,9969,3294
2018/09/06,9910,10000,9800,9990,0.0,0.00%,9948,2383
2018/09/05,10100,10100,9640,9990,0.0,0.00%,9925,2730
2018/09/04,10250,10250,9880,9990,0.0,0.00%,9901,307
2018/09/03,10250,10250,9830,9990,▼60,－0.60%,9861,2340
2018/08/31,10200,10200,9950,10050,▲60,＋0.60%,9836,100
2018/08/30,10000,10000,9880,9990,▲10,＋0.10%,9806,2314
2018/08/29,9980,10000,9790,9980,▼10,－0.10%,9764,4042
2018/08/28,9780,9990,9700,9990,▲320,＋3.31%,9744,5047
2018/08/27,9700,9700,9630,9670,▼170,－1.73%,9703,2125
2018/08/24,9760,9860,9620,9840,▲80,＋0.82%,9720,2144
2018/08/23,9770,9900,9670,9760,▲10,＋0.10%,9697,1694
2018/08/22,9700,9750,9570,9750,▲160,＋1.67%,9697,1451
2018/08/21,9740,9740,9570,9590,▼150,－1.54%,9696,933
2018/08/20,9620,9740,9570,9740,▼10,－0.10%,9726,788
2018/08/17,9570,9760,9530,9750,▲180,＋1.88%,9735,5253
2018/08/16,9950,9950,9560,9570,▼210,－2.15%,9730,879
2018/08/14,9580,9780,9480,9780,▲200,＋2.09%,9758,3679
2018/08/13,10100,10100,9460,9580,▼260,－2.64%,9762,4682
2018/08/10,9900,9900,9630,9840,▲230,＋2.39%,9819,3268
2018/08/09,9750,9750,9600,9610,▼150,－1.54%,9827,2768
2018/08/08,9680,9800,9640,9760,▲20,＋0.21%,9844,1752
2018/08/07,9600,9760,9600,9740,▼150,－1.52%,9825,1782
2018/08/06,9860,9890,9840,9890,▲60,＋0.61%,9814,678
2018/08/03,9800,9920,9710,9830,▲130,＋1.34%,9729,1875
2018/08/02,9760,9870,9500,9700,▼150,－1.52%,9705,2593
2018/08/01,9820,9920,9770,9850,▲30,＋0.31%,9702,2152
2018/07/31,10000,10000,9750,9820,▼330,－3.25%,9697,4746
2018/07/30,9920,10150,9900,10150,▲230,＋2.32%,9740,10368
2018/07/27,10100,10100,9720,9920,▲140,＋1.43%,9730,1678
2018/07/26,9590,10050,9480,9780,▲210,＋2.19%,9763,8787
2018/07/25,9760,9760,9370,9570,▼60,－0.62%,9795,3873
2018/07/24,9000,9880,9000,9630,▲590,＋6.53%,9853,18283
2018/07/23,9550,9560,9020,9040,▼550,－5.74%,9866,2148
2018/07/20,9640,9680,9550,9590,▼80,－0.83%,9937,1368
2018/07/19,9890,9890,9540,9670,▼130,－1.33%,10038,4217
2018/07/18,10400,10400,9710,9800,▼450,－4.39%,10091,4624
2018/07/17,10000,10350,10000,10250,▲200,＋1.99%,10121,4940
2018/07/16,10350,10350,10000,10050,▼200,－1.95%,10082,2178
2018/07/13,10000,10300,10000,10250,▲150,＋1.49%,10062,15218
2018/07/12,10200,11550,10100,10100,▼50,－0.49%,10072,40196
2018/07/11,9710,10300,9710,10150,▲390,＋4.00%,10011,6550
2018/07/10,9720,10050,9720,9760,▲10,＋0.10%,10011,5972
2018/07/09,10100,10150,9750,9750,▼850,－8.02%,10115,5986
2018/07/06,10200,10600,9870,10600,▲400,＋3.92%,N/A,3990
2018/07/05,10300,10300,9680,10200,▲100,＋0.99%,N/A,6746
2018/07/04,9900,10300,9510,10100,▲240,＋2.43%,N/A,8047
2018/07/03,9900,10050,9820,9860,▲10,＋0.10%,N/A,6585
2018/07/02,10400,10400,9720,9850,▼500,－4.83%,N/A,26449
2018/06/29,9550,11950,9550,10350,▲860,＋9.06%,N/A,67423
2018/06/28,9700,10100,9490,9490,▼660,－6.50%,N/A,7727
2018/06/27,10800,10900,10000,10150,▼650,－6.02%,N/A,13355
2018/06/26,10800,11000,10600,10800,0.0,0.00%,N/A,7984
