[일시]삼화페인트,시가,고가,저가,종가,대비,대비율,<가격이동평균>120,10,[거래량]
2020/12/24,14450,14500,13000,13550,▼1350,－9.06%,6031,12539,897194
2020/12/23,14650,15250,13600,14900,▲100,＋0.68%,5958,11960,1997814
2020/12/22,16850,17000,14300,14800,▼2600,－14.94%,5873,11250,2748127
2020/12/21,18950,20100,16600,17400,▲350,＋2.05%,5789,10529,4689043
2020/12/18,17050,17050,15450,17050,▲3900,＋29.66%,5683,9543,5203607
2020/12/17,12500,13150,11900,13150,▲3000,＋29.56%,5580,8628,1192996
2020/12/16,7840,10150,7720,10150,▲2310,＋29.46%,5511,8113,4344294
2020/12/15,8160,8160,7790,7840,▼240,－2.97%,5467,7839,341788
2020/12/14,8220,8390,8050,8080,▼390,－4.60%,5442,7802,524174
2020/12/11,7840,8570,7570,8470,▲710,＋9.15%,5415,7730,2026650
2020/12/10,7740,7850,7560,7760,▼40,－0.51%,5385,7644,161651
2020/12/09,7600,7890,7550,7800,▲210,＋2.77%,5361,7647,347452
2020/12/08,7470,7670,7300,7590,▲50,＋0.66%,5336,7600,252574
2020/12/07,7790,7830,7540,7540,▼360,－4.56%,5314,7589,307302
2020/12/04,7970,7970,7610,7900,▼100,－1.25%,5290,7617,482776
2020/12/03,7550,8000,7410,8000,▲590,＋7.96%,5266,7619,1307477
2020/12/02,7400,7550,7380,7410,▼60,－0.80%,5242,7634,187752
2020/12/01,7350,7470,7200,7470,▲110,＋1.49%,5224,7758,219808
2020/11/30,7580,7650,7350,7360,▼250,－3.29%,5206,7677,303940
2020/11/27,7670,7710,7470,7610,▼180,－2.31%,5190,7454,380361
2020/11/26,7330,8590,7330,7790,▲460,＋6.28%,5171,7202,3998839
2020/11/25,7620,7630,7290,7330,▼150,－2.01%,5151,6937,444483
2020/11/24,7830,8070,7480,7480,▼340,－4.35%,5136,6717,926282
2020/11/23,7820,8060,7750,7820,▼100,－1.26%,5115,6482,894460
2020/11/20,8140,8200,7610,7920,▼230,－2.82%,5092,6210,1287710
2020/11/19,8720,9580,8010,8150,▼500,－5.78%,5067,5928,5750296
2020/11/18,7840,8650,7750,8650,▲1990,＋29.88%,5040,5608,8631388
2020/11/17,5150,6660,5100,6660,▲1530,＋29.82%,5009,5233,5202051
2020/11/16,5090,5160,5080,5130,▲40,＋0.79%,4996,5057,24676
2020/11/13,5130,5140,5080,5090,▼50,－0.97%,4994,5033,14973
2020/11/12,5150,5200,5080,5140,▲10,＋0.19%,4993,5013,31771
2020/11/11,5140,5160,5100,5130,0.0,0.00%,4993,4990,25182
2020/11/10,5090,5150,5070,5130,▲30,＋0.59%,4992,4967,36557
2020/11/09,5090,5120,5010,5100,0.0,0.00%,4991,4942,30278
2020/11/06,4975,5130,4935,5100,▲150,＋3.03%,4989,4920,76939
2020/11/05,4920,4950,4900,4950,▲50,＋1.02%,4988,4901,17298
2020/11/04,4905,4930,4895,4900,▲5,＋0.10%,4987,4897,5805
2020/11/03,4890,4940,4890,4895,0.0,0.00%,4987,4897,5522
2020/11/02,4900,4915,4875,4895,▲10,＋0.20%,4987,4897,5157
2020/10/30,4915,4945,4880,4885,▼25,－0.51%,4988,4898,10440
2020/10/29,4905,4910,4840,4910,▲5,＋0.10%,4990,4900,73948
2020/10/28,4895,4905,4875,4905,▲25,＋0.51%,4992,4900,3907
2020/10/27,4880,4900,4860,4880,0.0,0.00%,4993,4905,8178
2020/10/26,4900,4925,4880,4880,▼30,－0.61%,4994,4915,13341
2020/10/23,4925,4925,4875,4910,▲5,＋0.10%,4995,4925,11636
2020/10/22,4905,4995,4865,4905,0.0,0.00%,4997,4930,11652
2020/10/21,4910,4925,4860,4905,▲15,＋0.31%,4998,4936,10215
2020/10/20,4895,4915,4880,4890,▼20,－0.41%,4999,4942,12134
2020/10/19,4920,4920,4880,4910,▲5,＋0.10%,5001,4950,8769
2020/10/16,4930,4930,4855,4905,0.0,0.00%,5004,4951,16788
2020/10/15,4975,4990,4880,4905,▼50,－1.01%,5005,4951,24592
2020/10/14,5010,5010,4955,4955,▼30,－0.60%,5006,4944,9100
2020/10/13,4985,5000,4960,4985,▲10,＋0.20%,5008,4932,8625
2020/10/12,4950,4985,4945,4975,▲15,＋0.30%,5008,4924,10745
2020/10/08,4980,4995,4950,4960,▼10,－0.20%,5008,4921,8410
2020/10/07,4960,4985,4955,4970,▲10,＋0.20%,5007,4934,4354
2020/10/06,4970,5010,4955,4960,▼10,－0.20%,5007,4946,8854
2020/10/05,4925,4970,4915,4970,▲45,＋0.91%,5007,4960,7999
2020/09/29,4920,4945,4920,4925,▲20,＋0.41%,5005,4979,12024
2020/09/28,4835,4905,4835,4905,▲70,＋1.45%,5004,5010,4420
2020/09/25,4850,4880,4830,4835,▲5,＋0.10%,5003,5038,11228
2020/09/24,4895,4895,4795,4830,▼80,－1.63%,5003,5073,25086
2020/09/23,4950,4995,4880,4910,▼35,－0.71%,5002,5101,13215
2020/09/22,5080,5080,4935,4945,▼145,－2.85%,5000,5126,36683
2020/09/21,5090,5140,5040,5090,0.0,0.00%,4998,5142,14581
2020/09/18,5110,5130,5040,5090,▼10,－0.20%,4994,5146,15525
2020/09/17,5160,5180,5080,5100,▼60,－1.16%,4989,5144,15571
2020/09/16,5240,5240,5160,5160,▼70,－1.34%,4985,5154,17178
2020/09/15,5190,5250,5140,5230,▲40,＋0.77%,4980,5156,17668
2020/09/14,5200,5200,5140,5190,▲10,＋0.19%,4973,5146,20593
2020/09/11,5110,5180,5100,5180,▲70,＋1.37%,4965,5145,14363
2020/09/10,5180,5200,5110,5110,▼50,－0.97%,4957,5117,23463
2020/09/09,5110,5180,5060,5160,▲50,＋0.98%,4948,5096,20569
2020/09/08,5130,5200,5080,5110,▼20,－0.39%,4939,5074,22730
2020/09/07,5200,5200,5050,5130,▲60,＋1.18%,4932,5058,25959
2020/09/04,5100,5140,5050,5070,▼130,－2.50%,4925,5030,32476
2020/09/03,5180,5220,5140,5200,▲20,＋0.39%,4918,5006,23560
2020/09/02,5130,5200,5130,5180,▲50,＋0.97%,4912,4971,22630
2020/09/01,5180,5230,5010,5130,▼50,－0.97%,4909,4954,45021
2020/08/31,5050,5300,4960,5180,▲280,＋5.71%,4908,4940,122975
2020/08/28,4975,4975,4855,4900,0.0,0.00%,4904,4942,24541
2020/08/27,4915,4990,4865,4900,▼40,－0.81%,4903,4977,16868
2020/08/26,4965,4980,4885,4940,▼5,－0.10%,4903,5014,13421
2020/08/25,4850,4945,4820,4945,▲95,＋1.96%,4902,5053,22695
2020/08/24,4825,4850,4795,4850,▲20,＋0.41%,4900,5087,8937
2020/08/21,4895,4895,4775,4830,▼20,－0.41%,4899,5117,27936
2020/08/20,5010,5080,4760,4850,▼160,－3.19%,4897,5156,52465
2020/08/19,4990,5080,4990,5010,▲20,＋0.40%,4896,5195,25598
2020/08/18,5200,5200,4970,4990,▼210,－4.04%,4894,5215,59666
2020/08/14,5250,5310,5130,5200,▼50,－0.95%,4892,5234,24496
2020/08/13,5320,5320,5250,5250,▼20,－0.38%,4888,5213,26136
2020/08/12,5330,5360,5100,5270,▼60,－1.13%,4884,5184,49149
2020/08/11,5370,5390,5260,5330,▲40,＋0.76%,4880,5153,59856
2020/08/10,5200,5310,5170,5290,▲140,＋2.72%,4877,5111,55628
2020/08/07,5250,5310,5140,5150,▼70,－1.34%,4874,5072,67611
2020/08/06,5170,5240,5170,5220,▼20,－0.38%,4873,5047,28997
2020/08/05,5250,5260,5160,5240,▲30,＋0.58%,4870,5016,28520
2020/08/04,5290,5290,5150,5210,▲30,＋0.58%,4868,4991,62715
2020/08/03,5090,5200,4985,5180,▲195,＋3.91%,4866,4976,123428
2020/07/31,4945,5030,4945,4985,▲25,＋0.50%,4865,4953,22904
2020/07/30,4990,5000,4960,4960,0.0,0.00%,4865,4944,27996
2020/07/29,4915,4990,4910,4960,▲45,＋0.92%,4865,4933,13443
2020/07/28,4905,4975,4900,4915,▲15,＋0.31%,4865,4922,32297
2020/07/27,4945,4945,4875,4900,0.0,0.00%,4864,4918,20159
2020/07/24,4905,4950,4850,4900,▼10,－0.20%,4864,4913,28011
2020/07/23,5000,5050,4870,4910,▼80,－1.60%,4863,4903,31778
2020/07/22,5060,5100,4975,4990,▼70,－1.38%,4863,4901,38798
2020/07/21,4950,5100,4950,5060,▲110,＋2.22%,4862,4888,58494
2020/07/20,4870,4990,4870,4950,▲55,＋1.12%,4861,4867,23032
2020/07/17,4870,4910,4825,4895,▲45,＋0.93%,4860,4857,15956
2020/07/16,4885,4895,4825,4850,0.0,0.00%,4862,4847,14909
2020/07/15,4920,4930,4790,4850,▼25,－0.51%,4864,4834,20182
2020/07/14,4870,4875,4820,4875,▲30,＋0.62%,4866,4818,10641
2020/07/13,4830,4855,4800,4845,▲45,＋0.94%,4869,4802,6794
2020/07/10,4850,5050,4795,4800,▼90,－1.84%,4870,4785,28524
2020/07/09,4850,4920,4850,4890,▲25,＋0.51%,4871,4784,14761
2020/07/08,4885,4885,4790,4865,▲20,＋0.41%,4872,4775,10720
2020/07/07,4875,4880,4830,4845,▼5,－0.10%,4873,4772,11437
2020/07/06,4850,4870,4800,4850,▲50,＋1.04%,4873,4772,12641
2020/07/03,4745,4850,4700,4800,▲80,＋1.69%,4873,4779,10585
2020/07/02,4750,4750,4650,4720,▲35,＋0.75%,4873,4788,14998
2020/07/01,4780,4780,4685,4685,▼30,－0.64%,4875,4800,17990
2020/06/30,4720,4810,4680,4715,▲35,＋0.75%,4877,4814,9556
2020/06/29,4790,4895,4650,4680,▼110,－2.30%,4879,4829,26731
2020/06/26,4810,4825,4780,4790,▼10,－0.21%,4882,4831,10963
2020/06/25,4835,4845,4765,4800,▼35,－0.72%,4884,4854,21906
2020/06/24,4925,4980,4815,4835,▼10,－0.21%,4887,4889,24888
2020/06/23,4920,4965,4800,4845,▼75,－1.52%,4889,4933,18609
2020/06/22,4980,4980,4870,4920,▲35,＋0.72%,4891,4976,26072
2020/06/19,4950,4950,4835,4885,▲45,＋0.93%,4893,5028,30149
2020/06/18,4900,4900,4830,4840,▲10,＋0.21%,4894,5077,20972
2020/06/17,4860,4895,4805,4830,▼30,－0.62%,4896,5130,31128
2020/06/16,4885,4900,4735,4860,▲155,＋3.29%,4898,5193,32975
2020/06/15,4985,5060,4705,4705,▼315,－6.27%,4900,5212,71704
2020/06/12,5010,5090,4935,5020,▼130,－2.52%,4903,5238,40951
2020/06/11,5280,5340,5150,5150,▼120,－2.28%,4903,5228,35388
2020/06/10,5360,5390,5240,5270,▼10,－0.19%,4901,5206,25589
2020/06/09,5510,5540,5150,5280,▼160,－2.94%,4899,5179,57284
2020/06/08,5400,5470,5360,5440,▲70,＋1.30%,4896,5150,81367
2020/06/05,5390,5510,5300,5370,0.0,0.00%,4892,5102,79287
2020/06/04,5420,5730,5300,5370,▼90,－1.65%,4889,5063,488605
2020/06/03,5080,5460,5070,5460,▲410,＋8.12%,4886,5034,391528
2020/06/02,5010,5100,5010,5050,▲85,＋1.71%,4882,4998,49495
2020/06/01,4930,5000,4930,4965,▲45,＋0.91%,4882,4987,22972
2020/05/29,4915,4970,4910,4920,▼10,－0.20%,4882,4978,15997
2020/05/28,5000,5040,4925,4930,▼70,－1.40%,4883,4979,24308
2020/05/27,5000,5030,4960,5000,▲10,＋0.20%,4884,4974,39743
2020/05/26,4960,5050,4915,4990,▲30,＋0.60%,4884,4965,28358
2020/05/25,4980,5030,4945,4960,▼20,－0.40%,4884,4957,23483
2020/05/22,5080,5100,4975,4980,▼100,－1.97%,4885,4964,38093
2020/05/21,5160,5160,5010,5080,▼20,－0.39%,4885,4976,78879
2020/05/20,4970,6090,4915,5100,▲160,＋3.24%,4885,4980,918386
2020/05/19,4895,4945,4860,4940,▲65,＋1.33%,4884,4971,28391
2020/05/18,4935,4960,4835,4875,▼60,－1.22%,4886,4981,16825
2020/05/15,4845,4985,4845,4935,▲55,＋1.13%,4890,4998,21633
2020/05/14,4830,4925,4830,4880,▼30,－0.61%,4893,5016,10644
2020/05/13,4950,4950,4870,4910,▲5,＋0.10%,4896,5033,34384
2020/05/12,5050,5050,4885,4905,▼125,－2.49%,4899,5043,70825
2020/05/11,5110,5140,5000,5030,▼70,－1.37%,4903,5067,32161
2020/05/08,5160,5190,5100,5100,▼20,－0.39%,4906,5085,53787
2020/05/07,5090,5120,5020,5120,▲110,＋2.20%,4908,5074,30650
2020/05/06,5050,5120,5010,5010,▼30,－0.60%,4909,5073,21709
2020/05/04,5020,5140,4925,5040,▼10,－0.20%,4911,5083,40948
2020/04/29,5090,5140,5020,5050,▼60,－1.17%,4913,5083,24827
2020/04/28,5150,5270,5050,5110,▲60,＋1.19%,4915,5071,100780
2020/04/27,4995,5100,4985,5050,▲40,＋0.80%,4916,5048,35380
2020/04/24,5100,5120,4995,5010,▼140,－2.72%,4917,5041,48739
2020/04/23,5230,5250,5040,5150,▼60,－1.15%,4918,5030,109705
2020/04/22,5120,5390,5040,5210,▲220,＋4.41%,4919,4998,415929
2020/04/21,5270,5650,4825,4990,▼120,－2.35%,4920,4956,382326
2020/04/20,5190,5190,5020,5110,0.0,0.00%,4922,4936,22505
2020/04/17,5040,5170,5040,5110,▲70,＋1.39%,4923,4903,50291
2020/04/16,4910,5070,4910,5040,▲110,＋2.23%,4925,4868,17758
2020/04/14,4840,4975,4840,4930,▲50,＋1.02%,4928,4825,19825
2020/04/13,5040,5060,4880,4880,▼100,－2.01%,4932,4802,33845
2020/04/10,4925,4980,4810,4980,▲85,＋1.74%,4936,4772,64244
2020/04/09,4940,4940,4835,4895,▲60,＋1.24%,4940,4729,27958
2020/04/08,4790,4880,4730,4835,▲45,＋0.94%,4944,4698,48311
2020/04/07,4800,4860,4680,4790,0.0,0.00%,4949,4671,59577
2020/04/06,4780,4820,4705,4790,▲10,＋0.21%,4955,4639,30586
2020/04/03,4890,4890,4730,4780,▲20,＋0.42%,4962,4582,27786
2020/04/02,4680,4760,4555,4760,▲155,＋3.37%,4973,4526,55019
2020/04/01,4750,4780,4605,4605,▼100,－2.13%,4978,4445,56992
2020/03/31,4645,4870,4610,4705,▲125,＋2.73%,4984,4394,128055
2020/03/30,4500,4580,4425,4580,▲30,＋0.66%,4989,4351,34368
2020/03/27,4650,4750,4495,4550,▼35,－0.76%,4995,4320,59165
2020/03/26,4590,4690,4505,4585,▲25,＋0.55%,5003,4295,43522
2020/03/25,4475,4710,4475,4560,▲85,＋1.90%,5011,4282,94231
2020/03/24,4170,4490,4170,4475,▲255,＋6.04%,5018,4304,50702
2020/03/23,4090,4240,4065,4220,▲5,＋0.12%,5028,4360,69611
2020/03/20,3920,4295,3920,4215,▲265,＋6.71%,5040,4409,74153
2020/03/19,4135,4200,3840,3950,▼150,－3.66%,5052,4469,135182
2020/03/18,4360,4380,4100,4100,▼170,－3.98%,5068,4556,90721
2020/03/17,3850,4380,3850,4270,0.0,0.00%,5082,4633,80206
2020/03/16,4305,4390,4230,4270,▼30,－0.70%,5095,4682,91605
2020/03/13,4200,4340,4000,4300,▼160,－3.59%,5107,4727,104741
2020/03/12,4765,4800,4390,4460,▼315,－6.60%,5119,4754,190597
2020/03/11,5030,5030,4650,4775,▼265,－5.26%,5130,4782,322482
2020/03/10,4840,5780,4830,5040,▲330,＋7.01%,5138,4777,2682657
2020/03/09,4815,4835,4665,4710,▼100,－2.08%,5142,4748,25030
2020/03/06,4800,4820,4725,4810,▼10,－0.21%,5148,4746,18592
2020/03/05,4870,4885,4775,4820,▼50,－1.03%,5153,4746,33125
2020/03/04,4760,4880,4715,4870,▲110,＋2.31%,5158,4747,18869
2020/03/03,4820,4820,4720,4760,▲40,＋0.85%,5163,4750,48060
2020/03/02,4580,4730,4580,4720,▲150,＋3.28%,5169,4769,52040
2020/02/28,4660,4740,4570,4570,▼175,－3.69%,5174,4796,41644
2020/02/27,4725,4860,4670,4745,▲20,＋0.42%,5181,4835,15014
2020/02/26,4670,4760,4670,4725,▼25,－0.53%,5186,4858,8170
2020/02/25,4690,4750,4650,4750,▲60,＋1.28%,5191,4884,29060
2020/02/24,4790,4790,4675,4690,▼120,－2.49%,5196,4907,22875
2020/02/21,4860,4860,4800,4810,▼20,－0.41%,5203,4937,15848
2020/02/20,4910,4980,4800,4830,▼70,－1.43%,5207,4956,25911
2020/02/19,5010,5010,4890,4900,▼45,－0.91%,5212,4964,14757
2020/02/18,4995,5010,4945,4945,▼45,－0.90%,5216,4961,5957
2020/02/17,4995,4995,4950,4990,▲30,＋0.60%,5219,4951,9500
2020/02/14,4980,5000,4945,4960,▼20,－0.40%,5222,4933,9990
2020/02/13,4990,5030,4965,4980,▼5,－0.10%,5224,4922,20199
2020/02/12,5000,5010,4955,4985,▲10,＋0.20%,5226,4914,12399
2020/02/11,4965,5020,4960,4975,▼20,－0.40%,5230,4908,12515
2020/02/10,5000,5020,4955,4995,▼5,－0.10%,5231,4901,22470
2020/02/07,4910,5080,4880,5000,▲90,＋1.83%,5232,4914,51059
2020/02/06,4875,4925,4860,4910,▲45,＋0.92%,5234,4926,22604
2020/02/05,4890,4890,4830,4865,▲20,＋0.41%,5236,4942,11524
2020/02/04,4810,4900,4800,4845,▲35,＋0.73%,5236,4969,18355
2020/02/03,4775,4840,4755,4810,▼45,－0.93%,5235,4984,33627
2020/01/31,4960,4960,4800,4855,▼45,－0.92%,5238,4999,50811
2020/01/30,4935,4975,4890,4900,▼20,－0.41%,5244,5013,26866
2020/01/29,4910,4985,4905,4920,▲10,＋0.20%,5251,5017,15157
2020/01/28,5000,5000,4900,4910,▼210,－4.10%,5261,5012,53916
2020/01/23,5200,5280,5110,5120,0.0,0.00%,5269,5003,53558
2020/01/22,5080,5160,5020,5120,▲50,＋0.99%,5276,4980,43571
2020/01/21,5170,5180,5060,5070,▼70,－1.36%,5284,4957,22249
2020/01/20,4990,5140,4950,5140,▲150,＋3.01%,5294,4949,38937
2020/01/17,5000,5000,4975,4990,▲25,＋0.50%,5300,4931,6408
2020/01/16,5020,5020,4965,4965,▼25,－0.50%,5309,4935,7995
2020/01/15,5000,5010,4945,4990,▲50,＋1.01%,5324,4944,13128
2020/01/14,4885,4940,4875,4940,▲70,＋1.44%,5327,4959,9520
2020/01/13,4825,4880,4820,4870,▲45,＋0.93%,5329,4974,5763
2020/01/10,4935,4955,4810,4825,▼60,－1.23%,5332,4997,37118
2020/01/09,4945,4975,4875,4885,▼5,－0.10%,5336,5019,15775
2020/01/08,4970,4990,4890,4890,▼100,－2.00%,5339,5036,43545
2020/01/07,5020,5020,4980,4990,▲25,＋0.50%,5343,5052,5581
2020/01/06,5030,5040,4965,4965,▼65,－1.29%,5346,5062,25403
2020/01/03,5070,5070,4990,5030,▼20,－0.40%,5348,5074,44853
2020/01/02,5090,5120,5020,5050,▼90,－1.75%,5350,5079,33072
2019/12/30,5090,5170,5050,5140,▲50,＋0.98%,5352,5076,11355
2019/12/27,5080,5090,5040,5090,▼10,－0.20%,5355,5060,6330
2019/12/26,5050,5100,5030,5100,▲50,＋0.99%,5358,5047,13645
2019/12/24,5050,5070,5030,5050,0.0,0.00%,5362,5034,6125
2019/12/23,5070,5090,5020,5050,0.0,0.00%,5366,5027,10515
2019/12/20,5080,5100,5040,5050,▼40,－0.79%,5371,5021,10468
2019/12/19,5100,5110,5030,5090,0.0,0.00%,5375,5017,10251
2019/12/18,5090,5100,5000,5090,▲10,＋0.20%,5379,5006,20363
2019/12/17,5040,5080,5010,5080,▲60,＋1.20%,5384,4994,18523
2019/12/16,5010,5050,4950,5020,▲45,＋0.90%,5388,4985,16680
2019/12/13,4960,5010,4960,4975,▲15,＋0.30%,5393,4983,7019
2019/12/12,4990,5000,4955,4960,▼15,－0.30%,5398,4992,15566
2019/12/11,5050,5060,4950,4975,0.0,0.00%,5403,4995,12881
2019/12/10,5020,5020,4960,4975,▼15,－0.30%,5408,5004,10729
2019/12/09,5060,5060,4980,4990,▼20,－0.40%,5412,5010,12712
2019/12/06,5060,5060,4975,5010,▲25,＋0.50%,5417,5015,8679
2019/12/05,4970,5050,4955,4985,▲15,＋0.30%,5422,5017,14704
2019/12/04,5030,5030,4950,4970,▼20,－0.40%,5426,5021,19809
2019/12/03,5060,5060,4970,4990,▼10,－0.20%,5431,5044,9584
2019/12/02,5030,5050,4980,5000,▼60,－1.19%,5435,5073,17188
2019/11/29,5040,5060,4990,5060,▲65,＋1.30%,5439,5104,14287
2019/11/28,5040,5100,4990,4995,▼65,－1.28%,5442,5128,18542
2019/11/27,5040,5080,5020,5060,▲20,＋0.40%,5446,5154,15096
2019/11/26,5020,5060,5010,5040,0.0,0.00%,5449,5183,12333
2019/11/25,5070,5070,4990,5040,▲10,＋0.20%,5452,5218,9355
2019/11/22,4985,5060,4985,5030,▲10,＋0.20%,5455,5243,8142
2019/11/21,5200,5260,4910,5020,▼180,－3.46%,5458,5268,46466
2019/11/20,5270,5270,5200,5200,▼80,－1.52%,5461,5291,20732
2019/11/19,5230,5300,5210,5280,▼30,－0.56%,5464,5302,18838
2019/11/18,5300,5390,5260,5310,▲10,＋0.19%,5466,5304,7974
2019/11/15,5280,5310,5260,5300,▲40,＋0.76%,5469,5298,5984
2019/11/14,5230,5350,5230,5260,▼90,－1.68%,5474,5283,41547
2019/11/13,5390,5430,5290,5350,▼40,－0.74%,5478,5270,9696
2019/11/12,5270,5390,5270,5390,▲100,＋1.89%,5482,5256,12110
2019/11/11,5340,5340,5220,5290,▲10,＋0.19%,5486,5247,17877
2019/11/08,5320,5370,5280,5280,▲30,＋0.57%,5491,5248,15379
2019/11/07,5320,5320,5220,5250,▼60,－1.13%,5496,5247,13284
2019/11/06,5310,5330,5270,5310,▲10,＋0.19%,5501,5254,7942
2019/11/05,5250,5300,5210,5300,▲50,＋0.95%,5506,5260,10532
2019/11/04,5200,5300,5170,5250,▲100,＋1.94%,5510,5268,14845
2019/11/01,5130,5180,5080,5150,▲20,＋0.39%,5516,5280,13474
2019/10/31,5260,5260,5100,5130,▼80,－1.54%,5524,5308,32549
2019/10/30,5310,5330,5210,5210,▼90,－1.70%,5532,5337,17766
2019/10/29,5290,5330,5260,5300,0.0,0.00%,5540,5361,11799
2019/10/28,5270,5340,5270,5300,▲30,＋0.57%,5547,5381,15586
2019/10/25,5320,5350,5250,5270,▼50,－0.94%,5554,5419,14659
2019/10/24,5370,5370,5270,5320,▼50,－0.93%,5560,5492,15620
2019/10/23,5480,5480,5300,5370,▼10,－0.19%,5567,5498,34039
2019/10/22,5380,5450,5350,5380,▲10,＋0.19%,5574,5492,14872
2019/10/21,5430,5470,5360,5370,▼60,－1.10%,5581,5484,13236
2019/10/18,5420,5500,5380,5430,▲10,＋0.18%,5587,5488,23543
2019/10/17,5470,5490,5400,5420,▼30,－0.55%,5593,5490,11295
2019/10/16,5510,5560,5400,5450,▼50,－0.91%,5600,5500,32395
2019/10/15,5680,5680,5490,5500,▼180,－3.17%,5606,5503,36516
2019/10/14,5800,5800,5530,5680,▼320,－5.33%,5612,5512,55072
2019/10/11,5380,6000,5290,6000,▲620,＋11.52%,5616,5512,28928
2019/10/10,5300,5400,5260,5380,▲70,＋1.32%,5619,5483,7859
2019/10/08,5320,5380,5240,5310,▲10,＋0.19%,5627,5527,13895
2019/10/07,5420,5460,5280,5300,▼110,－2.03%,5635,5576,29350
2019/10/04,5450,5520,5340,5410,▼40,－0.73%,5643,5628,14562
2019/10/02,5540,5540,5400,5450,▼70,－1.27%,5650,5664,13888
2019/10/01,5590,5600,5470,5520,▲40,＋0.73%,5656,5692,13187
2019/09/30,5570,5610,5450,5480,▼110,－1.97%,5662,5715,15295
2019/09/27,5630,5680,5550,5590,▼90,－1.58%,5667,5734,15297
2019/09/26,5700,5790,5540,5680,▼30,－0.53%,5671,5729,47073
2019/09/25,5720,5790,5650,5710,▼110,－1.89%,5675,5707,33641
2019/09/24,5800,5870,5710,5820,▲20,＋0.34%,5678,5678,19204
2019/09/23,5820,5820,5700,5800,▼20,－0.34%,5679,5639,19010
2019/09/20,5720,5820,5680,5820,▲50,＋0.87%,5681,5604,16949
2019/09/19,5820,5840,5740,5770,▲40,＋0.70%,5682,5565,22756
2019/09/18,5700,5850,5690,5730,▼20,－0.35%,5683,5530,33157
2019/09/17,5670,5820,5580,5750,▲80,＋1.41%,5685,5498,82790
2019/09/16,5540,5690,5540,5670,▲130,＋2.35%,5687,5458,46443
2019/09/11,5500,5640,5390,5540,▲80,＋1.47%,5690,5423,69501
2019/09/10,5440,5470,5360,5460,▲40,＋0.74%,5694,5398,24771
2019/09/09,5380,5480,5310,5420,▼10,－0.18%,5700,5400,36948
2019/09/06,5490,5500,5360,5430,▼20,－0.37%,5706,5390,23363
2019/09/05,5430,5500,5410,5450,▲20,＋0.37%,5711,5392,16462
2019/09/04,5470,5490,5390,5430,▲10,＋0.18%,5717,5380,13935
2019/09/03,5410,5550,5360,5420,▲10,＋0.18%,5722,5373,44402
2019/09/02,5300,5410,5300,5410,▲60,＋1.12%,5728,5363,16367
2019/08/30,5300,5420,5300,5350,▲30,＋0.56%,5734,5350,21402
2019/08/29,5290,5430,5250,5320,▲30,＋0.57%,5739,5335,51429
2019/08/28,5520,5520,5260,5290,▼190,－3.47%,5746,5342,76672
2019/08/27,5430,5510,5370,5480,▲160,＋3.01%,5753,5328,39426
2019/08/26,5250,5460,5240,5320,▼130,－2.39%,5761,5293,55626
2019/08/23,5330,5840,5270,5450,▲120,＋2.25%,5770,5279,257726
2019/08/22,5330,5390,5280,5330,▼30,－0.56%,5777,5251,36137
2019/08/21,5290,5390,5260,5360,▲40,＋0.75%,5787,5212,32897
2019/08/20,5230,5340,5230,5320,▲40,＋0.76%,5798,5146,54685
2019/08/19,5180,5290,5180,5280,▲80,＋1.54%,5809,5124,39344
2019/08/16,5340,5350,5170,5200,▼190,－3.53%,5821,5160,67958
2019/08/14,5160,5400,5140,5390,▲240,＋4.66%,5834,5211,67128
2019/08/13,5090,5230,5090,5150,▲20,＋0.39%,5845,5282,33771
2019/08/12,5130,5220,5030,5130,▼50,－0.97%,5859,5361,65108
2019/08/09,5220,5340,5170,5180,▲10,＋0.19%,5872,5437,80911
2019/08/08,4950,5370,4925,5170,▲230,＋4.66%,5885,5529,134215
2019/08/07,4580,4945,4580,4940,▲240,＋5.11%,5899,5634,109672
2019/08/06,4900,5110,4695,4700,▼400,－7.84%,5914,5727,163707
2019/08/05,5690,5730,5100,5100,▼540,－9.57%,5932,5867,190571
2019/08/02,5650,5650,5240,5640,▼70,－1.23%,5946,6039,187474
2019/08/01,6000,6030,5690,5710,▼390,－6.39%,5957,6000,307829
2019/07/31,5890,6170,5690,6100,▲160,＋2.69%,5967,5953,645537
2019/07/30,5830,6080,5740,5940,▲50,＋0.85%,5974,5866,423838
2019/07/29,6050,6080,5730,5890,▼210,－3.44%,5983,5800,432528
2019/07/26,6150,6190,5880,6100,▼120,－1.93%,5993,5741,763468
2019/07/25,6080,7200,5930,6220,▲350,＋5.96%,6000,5661,7132395
2019/07/24,6050,6350,5710,5870,▼230,－3.77%,6006,5572,1010704
2019/07/23,7100,7240,5990,6100,▼720,－10.56%,6015,5515,3878370
2019/07/22,5250,6820,5220,6820,▲1570,＋29.90%,6022,5433,2722269
2019/07/19,5150,5250,5150,5250,▲10,＋0.19%,6024,5281,1312
2019/07/18,5230,5260,5140,5240,▲10,＋0.19%,6039,5300,10749
2019/07/17,5270,5300,5190,5230,▼50,－0.95%,6056,5327,11281
2019/07/16,5300,5350,5250,5280,▼20,－0.38%,6072,5359,8203
2019/07/15,5270,5320,5260,5300,0.0,0.00%,6089,5386,7951
2019/07/12,5330,5330,5290,5300,▼30,－0.56%,6104,5413,5753
2019/07/11,5290,5340,5280,5330,▲30,＋0.57%,6120,5442,2465
2019/07/10,5230,5300,5230,5300,▲20,＋0.38%,6136,5469,1983
2019/07/09,5230,5340,5180,5280,▼20,－0.38%,6152,5500,19695
2019/07/08,5440,5460,5270,5300,▼140,－2.57%,6168,5534,12672
2019/07/05,5510,5520,5390,5440,▼70,－1.27%,6182,5565,12558
2019/07/04,5540,5590,5340,5510,▼40,－0.72%,6195,5579,6526
2019/07/03,5550,5570,5510,5550,0.0,0.00%,6208,5586,2695
2019/07/02,5570,5580,5470,5550,▼20,－0.36%,6218,5584,8816
2019/07/01,5590,5600,5510,5570,▼20,－0.36%,6230,5579,4225
2019/06/28,5610,5620,5500,5590,▼10,－0.18%,6241,5578,8153
2019/06/27,5610,5620,5590,5600,▼10,－0.18%,6252,5572,5725
2019/06/26,5620,5630,5570,5610,▼10,－0.18%,6263,5564,1781
2019/06/25,5600,5710,5590,5620,▲10,＋0.18%,6274,5560,17013
2019/06/24,5630,5630,5580,5610,▲30,＋0.54%,6284,5549,4193
2019/06/21,5630,5630,5540,5580,0.0,0.00%,6295,5533,5255
2019/06/20,5510,5580,5510,5580,▲50,＋0.90%,6306,5521,8390
2019/06/19,5500,5570,5500,5530,▲30,＋0.55%,6317,5510,3977
2019/06/18,5500,5570,5500,5500,▼60,－1.08%,6329,5495,7411
2019/06/17,5530,5610,5510,5560,▲30,＋0.54%,6340,5480,5537
2019/06/14,5520,5550,5510,5530,▲10,＋0.18%,6350,5464,5817
2019/06/13,5570,5570,5410,5520,▼50,－0.90%,N/A,5451,15627
2019/06/12,5510,5570,5480,5570,▲60,＋1.09%,N/A,5442,6219
2019/06/11,5500,5580,5480,5510,▲60,＋1.10%,N/A,5438,6214
2019/06/10,5470,5490,5450,5450,▼10,－0.18%,N/A,5441,3225
2019/06/07,5470,5470,5400,5460,▼10,－0.18%,N/A,5463,7211
2019/06/05,5380,5500,5380,5470,▲90,＋1.67%,N/A,5502,12910
2019/06/04,5360,5380,5350,5380,▲30,＋0.56%,N/A,5538,9611
2019/06/03,5320,5420,5320,5350,▼50,－0.93%,N/A,5582,5333
2019/05/31,5420,5440,5390,5400,0.0,0.00%,N/A,5630,4080
2019/05/30,5370,5440,5340,5400,▼30,－0.55%,N/A,5677,11694
2019/05/29,5530,5530,5370,5430,▼100,－1.81%,N/A,5724,8816
2019/05/28,5360,5550,5360,5530,▼10,－0.18%,N/A,5771,6972
2019/05/27,5610,5670,5500,5540,▼130,－2.29%,N/A,5805,13727
2019/05/24,5830,5830,5570,5670,▼180,－3.08%,N/A,5834,36193
2019/05/23,5850,6070,5700,5850,▲20,＋0.34%,N/A,5863,16649
2019/05/22,5820,5840,5780,5830,▲10,＋0.17%,N/A,5888,8699
2019/05/21,5820,5850,5790,5820,▼10,－0.17%,N/A,5916,3825
2019/05/20,5870,5970,5790,5830,▼40,－0.68%,N/A,5944,5639
2019/05/17,5920,5930,5800,5870,0.0,0.00%,N/A,5976,6936
2019/05/16,5900,5950,5810,5870,▼30,－0.51%,N/A,6004,6158
2019/05/15,5870,5970,5820,5900,▲30,＋0.51%,N/A,6022,4652
2019/05/14,5800,5960,5700,5870,▲40,＋0.69%,N/A,6042,20670
2019/05/13,6000,6000,5720,5830,▼130,－2.18%,N/A,6073,16738
2019/05/10,6100,6100,5900,5960,▼140,－2.30%,N/A,6114,20795
2019/05/09,5990,6110,5790,6100,▼10,－0.16%,N/A,6128,37604
2019/05/08,6100,6140,6010,6110,▲10,＋0.16%,N/A,6138,15304
2019/05/07,6150,6200,5980,6100,▼50,－0.81%,N/A,6150,9132
2019/05/03,6100,6150,6070,6150,0.0,0.00%,N/A,6160,4961
2019/05/02,6190,6210,6100,6150,▲100,＋1.65%,N/A,6161,13624
2019/04/30,6100,6100,5980,6050,▼50,－0.82%,N/A,6171,11835
2019/04/29,6180,6180,6070,6100,▼80,－1.29%,N/A,6196,7307
2019/04/26,6230,6230,6170,6180,▼60,－0.96%,N/A,6216,6173
2019/04/25,6110,6260,6020,6240,▲140,＋2.30%,N/A,6229,16253
2019/04/24,6200,6230,6050,6100,▼100,－1.61%,N/A,6235,17419
2019/04/23,6210,6240,6200,6200,▼30,－0.48%,N/A,6244,2854
2019/04/22,6200,6230,6160,6230,▲30,＋0.48%,N/A,6242,1774
2019/04/19,6160,6230,6160,6200,▲40,＋0.65%,N/A,6239,3748
2019/04/18,6250,6250,6150,6160,▼90,－1.44%,N/A,6233,5934
2019/04/17,6300,6300,6200,6250,▼50,－0.79%,N/A,6228,7310
2019/04/16,6290,6310,6250,6300,0.0,0.00%,N/A,6210,6796
2019/04/15,6370,6380,6300,6300,▼10,－0.16%,N/A,6186,13523
2019/04/12,6330,6370,6290,6310,▲10,＋0.16%,N/A,6161,10025
2019/04/11,6200,6330,6200,6300,▲110,＋1.78%,N/A,6128,17783
2019/04/10,6180,6220,6180,6190,▲10,＋0.16%,N/A,6091,4316
2019/04/09,6250,6250,6180,6180,▼20,－0.32%,N/A,6066,5967
2019/04/08,6130,6200,6130,6200,▲60,＋0.98%,N/A,6040,7584
2019/04/05,6110,6150,6050,6140,▲30,＋0.49%,N/A,6021,12214
2019/04/04,6100,6120,6040,6110,▲40,＋0.66%,N/A,6011,4089
2019/04/03,6060,6070,6010,6070,▲10,＋0.17%,N/A,6006,7873
2019/04/02,6070,6080,6020,6060,▲10,＋0.17%,N/A,6007,4508
2019/04/01,5980,6050,5960,6050,▲70,＋1.17%,N/A,6014,4648
2019/03/29,6030,6030,5850,5980,▲50,＋0.84%,N/A,6022,8248
2019/03/28,5890,6000,5890,5930,▼10,－0.17%,N/A,6035,12846
2019/03/27,5950,5950,5900,5940,▲20,＋0.34%,N/A,6050,5166
2019/03/26,5920,6020,5920,5920,▼90,－1.50%,N/A,6066,13976
2019/03/25,6010,6030,5950,6010,▼30,－0.50%,N/A,6082,11440
2019/03/22,6060,6100,6020,6040,▼20,－0.33%,N/A,6087,6206
2019/03/21,6130,6130,6060,6060,▼20,－0.33%,N/A,6093,7858
2019/03/20,6130,6130,6070,6080,▼50,－0.82%,N/A,6105,6461
2019/03/19,6090,6150,6090,6130,0.0,0.00%,N/A,6132,5190
2019/03/18,6270,6270,6070,6130,▲20,＋0.33%,N/A,6159,8983
2019/03/15,6130,6160,6090,6110,▲30,＋0.49%,N/A,6182,8826
2019/03/14,6150,6180,6070,6080,▼20,－0.33%,N/A,6222,7983
2019/03/13,6100,6110,6050,6100,▲20,＋0.33%,N/A,6277,4656
2019/03/12,6140,6140,6040,6080,▲20,＋0.33%,N/A,6336,11334
2019/03/11,6100,6100,6010,6060,▼40,－0.66%,N/A,6399,13318
2019/03/08,6150,6210,6040,6100,▼80,－1.29%,N/A,6467,17775
2019/03/07,6350,6400,6150,6180,▼170,－2.68%,N/A,6533,21005
2019/03/06,6400,6400,6300,6350,▼50,－0.78%,N/A,6596,9132
2019/03/05,6390,6410,6300,6400,▲40,＋0.63%,N/A,6635,7219
2019/03/04,6620,6620,6340,6360,▼150,－2.30%,N/A,6669,40343
2019/02/28,6690,6690,6500,6510,▼120,－1.81%,N/A,6708,25189
2019/02/27,6740,6740,6630,6630,▼60,－0.90%,N/A,6737,14334
2019/02/26,6620,6740,6620,6690,▼20,－0.30%,N/A,6758,6838
2019/02/25,6720,6790,6690,6710,▼30,－0.45%,N/A,6771,5298
2019/02/22,6810,6810,6690,6740,▼20,－0.30%,N/A,6788,6728
2019/02/21,6810,6830,6760,6760,▼50,－0.73%,N/A,6805,8485
2019/02/20,6740,6810,6700,6810,▲70,＋1.04%,N/A,6823,8539
2019/02/19,6740,6800,6740,6740,0.0,0.00%,N/A,6846,5452
2019/02/18,6780,6830,6730,6740,▼10,－0.15%,N/A,6883,12566
2019/02/15,6750,6800,6620,6750,▼50,－0.74%,N/A,6909,23123
2019/02/14,6920,6920,6800,6800,▼40,－0.58%,N/A,6924,5208
2019/02/13,6830,6910,6800,6840,▲20,＋0.29%,N/A,6936,8272
2019/02/12,6980,6980,6760,6820,▼60,－0.87%,N/A,6952,13642
2019/02/11,6980,6980,6850,6880,▼30,－0.43%,N/A,6974,5752
2019/02/08,6920,6970,6810,6910,▼30,－0.43%,N/A,6994,22632
2019/02/07,7040,7100,6910,6940,▼100,－1.42%,N/A,7025,13730
2019/02/01,7080,7120,6990,7040,▼70,－0.98%,N/A,7049,23116
2019/01/31,7010,7110,6950,7110,▲110,＋1.57%,N/A,7069,30405
2019/01/30,6870,7250,6860,7000,▲100,＋1.45%,N/A,7075,56451
2019/01/29,6960,6960,6820,6900,▼20,－0.29%,N/A,7100,10178
2019/01/28,6990,7010,6870,6920,▼80,－1.14%,N/A,7134,19968
2019/01/25,7060,7060,7000,7000,▼40,－0.57%,N/A,7159,7298
2019/01/24,7120,7120,6850,7040,▼40,－0.56%,N/A,7176,20525
2019/01/23,7250,7250,7050,7080,▼140,－1.94%,N/A,7177,16037
2019/01/22,7210,7300,7120,7220,▲40,＋0.56%,N/A,7172,11225
2019/01/21,7280,7280,7120,7180,▼60,－0.83%,N/A,7146,12672
2019/01/18,7120,7240,7060,7240,▲70,＋0.98%,N/A,7114,23986
2019/01/17,7260,7260,7130,7170,▼80,－1.10%,N/A,7081,15756
2019/01/16,7280,7280,7140,7250,▲10,＋0.14%,N/A,7054,13178
2019/01/15,7170,7300,7100,7240,▲70,＋0.98%,N/A,7022,26409
2019/01/14,7160,7170,7040,7170,0.0,0.00%,N/A,6990,27143
2019/01/11,7050,7170,7050,7170,▲120,＋1.70%,N/A,6960,32680
2019/01/10,7040,7150,6970,7050,▲20,＋0.28%,N/A,6926,46118
2019/01/09,6980,7090,6900,7030,▲70,＋1.01%,N/A,6916,37447
2019/01/08,6890,6990,6790,6960,▲100,＋1.46%,N/A,6902,31851
2019/01/07,6940,7020,6760,6860,▼50,－0.72%,N/A,6901,47317
2019/01/04,6920,6960,6860,6910,▲10,＋0.14%,N/A,6911,24133
2019/01/03,6940,7060,6890,6900,▼30,－0.43%,N/A,6906,33843
2019/01/02,6940,7020,6860,6930,▲10,＋0.14%,N/A,6892,19291
2018/12/28,6890,6980,6850,6920,▲50,＋0.73%,N/A,N/A,22030
2018/12/27,6860,6960,6800,6870,▲40,＋0.59%,N/A,N/A,32502
2018/12/26,6860,6940,6550,6830,▼120,－1.73%,N/A,N/A,50123
2018/12/24,6890,6990,6890,6950,▲60,＋0.87%,N/A,N/A,24714
2018/12/21,6940,7030,6780,6890,▼60,－0.86%,N/A,N/A,50758
2018/12/20,6950,6990,6830,6950,▼10,－0.14%,N/A,N/A,40429
2018/12/19,6880,6960,6840,6960,▲100,＋1.46%,N/A,N/A,29186
2018/12/18,6660,6880,6660,6860,▲100,＋1.48%,N/A,N/A,41582
2018/12/17,6630,6770,6590,6760,0.0,0.00%,N/A,N/A,60514
