[일시]시큐브,시가,고가,저가,종가,대비,대비율,<가격이동평균>10,[거래량]
2021/01/15,1610,1610,1565,1580,▼15,－0.94%,1584,313976
2021/01/14,1560,1605,1555,1595,▲30,＋1.92%,1588,385868
2021/01/13,1545,1570,1525,1565,▲15,＋0.97%,1588,292954
2021/01/12,1540,1580,1525,1550,▲10,＋0.65%,1587,337349
2021/01/11,1600,1600,1515,1540,▼50,－3.14%,1588,848056
2021/01/08,1625,1630,1585,1590,▼15,－0.93%,1586,474055
2021/01/07,1600,1630,1580,1605,▲5,＋0.31%,1579,575001
2021/01/06,1605,1625,1590,1600,▲5,＋0.31%,1576,313749
2021/01/05,1610,1615,1590,1595,▼20,－1.24%,1576,331940
2021/01/04,1630,1635,1600,1615,▼10,－0.62%,1575,352731
2020/12/30,1610,1635,1595,1625,▲30,＋1.88%,1568,369957
2020/12/29,1580,1610,1570,1595,▲40,＋2.57%,1561,201564
2020/12/28,1555,1574,1531,1555,0.0,0.00%,1557,329573
2020/12/24,1531,1579,1531,1555,▲29,＋1.88%,1560,372471
2020/12/23,1522,1550,1512,1526,▲5,＋0.31%,1563,504409
2020/12/22,1579,1584,1522,1522,▼52,－3.33%,1567,562175
2020/12/21,1622,1622,1565,1574,▼29,－1.79%,1571,489154
2020/12/18,1593,1607,1574,1603,▲24,＋1.51%,1569,644415
2020/12/17,1555,1603,1545,1579,▲29,＋1.85%,1563,597920
2020/12/16,1555,1560,1536,1550,▼5,－0.31%,1560,343372
2020/12/15,1565,1569,1531,1555,0.0,0.00%,1567,382975
2020/12/14,1584,1593,1550,1555,▼29,－1.81%,1574,456694
2020/12/11,1584,1588,1560,1584,▲5,＋0.30%,1577,653776
2020/12/10,1584,1603,1550,1579,▲10,＋0.61%,1575,1373603
2020/12/09,1584,1584,1531,1569,▲10,＋0.61%,1576,717978
2020/12/08,1555,1569,1531,1560,▲5,＋0.31%,1572,669251
2020/12/07,1555,1593,1536,1555,▲14,＋0.93%,1573,812157
2020/12/04,1555,1565,1526,1541,▼10,－0.62%,1569,879009
2020/12/03,1631,1636,1526,1550,▼72,－4.41%,1567,2194244
2020/12/02,1703,1851,1607,1622,▼5,－0.29%,1565,14106904
2020/12/01,1584,1636,1574,1627,▲43,＋2.71%,1553,1547843
2020/11/30,1579,1593,1565,1584,▲19,＋1.22%,1537,484931
2020/11/27,1588,1588,1555,1565,▼24,－1.50%,1531,805747
2020/11/26,1526,1674,1517,1588,▲62,＋4.06%,1523,5407929
2020/11/25,1579,1598,1503,1526,▼43,－2.74%,1512,857012
2020/11/24,1522,1569,1522,1569,▲48,＋3.13%,1503,829237
2020/11/23,1550,1607,1488,1522,▲5,＋0.31%,1492,2769555
2020/11/20,1526,1536,1493,1517,▼10,－0.63%,1488,336207
2020/11/19,1517,1526,1493,1526,▲24,＋1.59%,1482,394562
2020/11/18,1469,1512,1464,1503,▲33,＋2.27%,1476,334894
2020/11/17,1536,1541,1469,1469,▼57,－3.75%,1470,399868
2020/11/16,1498,1531,1479,1526,▲48,＋3.23%,1466,581786
2020/11/13,1464,1493,1445,1479,0.0,0.00%,1456,300660
2020/11/12,1450,1479,1436,1479,▲38,＋2.65%,1446,206936
2020/11/11,1469,1469,1436,1441,▼14,－0.98%,1439,187727
2020/11/10,1479,1479,1450,1455,▼29,－1.93%,1439,239151
2020/11/09,1479,1483,1460,1483,▲24,＋1.63%,1432,198527
2020/11/06,1498,1498,1436,1460,▼10,－0.65%,1421,423066
2020/11/05,1436,1474,1436,1469,▲33,＋2.33%,1421,230879
2020/11/04,1436,1460,1426,1436,0.0,0.00%,1423,252874
2020/11/03,1402,1455,1398,1436,▲14,＋1.01%,1430,267691
2020/11/02,1383,1426,1379,1421,▲38,＋2.76%,1435,141102
2020/10/30,1407,1421,1379,1383,▼24,－1.69%,1440,250280
2020/10/29,1407,1417,1383,1407,▼29,－1.99%,1449,296313
2020/10/28,1393,1455,1393,1436,▲48,＋3.44%,1462,319594
2020/10/27,1393,1512,1374,1388,▲14,＋1.04%,1477,1311264
2020/10/26,1445,1464,1355,1374,▼86,－5.88%,1498,612425
2020/10/23,1483,1493,1445,1460,▼33,－2.24%,1519,298703
2020/10/22,1507,1517,1474,1493,▼10,－0.63%,1536,290032
2020/10/21,1498,1503,1455,1503,▲19,＋1.29%,1550,229200
2020/10/20,1450,1498,1431,1483,▲14,＋0.97%,1553,421972
2020/10/19,1479,1522,1441,1469,▼5,－0.32%,1559,579787
2020/10/16,1550,1555,1460,1474,▼62,－4.04%,1562,694581
2020/10/15,1588,1612,1507,1536,▼57,－3.59%,1563,910772
2020/10/14,1593,1617,1565,1593,0.0,0.00%,1560,466188
2020/10/13,1603,1603,1555,1593,▲5,＋0.30%,1556,605892
2020/10/12,1622,1641,1579,1588,▼43,－2.63%,1561,920120
2020/10/08,1631,1646,1574,1631,0.0,0.00%,1539,1738363
2020/10/07,1751,1903,1612,1631,▲100,＋6.54%,1518,15486378
2020/10/06,1536,1555,1488,1531,▼10,－0.62%,1504,1298748
2020/10/05,1536,1550,1464,1541,▲43,＋2.87%,1507,492937
2020/09/29,1493,1531,1483,1498,▲10,＋0.64%,1513,323781
2020/09/28,1507,1536,1431,1488,▼14,－0.95%,1523,477222
2020/09/25,1560,1579,1479,1503,▼52,－3.37%,1535,700294
2020/09/24,1655,1722,1498,1555,▼91,－5.51%,1545,2386736
2020/09/23,1364,1689,1364,1646,▲281,＋20.63%,1545,3597670
2020/09/22,1431,1431,1340,1364,▼62,－4.35%,1531,341829
2020/09/21,1507,1507,1383,1426,▼67,－4.47%,1547,464678
2020/09/18,1569,1569,1469,1493,▼62,－3.99%,1559,523848
2020/09/17,1612,1703,1555,1555,▼48,－2.98%,1561,1295331
2020/09/16,1622,1627,1574,1603,▲5,＋0.30%,1556,256531
2020/09/15,1631,1631,1579,1598,▼14,－0.89%,1545,292880
2020/09/14,1617,1622,1565,1612,▲14,＋0.90%,1535,260642
2020/09/11,1550,1617,1550,1598,▲48,＋3.08%,1529,490807
2020/09/10,1541,1574,1526,1550,▲38,＋2.52%,1516,444557
2020/09/09,1488,1531,1488,1512,▼14,－0.94%,1505,350703
2020/09/08,1560,1569,1507,1526,▼14,－0.93%,1493,556129
2020/09/07,1512,1574,1479,1541,▲29,＋1.89%,1474,515392
2020/09/04,1464,1512,1436,1512,0.0,0.00%,1446,291332
2020/09/03,1488,1512,1431,1512,▲24,＋1.60%,1418,430417
2020/09/02,1503,1531,1483,1488,▼14,－0.95%,1386,374434
2020/09/01,1550,1550,1450,1503,▼43,－2.78%,1357,491351
2020/08/31,1488,1545,1474,1545,▲76,＋5.19%,1326,649860
2020/08/28,1460,1498,1441,1469,▲29,＋1.99%,1340,582441
2020/08/27,1407,1488,1398,1441,▲43,＋3.07%,1364,1191866
2020/08/26,1321,1426,1321,1398,▲67,＋5.02%,1390,1018149
2020/08/25,1278,1350,1264,1331,▲72,＋5.68%,1425,901827
2020/08/24,1226,1278,1193,1259,▲24,＋1.93%,1471,711358
2020/08/21,1207,1240,1097,1235,▲43,＋3.60%,1526,947169
2020/08/20,1216,1283,1145,1193,▼5,－0.40%,1581,1452301
2020/08/19,1116,1526,1107,1197,▲10,＋0.80%,1643,8383828
2020/08/18,1188,1188,1188,1188,▼506,－29.86%,1701,653484
2020/08/14,1703,1727,1684,1693,▼10,－0.56%,1756,413170
2020/08/13,1732,1736,1703,1703,0.0,0.00%,1760,460700
2020/08/12,1746,1751,1684,1703,▼48,－2.72%,1763,958611
2020/08/11,1784,1803,1736,1751,▼33,－1.87%,1762,633720
2020/08/10,1817,1822,1774,1784,▼33,－1.84%,1756,659135
2020/08/07,1789,1856,1746,1817,▲33,＋1.87%,1749,1371451
2020/08/06,1808,1827,1746,1784,▼24,－1.32%,1736,1116270
2020/08/05,1841,1865,1798,1808,▲24,＋1.34%,1731,3109271
2020/08/04,1755,1789,1746,1784,▲52,＋3.03%,1725,1135354
2020/08/03,1765,1765,1712,1732,▼5,－0.27%,1723,427602
2020/07/31,1732,1746,1717,1736,▲5,＋0.28%,1732,577334
2020/07/30,1698,1746,1689,1732,▲38,＋2.25%,1735,487081
2020/07/29,1698,1708,1670,1693,▲5,＋0.28%,1742,368141
2020/07/28,1732,1732,1689,1689,▼29,－1.67%,1760,485790
2020/07/27,1679,1722,1670,1717,▲29,＋1.69%,1771,428688
2020/07/24,1712,1736,1679,1689,▼38,－2.21%,1778,772058
2020/07/23,1746,1765,1722,1727,▼24,－1.36%,1785,552691
2020/07/22,1765,1779,1736,1751,▼14,－0.81%,1798,487697
2020/07/21,1784,1794,1760,1765,▼52,－2.89%,1797,878343
2020/07/20,1779,1832,1727,1817,▲43,＋2.42%,1793,1618167
2020/07/17,1822,1822,1765,1774,▼29,－1.59%,1787,1148853
2020/07/16,1946,2003,1784,1803,▼67,－3.57%,1782,6719821
2020/07/15,1813,1879,1774,1870,▲72,＋3.98%,1776,2486751
2020/07/14,1784,1832,1765,1798,▲10,＋0.53%,1758,1573980
2020/07/13,1765,1798,1746,1789,▲33,＋1.90%,1747,1006787
2020/07/10,1856,1860,1722,1755,▼100,－5.40%,1738,2602580
2020/07/09,1760,1860,1736,1856,▲114,＋6.58%,1739,2357056
2020/07/08,1727,1798,1703,1741,▲14,＋0.83%,1735,1618503
2020/07/07,1774,1774,1708,1727,▼29,－1.63%,1742,588275
2020/07/06,1727,1765,1722,1755,▲33,＋1.94%,1751,878683
2020/07/03,1774,1774,1703,1722,▼24,－1.37%,1756,577412
2020/07/02,1693,1746,1670,1746,▲57,＋3.39%,1773,685637
2020/07/01,1717,1751,1679,1689,▼5,－0.28%,1778,1390070
2020/06/30,1698,1727,1665,1693,0.0,0.00%,1785,998364
2020/06/29,1736,1784,1689,1693,▼72,－4.05%,1794,1158855
2020/06/26,1846,1846,1755,1765,▼52,－2.89%,1792,1242595
2020/06/25,1774,1836,1760,1817,▲10,＋0.53%,1810,1657951
2020/06/24,1851,1889,1789,1808,▼14,－0.79%,1830,2518814
2020/06/23,1813,1836,1717,1822,▲14,＋0.79%,1848,2828802
2020/06/22,1889,1889,1784,1808,▼81,－4.29%,1863,3635120
2020/06/19,2118,2209,1865,1889,▲95,＋5.32%,1873,26388802
2020/06/18,1784,1817,1736,1794,▲29,＋1.62%,1874,1289470
2020/06/17,1746,1813,1670,1765,▼19,－1.07%,1883,1135378
2020/06/16,1717,1860,1712,1784,▲119,＋7.16%,1903,1621210
2020/06/15,1951,1999,1603,1665,▼286,－14.67%,1925,2151689
2020/06/12,1846,2032,1841,1951,▼62,－3.08%,1958,3421055
2020/06/11,2022,2022,1960,2013,▲19,＋0.96%,1961,1771359
2020/06/10,1984,1994,1946,1994,▲29,＋1.46%,1974,1329487
2020/06/09,1927,2037,1918,1965,▲52,＋2.74%,1989,3753549
2020/06/08,1898,1922,1865,1913,▲14,＋0.75%,2005,885407
2020/06/05,1884,1908,1851,1898,▲19,＋1.02%,1992,898266
2020/06/04,1951,1960,1865,1879,▼91,－4.60%,1939,2256781
2020/06/03,2018,2051,1965,1970,▼33,－1.67%,1892,3164146
2020/06/02,1970,2022,1927,2003,▲10,＋0.48%,1844,2771928
2020/06/01,2065,2147,1951,1994,▲10,＋0.48%,1788,7536982
2020/05/29,2075,2089,1951,1984,▼157,－7.35%,1733,4205645
2020/05/28,2175,2232,2037,2142,▲5,＋0.22%,1669,10647791
2020/05/27,2099,2156,2027,2137,▲5,＋0.22%,1592,11969574
2020/05/26,2013,2232,1922,2132,▲353,＋19.84%,1517,86778391
2020/05/25,1398,1779,1398,1779,▲410,＋29.97%,1443,41863146
2020/05/22,1436,1441,1364,1369,▼43,－3.04%,1400,1267152
2020/05/21,1507,1522,1398,1412,▼72,－4.82%,1398,3962843
2020/05/20,1469,1498,1441,1483,▲33,＋2.30%,1392,4756587
2020/05/19,1460,1512,1388,1450,▲5,＋0.33%,1379,7715169
2020/05/18,1393,1579,1345,1445,▲105,＋7.83%,1366,20429838
2020/05/15,1379,1388,1336,1340,▼33,－2.43%,1351,581139
2020/05/14,1388,1402,1345,1374,▼14,－1.03%,1349,1254365
2020/05/13,1364,1398,1250,1388,▼5,－0.34%,1343,1379074
2020/05/12,1345,1431,1326,1393,▲43,＋3.18%,1331,4691350
2020/05/11,1355,1379,1302,1350,▲10,＋0.71%,1325,1550719
2020/05/08,1355,1374,1326,1340,▼19,－1.40%,1320,755366
2020/05/07,1350,1421,1336,1359,▲10,＋0.71%,1313,3431459
2020/05/06,1331,1374,1317,1350,▲33,＋2.54%,1306,1010686
2020/05/04,1288,1326,1269,1317,▲19,＋1.47%,1299,489788
2020/04/29,1345,1345,1293,1297,▼24,－1.81%,1296,644269
2020/04/28,1340,1369,1297,1321,▲5,＋0.36%,1287,929848
2020/04/27,1293,1317,1288,1317,▲48,＋3.76%,1275,504290
2020/04/24,1321,1340,1250,1269,▼62,－4.66%,1265,746405
2020/04/23,1326,1345,1302,1331,▲33,＋2.57%,1255,1218826
2020/04/22,1250,1331,1212,1297,▲29,＋2.26%,1238,1092641
2020/04/21,1312,1369,1121,1269,▼19,－1.48%,1218,2390841
2020/04/20,1288,1321,1274,1288,0.0,0.00%,1195,671216
2020/04/17,1283,1317,1250,1288,▲10,＋0.75%,1165,756422
2020/04/16,1173,1278,1154,1278,▲67,＋5.51%,1135,1114575
2020/04/14,1197,1231,1193,1212,▲14,＋1.20%,1103,653155
2020/04/13,1216,1245,1169,1197,▼19,－1.57%,1076,758541
2020/04/10,1259,1426,1164,1216,▲38,＋3.24%,1043,6597947
2020/04/09,1221,1221,1150,1178,▲19,＋1.65%,1007,721686
2020/04/08,1107,1193,1092,1159,▲67,＋6.11%,973,1629431
2020/04/07,1073,1116,1045,1092,▲52,＋5.05%,935,1076586
2020/04/06,992,1078,978,1040,▲52,＋5.31%,900,892582
2020/04/03,997,1016,916,987,0.0,0.00%,864,398521
2020/04/02,954,1040,930,987,▲29,＋2.99%,837,726982
2020/04/01,943,1002,907,959,▲16,＋1.72%,801,712606
2020/03/31,886,949,881,943,▲70,＋7.98%,788,552628
2020/03/30,835,877,821,873,▲18,＋2.12%,783,338952
2020/03/27,863,911,811,855,▲25,＋2.99%,789,517506
2020/03/26,809,866,787,830,▲43,＋5.45%,802,434159
2020/03/25,774,799,762,787,▲50,＋6.73%,828,422003
2020/03/24,685,737,683,737,▲59,＋8.72%,865,295656
2020/03/23,706,706,658,678,▼38,－5.33%,911,261832
2020/03/20,640,735,640,716,▲83,＋13.10%,965,632270
2020/03/19,813,826,625,633,▼197,－23.68%,1023,2233423
2020/03/18,869,893,830,830,▼55,－6.25%,1091,1249521
2020/03/17,796,919,796,885,▼52,－5.50%,1138,1661004
2020/03/16,983,1026,936,937,▼46,－4.66%,1176,603865
2020/03/13,964,1040,921,983,▼110,－10.04%,1206,913651
2020/03/12,1116,1145,1068,1092,▼67,－5.76%,1232,738577
2020/03/11,1202,1216,1145,1159,▼33,－2.80%,1255,336575
2020/03/10,1207,1207,1169,1193,▼29,－2.34%,1276,456637
2020/03/09,1274,1274,1207,1221,▼76,－5.88%,1292,433305
2020/03/06,1302,1302,1264,1297,▼14,－1.09%,1302,270291
2020/03/05,1317,1331,1302,1312,▲14,＋1.10%,1310,173578
2020/03/04,1245,1302,1245,1297,▲33,＋2.64%,1319,181763
2020/03/03,1283,1302,1264,1264,▲19,＋1.53%,1332,206420
2020/03/02,1235,1288,1193,1245,▲5,＋0.38%,1349,455368
2020/02/28,1288,1312,1221,1240,▼76,－5.80%,1369,621440
2020/02/27,1383,1402,1317,1317,▼62,－4.50%,1390,409258
2020/02/26,1331,1379,1331,1379,▲33,＋2.48%,1401,184898
2020/02/25,1321,1364,1317,1345,▲24,＋1.81%,1409,231644
2020/02/24,1369,1383,1321,1321,▼62,－4.48%,1420,408364
2020/02/21,1398,1421,1383,1383,▼14,－1.02%,1431,192407
2020/02/20,1441,1445,1393,1398,▼33,－2.33%,1431,243125
2020/02/19,1426,1441,1402,1431,0.0,0.00%,1428,229142
2020/02/18,1450,1474,1407,1431,▼19,－1.32%,1421,281561
2020/02/17,1431,1479,1431,1450,▲10,＋0.66%,1413,190723
2020/02/14,1421,1450,1421,1441,▲5,＋0.33%,1400,170717
2020/02/13,1460,1464,1417,1436,▼14,－0.99%,1385,259322
2020/02/12,1469,1483,1431,1450,▼10,－0.65%,1376,511200
2020/02/11,1436,1464,1417,1460,▲24,＋1.66%,1368,472218
2020/02/10,1379,1503,1355,1436,▲52,＋3.79%,1359,1639350
2020/02/07,1364,1388,1359,1383,▲19,＋1.40%,1359,123755
2020/02/06,1359,1374,1359,1364,▲5,＋0.35%,1362,159765
2020/02/05,1364,1374,1350,1359,▲10,＋0.71%,1368,164680
2020/02/04,1317,1350,1317,1350,▲33,＋2.54%,1375,246277
2020/02/03,1278,1317,1250,1317,▲19,＋1.47%,1386,312063
2020/01/31,1345,1359,1288,1297,▼48,－3.55%,1400,307087
2020/01/30,1374,1388,1312,1345,▼19,－1.40%,1416,418400
2020/01/29,1398,1402,1364,1364,▼14,－1.04%,1427,306311
2020/01/28,1383,1393,1369,1379,▼52,－3.67%,1438,285495
2020/01/23,1417,1431,1402,1431,▲14,＋1.01%,1445,225950
2020/01/22,1407,1431,1402,1417,▼5,－0.34%,1449,226110
2020/01/21,1431,1441,1407,1421,▼10,－0.67%,1449,310788
2020/01/20,1464,1483,1431,1431,▼29,－1.96%,1451,331509
2020/01/17,1460,1469,1445,1460,▲5,＋0.33%,1444,385910
2020/01/16,1479,1479,1431,1455,▼5,－0.33%,1438,338311
2020/01/15,1450,1469,1431,1460,▲10,＋0.66%,1434,352131
2020/01/14,1479,1488,1441,1450,▼29,－1.94%,1427,562563
2020/01/13,1464,1483,1445,1479,▲29,＋1.97%,1420,766028
2020/01/10,1479,1493,1445,1450,▼19,－1.30%,1409,888784
2020/01/09,1436,1474,1431,1469,▲57,＋4.05%,1396,1200832
2020/01/08,1431,1483,1383,1412,▼29,－1.99%,1386,3045957
2020/01/07,1364,1545,1364,1441,▲76,＋5.59%,1382,5928178
2020/01/06,1398,1402,1340,1364,▼38,－2.72%,1375,379699
2020/01/03,1412,1417,1393,1402,▼10,－0.68%,1376,147848
2020/01/02,1402,1417,1402,1412,▲19,＋1.37%,1372,117154
2019/12/30,1388,1402,1379,1393,▲14,＋1.04%,1365,102280
2019/12/27,1345,1393,1345,1379,▲14,＋1.05%,1362,285832
2019/12/26,1337,1364,1333,1364,▲36,＋2.73%,1357,194960
2019/12/24,1369,1369,1323,1328,▼41,－2.98%,1354,292408
2019/12/23,1369,1378,1342,1369,0.0,0.00%,1358,212261
2019/12/20,1387,1387,1355,1369,▼5,－0.33%,1354,255033
2019/12/19,1369,1401,1364,1373,▲5,＋0.33%,1347,315395
2019/12/18,1378,1378,1351,1369,▲5,＋0.33%,1337,238366
2019/12/17,1351,1396,1346,1364,▲23,＋1.69%,1330,645226
2019/12/16,1355,1378,1337,1342,▼18,－1.33%,1324,199761
2019/12/13,1346,1387,1337,1360,▲27,＋2.04%,1322,477228
2019/12/12,1351,1369,1333,1333,0.0,0.00%,1313,209147
2019/12/11,1378,1378,1323,1333,▼36,－2.65%,1309,258885
2019/12/10,1323,1369,1323,1369,▲36,＋2.72%,1307,491321
2019/12/09,1296,1337,1287,1333,▲36,＋2.80%,1302,285144
2019/12/06,1274,1310,1274,1296,▲27,＋2.14%,1299,171711
2019/12/05,1310,1333,1269,1269,▼32,－2.44%,1296,395775
2019/12/04,1319,1319,1278,1301,▼5,－0.35%,1296,124678
2019/12/03,1319,1319,1278,1305,▼14,－1.03%,1294,258752
2019/12/02,1283,1333,1278,1319,▲45,＋3.56%,1298,327683
2019/11/29,1292,1319,1274,1274,▼23,－1.75%,1300,318703
2019/11/28,1414,1414,1296,1296,▼9,－0.69%,1308,1388951
2019/11/27,1328,1328,1301,1305,▼18,－1.37%,1314,204709
2019/11/26,1301,1328,1283,1323,▲27,＋2.10%,1316,347930
2019/11/25,1269,1305,1269,1296,▲23,＋1.78%,1318,207830
2019/11/22,1274,1296,1255,1274,▲9,＋0.72%,1322,488925
2019/11/21,1278,1319,1255,1265,▼23,－1.76%,1326,514813
2019/11/20,1337,1346,1283,1287,▼50,－3.73%,1335,420859
2019/11/19,1333,1346,1323,1337,▼5,－0.34%,1344,231628
2019/11/18,1351,1364,1337,1342,▼9,－0.67%,1345,233488
2019/11/15,1369,1378,1342,1351,▼9,－0.67%,1343,520591
2019/11/14,1333,1382,1323,1360,▲36,＋2.74%,1339,1180133
2019/11/13,1360,1360,1319,1323,▼18,－1.35%,1334,491863
2019/11/12,1351,1369,1337,1342,0.0,0.00%,1332,347057
2019/11/11,1337,1414,1333,1342,▲27,＋2.07%,1327,2638173
2019/11/08,1360,1373,1314,1314,▼41,－3.01%,1322,759647
2019/11/07,1396,1396,1342,1355,▼23,－1.64%,1318,1189340
2019/11/06,1550,1555,1378,1378,▲36,＋2.70%,1306,7093001
2019/11/05,1328,1342,1319,1342,▲14,＋1.02%,1288,1104885
2019/11/04,1314,1333,1310,1328,▲18,＋1.38%,1277,433919
2019/11/01,1305,1360,1301,1310,0.0,0.00%,1266,680793
2019/10/31,1301,1355,1301,1310,▲9,＋0.70%,1260,1101954
2019/10/30,1314,1391,1292,1301,▲9,＋0.70%,1254,4596188
2019/10/29,1292,1328,1274,1292,0.0,0.00%,1247,846671
2019/10/28,1342,1459,1274,1292,▲14,＋1.06%,1241,9106972
2019/10/25,1224,1337,1201,1278,▲50,＋4.06%,1233,3445592
2019/10/24,1206,1292,1201,1228,▲27,＋2.26%,1223,968058
2019/10/23,1237,1242,1197,1201,▼32,－2.57%,1217,330840
2019/10/22,1233,1246,1215,1233,▲14,＋1.12%,1215,228941
2019/10/21,1242,1255,1215,1219,▼23,－1.82%,1208,308868
2019/10/18,1255,1265,1228,1242,▼9,－0.72%,1206,456879
2019/10/17,1251,1373,1224,1251,▲14,＋1.10%,1202,3882844
2019/10/16,1233,1237,1219,1237,▲5,＋0.37%,1199,82801
2019/10/15,1219,1233,1206,1233,▲23,＋1.87%,1192,148341
2019/10/14,1192,1215,1183,1210,▲32,＋2.69%,1190,189326
2019/10/11,1169,1188,1169,1178,▲9,＋0.78%,1190,85026
2019/10/10,1174,1192,1169,1169,▼5,－0.39%,1195,92867
2019/10/08,1169,1188,1151,1174,▲5,＋0.39%,1204,151485
2019/10/07,1206,1206,1156,1169,▼27,－2.27%,1212,230496
2019/10/04,1206,1210,1174,1197,▼5,－0.38%,1220,121663
2019/10/02,1215,1219,1192,1201,▼18,－1.49%,1229,104228
2019/10/01,1192,1219,1188,1219,▲45,＋3.86%,1236,181509
2019/09/30,1201,1210,1169,1174,▼32,－2.63%,1239,195807
2019/09/27,1228,1228,1183,1206,▼5,－0.37%,1246,177495
2019/09/26,1233,1255,1206,1210,▼18,－1.48%,1249,176122
2019/09/25,1260,1269,1219,1228,▼36,－2.87%,1248,226152
2019/09/24,1242,1274,1237,1265,▲18,＋1.45%,1248,212407
2019/09/23,1260,1265,1246,1246,▼9,－0.72%,1246,177866
2019/09/20,1287,1287,1251,1255,▼27,－2.12%,1246,225577
2019/09/19,1283,1305,1260,1283,▲5,＋0.35%,1245,536767
2019/09/18,1242,1283,1242,1278,▲32,＋2.55%,1240,390924
2019/09/17,1246,1255,1228,1246,0.0,0.00%,1233,246742
2019/09/16,1237,1246,1224,1246,▲14,＋1.10%,1227,170788
2019/09/11,1201,1237,1197,1233,▲32,＋2.64%,1217,206055
2019/09/10,1224,1233,1197,1201,▼23,－1.85%,1211,193049
2019/09/09,1255,1255,1210,1224,▼23,－1.82%,1202,213086
2019/09/06,1260,1265,1224,1246,▼5,－0.36%,1192,285907
2019/09/05,1255,1278,1233,1251,▲9,＋0.73%,1189,462503
2019/09/04,1237,1255,1224,1242,▲9,＋0.74%,1192,239701
2019/09/03,1210,1233,1197,1233,▲23,＋1.87%,1198,272547
2019/09/02,1183,1215,1174,1210,▲27,＋2.30%,1204,244442
2019/08/30,1156,1183,1156,1183,▲36,＋3.16%,1211,328531
2019/08/29,1160,1201,1142,1147,▼23,－1.94%,1215,345245
2019/08/28,1129,1169,1129,1169,▲54,＋4.88%,1225,386780
2019/08/27,1147,1174,1115,1115,▼14,－1.20%,1233,368785
2019/08/26,1183,1192,1115,1129,▼82,－6.74%,1246,707957
2019/08/23,1287,1292,1197,1210,▼77,－5.99%,1257,677368
2019/08/22,1310,1314,1287,1287,▼14,－1.05%,1258,223283
2019/08/21,1301,1305,1265,1301,▲14,＋1.06%,1247,272167
2019/08/20,1319,1342,1265,1287,▲9,＋0.71%,1229,638812
2019/08/19,1237,1278,1219,1278,▲50,＋4.06%,1220,400254
2019/08/16,1224,1251,1197,1228,▼14,－1.09%,1221,296735
2019/08/14,1292,1301,1242,1242,▼9,－0.72%,1228,388899
2019/08/13,1246,1260,1224,1251,▲5,＋0.36%,1238,206556
2019/08/12,1219,1283,1215,1246,▲9,＋0.73%,1241,327094
2019/08/09,1251,1260,1219,1237,▲18,＋1.49%,1238,164287
2019/08/08,1242,1242,1192,1219,▲41,＋3.46%,1249,206504
2019/08/07,1129,1197,1129,1178,▲59,＋5.26%,1267,417067
2019/08/06,1147,1228,1079,1120,▼77,－6.44%,1300,785131
2019/08/05,1301,1310,1147,1197,▼100,－7.69%,1337,747471
2019/08/02,1255,1337,1228,1296,0.0,0.00%,1370,216135
2019/08/01,1360,1360,1287,1296,▼41,－3.05%,1393,295769
2019/07/31,1283,1410,1269,1337,▲50,＋3.87%,1411,718801
2019/07/30,1192,1328,1192,1287,▲73,＋5.97%,1425,574634
2019/07/29,1342,1346,1215,1215,▼127,－9.46%,1452,659204
2019/07/26,1410,1437,1342,1342,▼63,－4.52%,1483,684194
2019/07/25,1532,1546,1396,1405,▼100,－6.63%,1505,1091521
2019/07/24,1518,1555,1491,1505,▲14,＋0.91%,1518,578480
2019/07/23,1523,1555,1491,1491,▼32,－2.08%,1517,704734
2019/07/22,1532,1559,1523,1523,▼9,－0.59%,1511,342704
2019/07/19,1473,1541,1473,1532,▲54,＋3.68%,1501,466585
2019/07/18,1473,1500,1455,1478,▲5,＋0.31%,1502,332319
2019/07/17,1555,1568,1450,1473,▼82,－5.25%,1505,1091830
2019/07/16,1532,1555,1496,1555,▲23,＋1.48%,1511,514978
2019/07/15,1564,1586,1518,1532,▼27,－1.74%,1504,753408
2019/07/12,1550,1577,1523,1559,▲23,＋1.47%,1496,924173
2019/07/11,1505,1586,1505,1537,▲41,＋2.73%,1486,1722749
2019/07/10,1428,1564,1423,1496,▲73,＋5.10%,1480,1557404
2019/07/09,1410,1478,1387,1423,0.0,0.00%,1483,600455
2019/07/08,1537,1550,1391,1423,▼122,－7.92%,1492,928795
2019/07/05,1505,1555,1500,1546,▲41,＋2.71%,1495,965352
2019/07/04,1541,1541,1478,1505,▼27,－1.78%,1487,645900
2019/07/03,1491,1550,1487,1532,▲45,＋3.05%,1489,1648210
2019/07/02,1455,1491,1450,1487,▲36,＋2.50%,1489,569749
2019/07/01,1469,1491,1446,1450,▼14,－0.93%,1492,580166
2019/06/28,1491,1514,1450,1464,▼14,－0.92%,1493,773811
2019/06/27,1523,1559,1473,1478,▼50,－3.26%,1490,1745901
2019/06/26,1505,1591,1487,1527,▲18,＋1.20%,1487,3300912
2019/06/25,1455,1546,1450,1509,▲59,＋4.06%,1476,2696992
2019/06/24,1464,1487,1437,1450,▼14,－0.93%,1468,860853
2019/06/21,1609,1627,1464,1464,▼63,－4.15%,1464,4617121
2019/06/20,1537,1582,1500,1527,▼9,－0.59%,1456,3975826
2019/06/19,1514,1546,1469,1537,▲27,＋1.80%,1438,3456400
2019/06/18,1455,1799,1455,1509,▲50,＋3.42%,1418,30265656
2019/06/17,1446,1473,1441,1459,▲18,＋1.26%,1401,379911
2019/06/14,1446,1455,1428,1441,0.0,0.00%,1388,326987
2019/06/13,1423,1487,1423,1441,▲18,＋1.27%,1374,1255528
2019/06/12,1437,1437,1378,1423,▼5,－0.32%,1360,328521
2019/06/11,1405,1441,1396,1428,▲23,＋1.61%,1350,432140
2019/06/10,1391,1410,1378,1405,▲18,＋1.31%,1339,306539
2019/06/07,1369,1387,1319,1387,▲36,＋2.68%,1338,338298
2019/06/05,1360,1373,1337,1351,▲14,＋1.02%,1338,261903
2019/06/04,1323,1346,1314,1337,0.0,0.00%,1342,168275
2019/06/03,1314,1346,1310,1337,▲9,＋0.68%,1347,221749
2019/05/31,1314,1346,1301,1328,▲27,＋2.09%,1357,417627
2019/05/30,1296,1319,1274,1301,0.0,0.00%,1366,456335
2019/05/29,1314,1328,1292,1301,▼23,－1.71%,1381,454846
2019/05/28,1333,1360,1301,1323,0.0,0.00%,1398,638457
2019/05/27,1364,1391,1274,1323,▼68,－4.89%,1410,1228641
2019/05/24,1523,1523,1387,1391,▲9,＋0.66%,1423,2887446
2019/05/23,1450,1586,1382,1382,▼9,－0.65%,1431,2756740
2019/05/22,1405,1419,1373,1391,▼5,－0.32%,1442,258015
2019/05/21,1405,1432,1396,1396,▼32,－2.22%,1459,358504
2019/05/20,1432,1473,1401,1428,▲5,＋0.32%,1476,611487
2019/05/17,1450,1469,1423,1423,▼27,－1.88%,1493,385983
2019/05/16,1469,1500,1423,1450,▼18,－1.23%,1507,559303
2019/05/15,1487,1487,1373,1469,▲23,＋1.57%,1517,432909
2019/05/14,1405,1487,1401,1446,▼9,－0.62%,1523,626662
2019/05/13,1450,1577,1450,1455,▼14,－0.93%,1536,834873
2019/05/10,1482,1509,1441,1469,▼27,－1.82%,1551,532854
2019/05/09,1568,1577,1464,1496,▼68,－4.35%,1569,721467
2019/05/08,1559,1654,1541,1564,0.0,0.00%,1588,1594209
2019/05/07,1559,1586,1527,1564,▼27,－1.71%,1593,302154
2019/05/03,1591,1623,1568,1591,▲18,＋1.15%,1599,794162
2019/05/02,1555,1586,1546,1573,▲23,＋1.46%,1601,316781
2019/04/30,1555,1586,1523,1550,▲23,＋1.48%,1609,436437
2019/04/29,1614,1618,1527,1527,▼41,－2.60%,1612,597447
2019/04/26,1595,1627,1559,1568,▼36,－2.26%,1619,512533
2019/04/25,1668,1677,1582,1604,▼50,－3.01%,1626,958000
2019/04/24,1686,1695,1645,1654,▼32,－1.88%,1629,1257704
2019/04/23,1645,1686,1618,1686,▲73,＋4.49%,1626,2765741
2019/04/22,1659,1672,1609,1614,▼9,－0.56%,1623,1719315
2019/04/19,1600,1627,1586,1623,▲9,＋0.56%,1627,1228070
2019/04/18,1650,1663,1600,1614,▼36,－2.20%,1632,1515290
2019/04/17,1618,1777,1595,1650,▲73,＋4.60%,1634,14127761
2019/04/16,1600,1609,1550,1577,▼27,－1.69%,1633,584339
2019/04/15,1636,1663,1591,1604,▼27,－1.67%,1641,853389
2019/04/12,1636,1650,1609,1632,0.0,0.00%,1640,453112
2019/04/11,1627,1659,1623,1632,▲5,＋0.28%,1633,494995
2019/04/10,1663,1672,1627,1627,▼27,－1.64%,1626,537603
2019/04/09,1654,1668,1627,1654,0.0,0.00%,1622,517623
2019/04/08,1686,1722,1654,1654,▼23,－1.35%,1617,1742246
2019/04/05,1641,1686,1618,1677,▲45,＋2.78%,1605,1155340
2019/04/04,1650,1672,1623,1632,▼5,－0.28%,1600,1114706
2019/04/03,1650,1691,1636,1636,▼23,－1.37%,1602,1508224
2019/04/02,1600,1677,1586,1659,▲59,＋3.68%,1592,2104937
2019/04/01,1555,1604,1555,1600,▲45,＋2.92%,1581,910173
2019/03/29,1668,1713,1555,1555,▼9,－0.58%,1574,5836515
2019/03/28,1577,1595,1537,1564,▼23,－1.43%,1565,845130
2019/03/27,1604,1614,1559,1586,▼23,－1.41%,1558,684508
2019/03/26,1541,1645,1537,1609,▲77,＋5.03%,1545,2239190
2019/03/25,1568,1591,1532,1532,▼91,－5.59%,1537,1109628
2019/03/22,1636,1645,1586,1623,▼32,－1.92%,1536,1806391
2019/03/21,1577,1740,1559,1654,▲113,＋7.35%,1529,12247705
2019/03/20,1541,1546,1509,1541,▼5,－0.29%,1522,355973
2019/03/19,1546,1568,1532,1546,▲14,＋0.89%,1529,862218
2019/03/18,1469,1564,1469,1532,▲68,＋4.64%,1529,1333301
2019/03/15,1491,1514,1432,1464,▼27,－1.82%,1534,576327
2019/03/14,1469,1496,1459,1491,▲36,＋2.49%,1540,532443
2019/03/13,1541,1541,1450,1455,▼73,－4.75%,1557,991476
2019/03/12,1527,1550,1518,1527,▲5,＋0.30%,1578,523632
2019/03/11,1577,1600,1509,1523,▼32,－2.04%,1597,887807
2019/03/08,1582,1704,1550,1555,▼27,－1.72%,1617,3258280
2019/03/07,1604,1632,1541,1582,▼32,－1.97%,1643,807787
2019/03/06,1559,1641,1555,1614,▲63,＋4.09%,1640,1406856
2019/03/05,1555,1591,1546,1550,▼32,－2.01%,1632,611987
2019/03/04,1527,1600,1523,1582,▲63,＋4.18%,1629,934979
2019/02/28,1659,1663,1518,1518,▼145,－8.72%,1621,2228656
2019/02/27,1682,1691,1641,1663,▼5,－0.27%,1622,2614005
2019/02/26,1867,1972,1668,1668,▼50,－2.90%,1604,26237917
2019/02/25,1722,1759,1677,1718,▼5,－0.26%,1580,5221866
2019/02/22,1781,1804,1677,1722,▼91,－5.00%,1551,5811310
2019/02/21,1555,1949,1523,1813,▲258,＋16.62%,1522,36725276
2019/02/20,1541,1582,1514,1555,▲27,＋1.78%,1483,1468956
2019/02/19,1537,1546,1505,1527,▲5,＋0.30%,1468,548465
2019/02/18,1514,1541,1496,1523,▲18,＋1.20%,1456,754185
2019/02/15,1532,1532,1482,1505,▼23,－1.48%,1448,787318
2019/02/14,1509,1546,1459,1527,▲45,＋3.06%,1437,1706054
2019/02/13,1432,1500,1428,1482,▲50,＋3.48%,1427,1467373
2019/02/12,1419,1459,1419,1432,▲9,＋0.64%,1422,525877
2019/02/11,1441,1450,1410,1423,▼5,－0.32%,1425,288196
2019/02/08,1555,1623,1423,1428,▲5,＋0.32%,1422,2035904
2019/02/07,1414,1428,1401,1423,▲14,＋0.96%,1416,205347
2019/02/01,1414,1419,1391,1410,0.0,0.00%,1416,173590
2019/01/31,1441,1450,1401,1410,▼27,－1.89%,1417,308640
2019/01/30,1410,1441,1401,1437,▲41,＋2.92%,1415,389014
2019/01/29,1432,1450,1387,1396,▼36,－2.53%,1415,242208
2019/01/28,1455,1459,1428,1432,0.0,0.00%,1412,354053
2019/01/25,1487,1487,1428,1432,▼27,－1.86%,1404,575075
2019/01/24,1396,1473,1387,1459,▲63,＋4.55%,1394,1272189
2019/01/23,1360,1410,1360,1396,▲27,＋1.99%,1381,506936
2019/01/22,1432,1437,1342,1369,▼54,－3.82%,1377,790613
2019/01/21,1437,1441,1414,1423,▲9,＋0.64%,1373,535502
2019/01/18,1491,1636,1405,1414,▲23,＋1.63%,1364,5123214
2019/01/17,1437,1469,1373,1391,▼50,－3.46%,1356,1121955
2019/01/16,1378,1532,1373,1441,▲77,＋5.65%,1341,7676785
2019/01/15,1360,1369,1328,1364,▲18,＋1.35%,1319,419698
2019/01/14,1360,1360,1319,1346,▲14,＋1.02%,1306,204177
2019/01/11,1328,1373,1314,1333,▲5,＋0.34%,1291,467180
2019/01/10,1373,1382,1319,1328,▼32,－2.33%,1281,583697
2019/01/09,1337,1378,1328,1360,▲32,＋2.39%,1278,1611006
2019/01/08,1351,1355,1301,1328,▼9,－0.68%,1272,794528
2019/01/07,1319,1351,1310,1337,▲9,＋0.68%,1271,873107
2019/01/04,1242,1450,1242,1328,▲86,＋6.93%,1264,4673636
2019/01/03,1228,1301,1215,1242,▲18,＋1.48%,1256,348315
2019/01/02,1242,1260,1219,1224,▼9,－0.74%,1251,165855
2018/12/28,1206,1237,1201,1233,▲32,＋2.64%,1248,303093
2018/12/27,1242,1283,1197,1201,▼27,－2.22%,1245,432920
2018/12/26,1284,1293,1228,1228,▼69,－5.30%,1246,363526
2018/12/24,1306,1314,1284,1297,▼9,－0.66%,1240,281630
2018/12/21,1297,1340,1288,1306,▼4,－0.33%,1232,399446
2018/12/20,1271,1323,1250,1310,▲39,＋3.04%,1226,907015
2018/12/19,1280,1297,1228,1271,▲21,＋1.72%,1218,430032
2018/12/18,1181,1276,1181,1250,▲56,＋4.68%,1219,790119
2018/12/17,1177,1233,1147,1194,▲9,＋0.72%,1225,415889
2018/12/14,1220,1228,1168,1185,▼26,－2.13%,1234,181672
2018/12/13,1203,1246,1194,1211,▲4,＋0.36%,1243,210255
2018/12/12,1168,1211,1168,1207,▲39,＋3.31%,1252,223894
2018/12/11,1215,1224,1168,1168,▼52,－4.23%,1265,251665
2018/12/10,1220,1241,1177,1220,▼26,－2.07%,1281,279992
2018/12/07,1224,1263,1224,1246,▲17,＋1.40%,1287,320604
2018/12/06,1284,1301,1220,1228,▼56,－4.35%,1293,464602
2018/12/05,1271,1306,1271,1284,▼21,－1.64%,1302,260887
2018/12/04,1267,1314,1267,1306,▲17,＋1.33%,1309,611134
2018/12/03,1288,1323,1284,1288,▲13,＋1.01%,1314,367212
2018/11/30,1306,1319,1276,1276,▼21,－1.66%,1319,259014
2018/11/29,1344,1353,1297,1297,▼39,－2.89%,1305,753151
2018/11/28,1327,1362,1310,1336,▲4,＋0.32%,1286,900672
2018/11/27,1293,1340,1280,1331,▲52,＋4.03%,1264,1000964
2018/11/26,1284,1366,1280,1280,▼21,－1.65%,1243,1392431
2018/11/23,1288,1387,1284,1301,▼17,－1.30%,1227,2011361
2018/11/22,1482,1490,1319,1319,▼39,－2.85%,1213,4716394
2018/11/21,1323,1357,1280,1357,0.0,0.00%,1199,1648908
2018/11/20,1383,1387,1319,1357,▲17,＋1.28%,1178,2721371
2018/11/19,1130,1417,1125,1340,▲210,＋18.63%,1158,11328324
2018/11/16,1121,1134,1112,1130,▲17,＋1.54%,1142,287404
2018/11/15,1104,1138,1091,1112,▲4,＋0.39%,1146,201167
2018/11/14,1147,1147,1108,1108,▼13,－1.15%,1147,107150
2018/11/13,1100,1121,1082,1121,▼9,－0.76%,1147,274017
2018/11/12,1151,1164,1108,1130,▼30,－2.59%,1141,184768
2018/11/09,1181,1185,1147,1160,▼13,－1.10%,1132,87830
2018/11/08,1173,1190,1164,1173,▲21,＋1.87%,1130,179879
2018/11/07,1185,1207,1121,1151,▼9,－0.74%,1133,300964
2018/11/06,1185,1224,1147,1160,▼13,－1.10%,1146,336064
2018/11/05,1164,1185,1130,1173,0.0,0.00%,1164,313470
2018/11/02,1164,1181,1147,1173,▲47,＋4.20%,1187,289703
2018/11/01,1112,1147,1108,1125,▲17,＋1.55%,1207,303522
2018/10/31,1074,1142,1061,1108,▲47,＋4.45%,1231,460439
2018/10/30,949,1078,949,1061,▲26,＋2.49%,1259,768272
2018/10/29,1112,1151,1005,1035,▼107,－9.40%,1292,873345
2018/10/26,1215,1237,1125,1142,▼64,－5.34%,1326,427849
2018/10/25,1203,1250,1190,1207,▼69,－5.39%,1346,560504
2018/10/24,1349,1374,1258,1276,▼64,－4.81%,1356,399543
2018/10/23,1392,1413,1327,1340,▼60,－4.29%,1369,267907
2018/10/22,1374,1422,1362,1400,▲26,＋1.88%,1382,288401
2018/10/19,1366,1374,1327,1374,▲13,＋0.95%,1393,191435
2018/10/18,1400,1409,1353,1362,▼34,－2.46%,1408,260571
2018/10/17,1417,1417,1370,1396,▲9,＋0.62%,1425,365342
2018/10/16,1366,1439,1366,1387,▲13,＋0.94%,1444,787735
2018/10/15,1331,1456,1331,1374,▲34,＋2.56%,1465,834930
2018/10/12,1254,1349,1254,1340,▲30,＋2.30%,1495,405731
2018/10/11,1306,1383,1288,1310,▼99,－7.01%,1532,736179
2018/10/10,1456,1477,1379,1409,▼56,－3.81%,1574,601018
2018/10/08,1495,1529,1465,1465,▼52,－3.40%,1614,322716
2018/10/05,1503,1559,1482,1516,▼4,－0.28%,1651,378854
2018/10/04,1529,1568,1503,1520,▼13,－0.84%,1673,232550
2018/10/02,1593,1606,1533,1533,▼52,－3.25%,1694,468000
2018/10/01,1632,1636,1585,1585,▼17,－1.07%,1715,342027
2018/09/28,1666,1688,1598,1602,▼64,－3.87%,1729,521938
2018/09/27,1714,1722,1666,1666,▼52,－3.00%,1742,493038
2018/09/21,1731,1774,1684,1718,▼9,－0.50%,1746,630025
2018/09/20,1851,1933,1697,1727,▼86,－4.74%,1747,2731353
2018/09/19,1821,1873,1787,1812,▼21,－1.17%,1746,1803368
2018/09/18,1735,1838,1722,1834,▲99,＋5.69%,1740,3117911
2018/09/17,1735,1748,1701,1735,▲4,＋0.25%,1735,396053
2018/09/14,1752,1782,1731,1731,▼4,－0.25%,1736,528151
2018/09/13,1735,1765,1722,1735,▲4,＋0.25%,1735,455509
2018/09/12,1744,1748,1718,1731,0.0,0.00%,1735,508983
2018/09/11,1697,1748,1697,1731,▲26,＋1.51%,1733,729370
2018/09/10,1705,1752,1705,1705,▼26,－1.49%,1728,417660
2018/09/07,1731,1752,1692,1731,▲13,＋0.75%,1727,569745
2018/09/06,1757,1757,1701,1718,▼34,－1.96%,1727,655165
2018/09/05,1808,1808,1748,1752,▼26,－1.45%,1728,796798
2018/09/04,1778,1830,1765,1778,▲26,＋1.47%,1726,2870223
2018/09/03,1731,1761,1709,1752,▲39,＋2.26%,1722,852289
2018/08/31,1714,1722,1697,1714,▼26,－1.48%,1709,406353
2018/08/30,1727,1748,1692,1739,▲34,＋2.02%,1697,614734
2018/08/29,1688,1727,1688,1705,▲17,＋1.02%,1682,326426
2018/08/28,1692,1727,1684,1688,0.0,0.00%,1677,468398
2018/08/27,1739,1748,1684,1688,▼52,－2.96%,1672,659203
2018/08/24,1722,1770,1709,1739,▲13,＋0.75%,1678,1052781
2018/08/23,1731,1744,1684,1727,▼4,－0.25%,1679,576246
2018/08/22,1744,1787,1722,1731,▼4,－0.25%,1677,1213717
2018/08/21,1632,1752,1619,1735,▲116,＋7.16%,1672,1565970
2018/08/20,1602,1641,1598,1619,▲21,＋1.34%,1667,313861
2018/08/17,1589,1623,1585,1598,▲9,＋0.54%,1673,327216
2018/08/16,1628,1628,1542,1589,▼64,－3.90%,1680,718157
2018/08/14,1649,1705,1645,1654,▲9,＋0.52%,1692,492215
2018/08/13,1752,1761,1645,1645,▼103,－5.90%,1695,720589
2018/08/10,1722,1855,1709,1748,▲4,＋0.25%,1694,2452287
2018/08/09,1718,1748,1662,1744,▲39,＋2.27%,1681,833882
2018/08/08,1761,1774,1701,1705,▲17,＋1.02%,1666,1781781
2018/08/07,1692,1731,1675,1688,▲4,＋0.26%,1651,965046
2018/08/06,1684,1709,1675,1684,▲9,＋0.51%,1634,924226
2018/08/03,1666,1692,1654,1675,▲9,＋0.52%,1617,485624
2018/08/02,1701,1718,1662,1666,▼43,－2.51%,1609,1036059
2018/08/01,1692,1727,1666,1709,▲26,＋1.53%,1598,1963948
2018/07/31,1812,1903,1675,1684,▲52,＋3.16%,1590,10391458
2018/07/30,1632,1649,1598,1632,▲4,＋0.26%,1584,1382181
2018/07/27,1641,1907,1623,1628,▲34,＋2.16%,1578,9590417
2018/07/26,1572,1611,1546,1593,▲47,＋3.06%,1571,714913
2018/07/25,1512,1602,1512,1546,▲21,＋1.41%,1567,1020181
2018/07/24,1499,1550,1495,1525,▲17,＋1.14%,1568,331013
2018/07/23,1585,1602,1508,1508,▼90,－5.65%,1576,780057
2018/07/20,1555,1709,1555,1598,▲43,＋2.76%,1582,2033516
2018/07/19,1628,1641,1546,1555,▼73,－4.49%,1572,623824
2018/07/18,1649,1705,1602,1628,0.0,0.00%,1564,2534463
2018/07/17,1572,1645,1550,1628,▲56,＋3.55%,1552,824886
2018/07/16,1550,1589,1542,1572,▲17,＋1.10%,1533,223802
2018/07/13,1589,1623,1555,1555,▼4,－0.28%,1518,748862
2018/07/12,1559,1589,1538,1559,▲4,＋0.28%,1511,416438
2018/07/11,1606,1645,1546,1555,▼47,－2.95%,1503,758883
2018/07/10,1568,1632,1546,1602,▲34,＋2.19%,1500,829155
2018/07/09,1512,1684,1512,1568,▲64,＋4.29%,1495,2802751
2018/07/06,1477,1512,1443,1503,▲34,＋2.34%,1489,353619
2018/07/05,1495,1512,1443,1469,▼39,－2.56%,1491,561436
2018/07/04,1417,1641,1417,1508,▲64,＋4.46%,1506,2488904
2018/07/03,1409,1452,1383,1443,▲21,＋1.51%,1525,347211
2018/07/02,1477,1520,1417,1422,▼64,－4.34%,1536,336639
2018/06/29,1465,1512,1430,1486,▲13,＋0.87%,1551,376157
2018/06/28,1533,1542,1473,1473,▼56,－3.65%,1570,237072
2018/06/27,1529,1611,1520,1529,▼21,－1.39%,1592,414474
2018/06/26,1495,1568,1477,1550,▲43,＋2.85%,1614,463631
2018/06/25,1529,1581,1508,1508,▼13,－0.85%,1641,614936
2018/06/22,1623,1628,1503,1520,▼99,－6.10%,1670,1646198
2018/06/21,1692,1761,1589,1619,▼82,－4.80%,1702,2605025
2018/06/20,1542,2014,1520,1701,▲150,＋9.70%,1725,14977148
2018/06/19,1555,1593,1529,1550,▼26,－1.63%,1739,352403
2018/06/18,1649,1684,1538,1576,▼94,－5.66%,1765,621138
2018/06/15,1697,1722,1671,1671,▼21,－1.27%,1793,282579
2018/06/14,1748,1757,1675,1692,▼56,－3.19%,1806,390871
2018/06/12,1830,1843,1739,1748,▼73,－4.01%,1821,587050
2018/06/11,1847,1916,1804,1821,▲17,＋0.95%,1832,968934
2018/06/08,1838,1851,1787,1804,▼34,－1.87%,1839,325222
2018/06/07,1877,1877,1804,1838,▼9,－0.47%,1853,219614
2018/06/05,1860,1894,1838,1847,0.0,0.00%,1861,330874
2018/06/04,1808,1855,1804,1847,▲43,＋2.38%,1875,287724
2018/06/01,1834,1864,1787,1804,▼52,－2.78%,1885,411128
2018/05/31,1817,1881,1817,1855,▲47,＋2.61%,1899,265109
2018/05/30,1847,1864,1800,1808,▼34,－1.86%,1895,428981
2018/05/29,1873,1907,1830,1843,▼9,－0.46%,1906,422510
2018/05/28,1890,1933,1830,1851,▼43,－2.27%,1919,544910
2018/05/25,1924,1997,1890,1894,▼47,－2.43%,1943,637994
2018/05/24,1946,2014,1920,1941,▲21,＋1.12%,1964,313442
2018/05/23,1984,1984,1920,1920,▼64,－3.25%,1972,255980
2018/05/21,1937,2040,1933,1984,▲39,＋1.99%,1980,357503
2018/05/18,1967,1967,1881,1946,0.0,0.00%,1988,363188
2018/05/17,1847,1946,1821,1946,▲125,＋6.84%,2009,849243
2018/05/16,1877,1916,1791,1821,▼94,－4.93%,2030,837597
2018/05/15,1954,2006,1898,1916,▼60,－3.04%,2068,619218
2018/05/14,2096,2109,1976,1976,▼112,－5.35%,2110,627594
2018/05/11,2105,2190,2066,2087,▼13,－0.61%,2148,608333
2018/05/10,2027,2109,2023,2100,▲77,＋3.82%,2175,282357
2018/05/09,1997,2074,1933,2023,▲26,＋1.29%,2195,597968
2018/05/08,2083,2122,1997,1997,▼69,－3.33%,2228,384082
2018/05/04,2135,2160,2062,2066,▼90,－4.18%,2268,843115
2018/05/03,2135,2195,2135,2156,▼4,－0.20%,2297,314523
2018/05/02,2160,2208,2100,2160,▼39,－1.76%,2323,573589
2018/04/30,2319,2324,2165,2199,▼133,－5.71%,2356,1302419
2018/04/27,2358,2375,2315,2332,▼26,－1.09%,2383,413637
2018/04/26,2328,2384,2328,2358,▲4,＋0.18%,2397,347440
2018/04/25,2302,2474,2302,2354,▲52,＋2.24%,2403,1263342
2018/04/24,2345,2371,2302,2302,▼56,－2.37%,2418,587387
2018/04/23,2448,2452,2336,2358,▼39,－1.61%,2440,856741
2018/04/20,2345,2422,2345,2397,▲39,＋1.64%,2464,488038
2018/04/19,2418,2440,2349,2358,▼56,－2.31%,2474,846482
2018/04/18,2414,2448,2362,2414,▼77,－3.10%,2501,1185428
2018/04/17,2482,2495,2422,2491,▲21,＋0.87%,2511,683375
2018/04/16,2491,2534,2452,2470,▼4,－0.17%,2506,778383
2018/04/13,2418,2508,2409,2474,▲64,＋2.67%,2501,1047940
2018/04/12,2517,2534,2392,2409,▼99,－3.94%,2495,1338542
2018/04/11,2547,2577,2491,2508,▼13,－0.51%,2492,981537
2018/04/10,2624,2624,2500,2521,▼82,－3.14%,2472,1160654
2018/04/09,2491,2684,2444,2603,▲112,＋4.48%,2458,2758190
2018/04/06,2620,2624,2478,2491,▼133,－5.07%,2435,1567928
2018/04/05,2568,2744,2543,2624,▲103,＋4.09%,2404,5262099
2018/04/04,2444,2573,2444,2521,▲86,＋3.53%,2374,2376346
2018/04/03,2392,2495,2384,2435,▲9,＋0.35%,2366,761175
2018/04/02,2418,2534,2414,2427,▲13,＋0.53%,2370,1215881
2018/03/30,2461,2620,2388,2414,▲43,＋1.81%,2374,2604198
2018/03/29,2349,2397,2319,2371,▲60,＋2.60%,2390,432212
2018/03/28,2328,2414,2289,2311,▼69,－2.89%,2408,571192
2018/03/27,2431,2431,2358,2379,0.0,0.00%,2440,512408
2018/03/26,2139,2431,2139,2379,▲202,＋9.27%,2458,1532340
2018/03/23,2302,2306,2130,2178,▼150,－6.46%,2474,900761
2018/03/22,2409,2452,2306,2328,▼107,－4.41%,2499,1039563
2018/03/21,2521,2538,2431,2435,▼47,－1.90%,2509,564945
2018/03/20,2435,2525,2367,2482,▲21,＋0.87%,2504,637510
2018/03/19,2577,2611,2448,2461,▼112,－4.34%,2509,744934
2018/03/16,2551,2586,2508,2573,▲17,＋0.67%,2506,754968
2018/03/15,2641,2671,2538,2555,▼69,－2.62%,2491,1206012
2018/03/14,2577,2680,2538,2624,▲60,＋2.35%,2479,1556728
2018/03/13,2577,2697,2534,2564,▲26,＋1.02%,2460,3719165
2018/03/12,2457,2551,2427,2538,▲112,＋4.60%,2456,1169773
2018/03/09,2422,2478,2405,2427,▼4,－0.18%,2453,579610
2018/03/08,2409,2478,2379,2431,▲43,＋1.80%,2450,685342
2018/03/07,2534,2534,2388,2388,▼137,－5.44%,2457,1077967
2018/03/06,2461,2611,2440,2525,▲90,＋3.70%,2467,1793976
2018/03/05,2470,2491,2414,2435,▲13,＋0.53%,2470,668849
2018/03/02,2431,2470,2401,2422,▼9,－0.35%,2472,763676
2018/02/28,2418,2504,2409,2431,▼9,－0.35%,2468,786344
2018/02/27,2521,2564,2435,2440,▼82,－3.24%,2475,1198987
2018/02/26,2543,2641,2500,2521,▲13,＋0.51%,2482,2743056
2018/02/23,2405,2697,2405,2508,▲107,＋4.47%,2499,5894321
2018/02/22,2517,2517,2375,2401,▼99,－3.95%,2522,1200205
2018/02/21,2508,2547,2491,2500,▲9,＋0.34%,2574,988969
2018/02/20,2521,2590,2465,2491,▼64,－2.52%,2593,1253949
2018/02/19,2504,2594,2461,2555,▲107,＋4.39%,2627,2555508
2018/02/14,2405,2461,2379,2448,▲60,＋2.52%,2662,1641881
2018/02/13,2521,2611,2367,2388,▼107,－4.30%,2711,2576584
2018/02/12,2577,2611,2495,2495,▼13,－0.51%,2777,2338131
2018/02/09,2611,2667,2500,2508,▼189,－7.01%,2833,2573868
2018/02/08,2732,2817,2676,2697,▼34,－1.26%,2884,2524122
2018/02/07,2981,3131,2732,2732,▼189,－6.47%,2908,8525096
2018/02/06,2598,3161,2534,2921,▲223,＋8.28%,2915,16564323
2018/02/05,2663,2805,2594,2697,▼129,－4.56%,2894,2950786
2018/02/02,2895,2908,2740,2826,▼77,－2.66%,2885,2439414
2018/02/01,2938,2938,2753,2903,▼34,－1.17%,2863,2677568
2018/01/31,2968,3058,2912,2938,▼116,－3.80%,2831,2052962
2018/01/30,3170,3174,2882,3054,0.0,0.00%,2735,3468806
2018/01/29,3281,3522,3024,3054,▲30,＋0.99%,2583,10054260
2018/01/26,2989,3247,2929,3024,▲94,＋3.23%,2433,6543977
2018/01/25,2817,3238,2714,2929,▲129,＋4.60%,2275,15674177
2018/01/24,2684,3324,2633,2800,▲90,＋3.33%,2130,22525037
2018/01/23,2633,2775,2487,2710,▲99,＋3.78%,2011,7111427
2018/01/22,2555,2792,2392,2611,0.0,0.00%,1902,7959129
2018/01/19,2929,3101,2474,2611,▲34,＋1.33%,1809,30797979
2018/01/18,2233,2577,2220,2577,▲593,＋29.87%,1714,8954959
2018/01/17,1533,1984,1516,1984,▲455,＋29.78%,1621,24603684
2018/01/16,1546,1606,1512,1529,▼21,－1.39%,1580,1988791
2018/01/15,1456,1550,1456,1550,▲99,＋6.80%,1584,2483640
2018/01/12,1482,1503,1426,1452,▼21,－1.46%,1578,1442812
2018/01/11,1563,1581,1430,1473,▼142,－8.78%,1583,3199834
2018/01/10,1619,1666,1572,1615,▼4,－0.27%,1579,2003806
2018/01/09,1688,1727,1589,1619,▼64,－3.83%,1574,2754221
2018/01/08,1692,1770,1658,1684,▲26,＋1.55%,1563,5424362
2018/01/05,1658,1731,1615,1658,▲13,＋0.78%,1544,5813300
2018/01/04,1572,1662,1559,1645,▲73,＋4.64%,1521,5641028
2018/01/03,1598,1611,1546,1572,▲4,＋0.27%,1519,2908090
2018/01/02,1503,1568,1503,1568,▲73,＋4.89%,1520,2462155
2017/12/28,1512,1602,1465,1495,▼4,－0.29%,1527,4961934
2017/12/27,1443,1563,1439,1499,▲64,＋4.49%,1529,3213686
2017/12/26,1524,1544,1435,1435,▼130,－8.31%,1522,3374035
2017/12/22,1585,1674,1504,1565,▲57,＋3.77%,1519,9426246
2017/12/21,1528,1739,1487,1508,▲8,＋0.54%,1507,22673908
2017/12/20,1491,1837,1443,1500,▲77,＋5.43%,1468,42461196
2017/12/19,1605,1617,1386,1422,▼207,－12.72%,1433,6899250
2017/12/18,1565,1747,1548,1630,▲53,＋3.35%,1401,13993306
2017/12/15,1585,1613,1516,1577,▼69,－4.20%,1346,5675653
2017/12/14,1528,1666,1471,1646,▲138,＋9.16%,1297,17195923
2017/12/13,1496,1804,1459,1508,▲81,＋5.70%,1245,49657493
2017/12/12,1390,1426,1337,1426,▲20,＋1.45%,1209,6785682
2017/12/11,1333,1406,1280,1406,▼45,－3.08%,1185,11825161
2017/12/08,1134,1451,1134,1451,▲333,＋29.82%,1158,43306711
2017/12/07,1162,1170,1118,1118,▼33,－2.83%,1129,1121434
2017/12/06,1126,1162,1114,1150,▲49,＋4.43%,1130,1513118
2017/12/05,1077,1109,1073,1101,▲24,＋2.26%,1127,368820
2017/12/04,1109,1109,1065,1077,▼12,－1.12%,1127,520572
2017/12/01,1122,1134,1044,1089,▼33,－2.90%,1131,983214
2017/11/30,1146,1150,1105,1122,▼28,－2.47%,1135,941451
2017/11/29,1183,1203,1146,1150,▼33,－2.75%,1137,1100417
2017/11/28,1146,1199,1146,1183,▲41,＋3.56%,1134,2210196
2017/11/27,1166,1170,1138,1142,▼12,－1.06%,1131,534389
2017/11/24,1126,1174,1118,1154,▲24,＋2.16%,1132,1253984
2017/11/23,1122,1138,1114,1130,▲8,＋0.72%,1128,383632
2017/11/22,1118,1130,1105,1122,▲20,＋1.85%,1128,484541
2017/11/21,1114,1130,1097,1101,▼16,－1.45%,1127,700021
2017/11/20,1138,1154,1109,1118,▼12,－1.08%,1127,921513
2017/11/17,1146,1162,1122,1130,▼12,－1.07%,1129,420031
2017/11/16,1118,1150,1101,1142,▲24,＋2.18%,1129,411150
2017/11/15,1166,1166,1101,1118,▼33,－2.83%,1127,625307
2017/11/14,1150,1170,1142,1150,▼4,－0.35%,1127,435919
2017/11/13,1122,1154,1122,1154,▲37,＋3.27%,1121,628324
2017/11/10,1134,1146,1118,1118,▼12,－1.08%,1113,457027
2017/11/09,1118,1166,1114,1130,▲24,＋2.21%,1112,1044267
2017/11/08,1114,1126,1105,1105,▼4,－0.37%,1111,293270
2017/11/07,1130,1150,1109,1109,▼28,－2.50%,1115,620067
2017/11/06,1130,1158,1114,1138,▲8,＋0.72%,1116,526355
2017/11/03,1122,1130,1105,1130,▲8,＋0.72%,1114,236759
2017/11/02,1122,1158,1105,1122,▲8,＋0.73%,1113,1204952
2017/11/01,1089,1114,1085,1114,▲24,＋2.24%,1115,260638
2017/10/31,1077,1114,1069,1089,▲12,＋1.13%,1116,396723
2017/10/30,1109,1122,1061,1077,▼33,－2.93%,1120,610064
2017/10/27,1118,1134,1109,1109,▼12,－1.09%,1129,483773
2017/10/26,1138,1154,1114,1122,▼16,－1.43%,1129,319494
2017/10/25,1130,1166,1130,1138,▲16,＋1.45%,1128,623115
2017/10/24,1114,1146,1109,1122,▲8,＋0.73%,1127,351848
2017/10/23,1122,1134,1109,1114,▼8,－0.72%,1124,355516
2017/10/20,1150,1158,1118,1122,▼24,－2.13%,1121,535334
2017/10/19,1122,1166,1122,1146,▲28,＋2.55%,1115,882347
2017/10/18,1138,1146,1109,1118,▼20,－1.79%,1106,653125
2017/10/17,1174,1179,1138,1138,▼28,－2.44%,1098,727981
2017/10/16,1122,1223,1109,1166,▲61,＋5.51%,1087,5813168
2017/10/13,1118,1195,1085,1105,▼8,－0.73%,1076,2454671
2017/10/12,1118,1134,1105,1114,▼12,－1.08%,1075,358250
2017/10/11,1097,1126,1069,1126,▲33,＋2.97%,1077,653275
2017/10/10,1081,1170,1061,1093,▲12,＋1.13%,1083,1684717
2017/09/29,1065,1085,1065,1081,▲16,＋1.53%,1098,216763
2017/09/28,1061,1081,1057,1065,▲8,＋0.77%,1113,254307
2017/09/27,1044,1089,1044,1057,▲16,＋1.56%,1118,520009
2017/09/26,1008,1069,1008,1040,▲16,＋1.59%,1122,660592
2017/09/25,1048,1065,1016,1024,▼28,－2.70%,1124,724563
2017/09/22,1085,1105,1048,1053,▼45,－4.07%,1129,1209820
2017/09/21,1130,1174,1093,1097,▼37,－3.23%,1131,2264931
2017/09/20,1187,1227,1134,1134,▼57,－4.78%,1130,2815434
2017/09/19,1223,1227,1158,1191,▼45,－3.62%,1124,2685348
2017/09/18,1300,1418,1231,1235,0.0,0.00%,1112,13155435
2017/09/15,1122,1284,1101,1235,▲118,＋10.55%,1096,12045210
2017/09/14,1166,1187,1118,1118,▲28,＋2.61%,1084,2410685
2017/09/13,1069,1105,1069,1089,▲24,＋2.29%,1083,549201
2017/09/12,1077,1089,1065,1065,▼12,－1.13%,1082,313124
2017/09/11,1085,1089,1065,1077,▲8,＋0.76%,1083,218689
2017/09/08,1089,1097,1061,1069,▼20,－1.87%,1086,337654
2017/09/07,1077,1105,1073,1089,▲12,＋1.13%,1087,289712
2017/09/06,1085,1130,1077,1077,▲8,＋0.76%,1086,1636102
2017/09/05,1081,1093,1036,1069,▼8,－0.75%,1089,756887
2017/09/04,1073,1097,1065,1077,▼33,－2.93%,1089,394407
2017/09/01,1130,1146,1105,1109,0.0,0.00%,1090,550894
2017/08/31,1081,1122,1081,1109,▲33,＋3.02%,1085,513573
2017/08/30,1077,1101,1077,1077,0.0,0.00%,1078,215556
2017/08/29,1093,1097,1057,1077,▼33,－2.93%,1072,512249
2017/08/28,1105,1150,1085,1109,▲37,＋3.41%,1064,1851020
2017/08/25,1081,1089,1065,1073,▼8,－0.75%,1055,182192
2017/08/24,1109,1114,1073,1081,▼24,－2.21%,1051,441921
2017/08/23,1073,1122,1069,1105,▲37,＋3.42%,1048,917669
2017/08/22,1089,1093,1065,1069,▼16,－1.50%,1045,367171
2017/08/21,1073,1089,1048,1085,▲20,＋1.91%,1048,316846
2017/08/18,1024,1093,1012,1065,▲28,＋2.75%,1047,676891
2017/08/17,1020,1040,1016,1036,▲20,＋2.00%,1049,213977
2017/08/16,1016,1057,1012,1016,▲12,＋1.21%,1054,481243
2017/08/14,1012,1032,1004,1004,▼8,－0.80%,1062,230401
2017/08/11,1008,1040,1008,1012,▼20,－1.97%,1068,486534
2017/08/10,1057,1073,1024,1032,▼20,－1.93%,1072,798274
2017/08/09,1097,1130,1053,1053,▼24,－2.26%,1073,1052489
2017/08/08,1097,1105,1073,1077,▼20,－1.85%,1073,251886
2017/08/07,1085,1114,1073,1097,▲16,＋1.50%,1070,349893
2017/08/04,1089,1109,1065,1081,0.0,0.00%,1066,445282
2017/08/03,1085,1097,1048,1081,▼4,－0.37%,1064,501134
2017/08/02,1114,1114,1077,1085,▼12,－1.11%,1064,450670
2017/08/01,1065,1101,1057,1097,▲28,＋2.66%,1061,793917
2017/07/31,1044,1146,1044,1069,▲20,＋1.94%,1056,2444376
2017/07/28,1036,1085,1024,1048,▲8,＋0.78%,1055,897497
2017/07/27,1053,1061,1032,1040,▼16,－1.54%,1057,267607
2017/07/26,1040,1085,1036,1057,▲16,＋1.56%,1061,818140
2017/07/25,1048,1061,1036,1040,▼16,－1.54%,1066,313608
2017/07/24,1061,1069,1044,1057,▼4,－0.38%,1070,299827
2017/07/21,1077,1089,1061,1061,▼20,－1.88%,1072,288639
2017/07/20,1057,1089,1053,1081,▲24,＋2.31%,1075,404871
2017/07/19,1057,1105,1053,1057,▲4,＋0.39%,1078,783107
2017/07/18,1048,1073,1048,1053,▼4,－0.38%,1083,336422
2017/07/17,1069,1073,1053,1057,▼12,－1.14%,1088,280104
2017/07/14,1077,1089,1061,1069,▼8,－0.75%,1097,368512
2017/07/13,1101,1122,1073,1077,▼37,－3.28%,1103,681785
2017/07/12,1077,1215,1077,1114,▲41,＋3.79%,1109,4136955
2017/07/11,1069,1097,1069,1073,▼8,－0.75%,1113,386747
2017/07/10,1089,1101,1065,1081,▼8,－0.75%,1118,382034
2017/07/07,1118,1118,1081,1089,▼24,－2.19%,1121,313326
2017/07/06,1097,1122,1089,1114,▲12,＋1.11%,1126,345692
2017/07/05,1109,1114,1089,1101,▼4,－0.37%,1129,454615
2017/07/04,1146,1158,1101,1105,▼41,－3.55%,1133,676019
2017/07/03,1126,1158,1101,1146,▲20,＋1.81%,1139,890751
2017/06/30,1158,1158,1114,1126,▼20,－1.77%,1147,682864
2017/06/29,1150,1183,1142,1146,0.0,0.00%,1159,660175
2017/06/28,1134,1223,1122,1146,▲16,＋1.44%,1169,4017707
2017/06/27,1114,1150,1114,1130,▲24,＋2.21%,1181,785690
2017/06/26,1142,1158,1101,1105,▼33,－2.86%,1199,994375
2017/06/23,1154,1158,1134,1138,▼4,－0.36%,1220,817926
2017/06/22,1146,1179,1138,1142,▼8,－0.71%,1234,948042
2017/06/21,1138,1179,1130,1150,▼8,－0.70%,1250,1225763
2017/06/20,1244,1248,1138,1158,▼73,－5.94%,1262,2236961
2017/06/19,1244,1272,1231,1231,▼12,－0.98%,1278,1442371
2017/06/16,1252,1280,1227,1244,0.0,0.00%,1278,1783256
2017/06/15,1292,1296,1239,1244,▼24,－1.92%,1278,2706613
2017/06/14,1317,1349,1264,1268,▼41,－3.11%,1279,3956551
2017/06/13,1313,1317,1276,1309,▼12,－0.92%,1289,2936004
2017/06/12,1268,1329,1252,1321,▲45,＋3.50%,1293,3476522
2017/06/09,1264,1288,1244,1276,▼20,－1.57%,1287,2428552
2017/06/08,1239,1296,1235,1296,▲20,＋1.59%,1287,3103637
2017/06/07,1296,1333,1264,1276,▼37,－2.79%,1266,3480659
2017/06/05,1309,1341,1260,1313,▲73,＋5.90%,1239,10448945
2017/06/02,1345,1430,1235,1239,▲4,＋0.33%,1211,27909859
2017/06/01,1231,1292,1231,1235,▼24,－1.94%,1188,5384510
2017/05/31,1345,1349,1260,1260,▼106,－7.74%,1165,4792932
2017/05/30,1337,1365,1268,1365,▲20,＋1.51%,1140,8732999
2017/05/29,1333,1496,1309,1345,▲81,＋6.43%,1104,47465544
2017/05/26,1296,1329,1215,1264,▼8,－0.64%,1070,13747693
2017/05/25,1138,1398,1118,1272,▲183,＋16.79%,1045,65599795
2017/05/24,1020,1199,1012,1089,▲85,＋8.50%,1018,29578387
2017/05/23,1040,1057,992,1004,▼33,－3.14%,1010,3279043
2017/05/22,1024,1191,979,1036,▲28,＋2.82%,1011,15319043
2017/05/19,1008,1008,1008,1008,0.0,0.00%,1008,0
2017/05/18,1008,1008,1008,1008,0.0,0.00%,1008,0
2017/05/17,1008,1008,1008,1008,0.0,0.00%,1008,0
2017/05/16,1008,1008,1008,1008,0.0,0.00%,1008,0
2017/05/15,1008,1008,1008,1008,0.0,0.00%,1008,0
2017/05/12,1008,1008,1008,1008,0.0,0.00%,1008,0
2017/05/11,1008,1008,1008,1008,0.0,0.00%,1007,0
2017/05/10,1008,1008,1008,1008,0.0,0.00%,1006,0
2017/05/08,1008,1008,1008,1008,0.0,0.00%,1005,0
2017/05/04,1008,1008,1008,1008,0.0,0.00%,1003,0
2017/05/02,1008,1008,1008,1008,0.0,0.00%,1002,0
2017/04/28,1008,1008,1008,1008,0.0,0.00%,1000,0
2017/04/27,1008,1008,1008,1008,0.0,0.00%,996,0
2017/04/26,1008,1008,1008,1008,0.0,0.00%,992,0
2017/04/25,975,1016,975,1008,▲11,＋1.14%,985,199935
2017/04/24,1019,1019,988,996,▼8,－0.81%,980,93414
2017/04/21,992,1014,983,1005,▲15,＋1.48%,975,94115
2017/04/20,995,996,980,990,▼2,－0.16%,973,48818
2017/04/19,992,1037,988,992,▼2,－0.16%,972,203477
2017/04/18,1000,1005,979,993,▲2,＋0.16%,970,116967
2017/04/17,983,998,974,992,▲20,＋2.01%,968,133919
2017/04/14,959,982,953,972,▲11,＋1.18%,967,83765
2017/04/13,946,962,946,961,▲15,＋1.55%,966,33245
2017/04/12,944,972,941,946,▼3,－0.34%,963,67751
2017/04/11,948,957,927,949,0.0,0.00%,961,48483
2017/04/10,982,982,933,949,▼34,－3.47%,958,89606
2017/04/07,1000,1000,970,983,▼2,－0.17%,956,57586
2017/04/06,969,1008,959,985,▲20,＋2.02%,953,174356
2017/04/05,979,979,953,966,▼10,－1.00%,948,103015
2017/04/04,980,983,969,975,▼3,－0.33%,949,61164
2017/04/03,966,980,956,979,▲13,＋1.35%,944,72261
2017/03/31,940,992,936,966,▲36,＋3.85%,939,240415
2017/03/30,941,957,927,930,▼2,－0.17%,934,79990
2017/03/29,920,944,917,931,▲13,＋1.42%,932,69751
2017/03/28,923,940,918,918,▼11,－1.22%,929,76859
2017/03/27,957,962,927,930,▼16,－1.72%,927,90765
2017/03/24,941,954,928,946,▲5,＋0.52%,925,81178
2017/03/23,1027,1057,938,941,▼28,－2.85%,921,771391
2017/03/22,935,969,917,969,▲41,＋4.38%,917,181617
2017/03/21,925,941,918,928,▲2,＋0.18%,911,31762
2017/03/20,917,949,910,927,▲5,＋0.53%,906,70797
2017/03/17,909,923,886,922,▲16,＋1.80%,902,85598
2017/03/16,902,922,896,905,▲3,＋0.36%,897,29620
2017/03/15,904,910,891,902,▼2,－0.18%,895,26797
2017/03/14,897,910,892,904,▲2,＋0.18%,892,17267
2017/03/13,905,910,894,902,▼3,－0.36%,891,20279
2017/03/10,910,910,884,905,▼5,－0.54%,891,31639
2017/03/09,912,917,902,910,▲5,＋0.54%,893,24762
2017/03/08,884,909,884,905,▲26,＋2.96%,894,38915
2017/03/07,879,891,870,879,0.0,0.00%,896,8940
2017/03/06,879,894,868,879,0.0,0.00%,897,17362
2017/03/03,884,884,868,879,▼5,－0.55%,899,19303
2017/03/02,888,891,876,884,▲10,＋1.12%,900,31725
2017/02/28,889,891,868,875,▼16,－1.82%,900,33094
2017/02/27,918,918,868,891,▼15,－1.62%,902,110000
2017/02/24,931,933,901,905,▼20,－2.11%,902,69742
2017/02/23,928,935,910,925,▲7,＋0.71%,903,68050
2017/02/22,925,925,909,918,0.0,0.00%,902,34540
2017/02/21,894,938,894,918,▲23,＋2.54%,898,93173
2017/02/20,909,923,894,896,▲2,＋0.18%,894,71346
2017/02/17,889,896,886,894,▲5,＋0.55%,894,45790
2017/02/16,894,902,881,889,▼2,－0.18%,890,50578
2017/02/15,886,901,883,891,▼3,－0.36%,887,29922
2017/02/14,892,910,892,894,▲2,＋0.18%,886,25652
2017/02/13,909,909,886,892,▼16,－1.79%,880,59508
2017/02/10,920,923,902,909,▼5,－0.53%,874,45079
2017/02/09,884,918,884,914,▲29,＋3.31%,867,73659
2017/02/08,879,894,878,884,▲3,＋0.37%,859,35213
2017/02/07,899,904,878,881,▼8,－0.91%,853,42728
2017/02/06,866,889,865,889,▲29,＋3.40%,849,47298
2017/02/03,915,959,857,860,▲2,＋0.19%,844,296392
2017/02/02,866,871,847,858,▼16,－1.86%,842,40362
2017/02/01,839,878,837,875,▲37,＋4.47%,840,68710
2017/01/31,837,839,826,837,0.0,0.00%,833,16516
2017/01/26,842,845,824,837,▲2,＋0.19%,833,14472
2017/01/25,832,845,826,836,▲3,＋0.39%,834,12543
2017/01/24,824,836,814,832,▲7,＋0.79%,837,20102
2017/01/23,827,837,816,826,▼10,－1.17%,838,28593
2017/01/20,844,844,813,836,▼7,－0.77%,840,18819
2017/01/19,844,853,836,842,0.0,0.00%,843,13278
2017/01/18,832,844,824,842,▲8,＋0.97%,844,16924
2017/01/17,816,839,816,834,▲21,＋2.60%,846,11054
2017/01/16,837,839,812,813,▼24,－2.91%,846,17910
2017/01/13,845,858,829,837,▼8,－0.96%,847,24314
2017/01/12,862,870,837,845,▼15,－1.70%,846,29815
2017/01/11,842,910,842,860,▲18,＋2.12%,842,65427
2017/01/10,850,850,826,842,▼10,－1.15%,838,22458
2017/01/09,862,862,840,852,▼8,－0.95%,835,9804
2017/01/06,845,862,840,860,▲7,＋0.76%,831,17292
2017/01/05,860,871,847,853,▼8,－0.94%,827,10223
2017/01/04,834,870,834,862,▲21,＋2.51%,824,33055
2017/01/03,821,855,816,840,▲20,＋2.38%,820,40812
2017/01/02,824,824,811,821,▼2,－0.20%,818,11174
2016/12/29,816,823,802,823,▲12,＋1.50%,817,13369
2016/12/28,811,816,801,810,▼9,－1.09%,817,12215
2016/12/27,809,823,806,819,▲11,＋1.31%,818,12799
2016/12/26,813,818,800,809,▼9,－1.09%,818,18546
2016/12/23,813,826,808,818,▲5,＋0.60%,819,15281
2016/12/22,826,827,809,813,▼11,－1.38%,817,23286
2016/12/21,826,837,818,824,0.0,0.00%,816,18536
2016/12/20,826,842,821,824,▲3,＋0.40%,810,16431
2016/12/19,813,845,813,821,▲8,＋1.00%,806,35561
2016/12/16,821,826,808,813,▼7,－0.79%,801,20531
2016/12/15,813,839,812,819,▲2,＋0.20%,799,23455
2016/12/14,821,826,811,818,▼2,－0.20%,797,14956
2016/12/13,823,837,808,819,▼3,－0.40%,794,12839
2016/12/12,799,823,799,823,▲24,＋2.95%,791,15798
2016/12/09,799,808,797,799,▼1,－0.10%,788,12342
2016/12/08,770,801,768,800,▲32,＋4.13%,789,25255
2016/12/07,788,795,759,768,▼11,－1.46%,790,25260
2016/12/06,743,875,743,779,▲7,＋0.95%,796,150621
2016/12/05,786,793,772,772,▼19,－2.36%,806,20798
2016/12/02,803,819,791,791,▼13,－1.62%,816,15944
2016/12/01,788,807,779,804,▲18,＋2.28%,825,28610
2016/11/30,791,792,776,786,▼3,－0.41%,835,16268
2016/11/29,792,798,776,789,▼2,－0.31%,847,34339
2016/11/28,807,812,782,792,▼16,－2.01%,856,52192
2016/11/25,808,827,802,808,▼1,－0.10%,862,34405
2016/11/24,834,852,775,809,▼25,－3.02%,867,73801
2016/11/23,878,891,834,834,▼44,－5.00%,868,22203
2016/11/22,862,902,862,878,▲8,＋0.93%,863,24778
2016/11/21,884,884,863,870,▼15,－1.65%,859,5901
2016/11/18,899,901,878,884,▼15,－1.63%,857,25215
2016/11/17,910,927,886,899,▼11,－1.25%,851,31862
2016/11/16,873,914,873,910,▲37,＋4.28%,842,39349
2016/11/15,868,910,858,873,▲20,＋2.29%,832,91512
2016/11/14,857,871,845,853,▼3,－0.38%,829,16035
2016/11/11,832,886,823,857,▲33,＋3.94%,829,105460
2016/11/10,789,840,789,824,▲44,＋5.63%,832,34962
2016/11/09,845,853,762,780,▼63,－7.51%,839,126281
2016/11/08,845,857,832,844,▼2,－0.19%,850,13393
2016/11/07,824,855,818,845,▲21,＋2.56%,857,14973
2016/11/04,801,829,801,824,▲16,＋2.01%,862,23595
2016/11/03,773,824,773,808,▲1,＋0.10%,873,51579
2016/11/02,850,850,803,807,▼45,－5.25%,886,59330
2016/11/01,842,860,826,852,▲2,＋0.19%,901,35769
2016/10/31,888,894,849,850,▼37,－4.21%,909,54190
2016/10/28,883,897,883,888,0.0,0.00%,919,15396
2016/10/27,891,905,886,888,▼3,－0.36%,928,32827
2016/10/26,910,925,884,891,▼26,－2.84%,935,51246
2016/10/25,902,917,886,917,▲18,＋1.99%,942,49319
2016/10/24,933,957,894,899,▼34,－3.66%,947,72470
2016/10/21,938,951,928,933,▼7,－0.69%,956,21161
2016/10/20,954,962,936,940,▼15,－1.53%,960,9534
2016/10/19,933,954,933,954,▲21,＋2.26%,965,12844
2016/10/18,951,966,931,933,▼18,－1.88%,966,35277
2016/10/17,982,982,951,951,▼23,－2.34%,970,31639
2016/10/14,961,987,961,974,▲13,＋1.35%,970,25120
2016/10/13,956,975,948,961,▲3,＋0.34%,966,23840
2016/10/12,966,990,953,957,▼15,－1.51%,963,23936
2016/10/11,990,996,961,972,▼15,－1.48%,958,31969
2016/10/10,972,995,972,987,▲11,＋1.17%,952,9678
2016/10/07,980,996,975,975,▼7,－0.66%,947,41744
2016/10/06,964,1003,964,982,▲13,＋1.34%,942,71862
2016/10/05,972,995,962,969,▼8,－0.83%,935,41956
2016/10/04,957,983,948,977,▲34,＋3.62%,930,95844
2016/09/30,938,962,933,943,▲3,＋0.35%,923,57342
2016/09/29,936,949,931,940,▲11,＋1.23%,921,23109
2016/09/28,918,949,910,928,▲20,＋2.15%,917,74266
2016/09/27,912,931,909,909,▼7,－0.71%,915,28304
2016/09/26,943,943,909,915,▼13,－1.40%,916,69635
2016/09/23,933,935,917,928,▲2,＋0.18%,919,30713
2016/09/22,918,944,918,927,▲10,＋1.06%,923,35692
2016/09/21,920,930,884,917,▼2,－0.18%,929,64996
2016/09/20,907,931,907,918,▲13,＋1.44%,935,50295
2016/09/19,941,941,905,905,▼21,－2.28%,941,93779
2016/09/13,901,940,901,927,▲28,＋3.07%,947,64411
2016/09/12,896,998,881,899,▼10,－1.07%,949,376930
2016/09/09,904,923,897,909,▼7,－0.71%,953,42770
2016/09/08,940,956,914,915,▼33,－3.43%,963,112114
2016/09/07,966,977,946,948,▼21,－2.18%,975,101626
2016/09/06,987,995,966,969,▼18,－1.81%,985,52074
2016/09/05,996,1006,975,987,▲16,＋1.68%,992,58077
2016/09/02,993,995,967,970,▼8,－0.83%,998,51417
2016/09/01,961,1008,951,979,▲15,＋1.52%,1007,125538
2016/08/31,948,972,922,964,▲10,＋1.02%,1017,95700
2016/08/30,951,975,940,954,▲15,＋1.56%,1031,76754
2016/08/29,998,1013,940,940,▼65,－6.47%,1041,196502
2016/08/26,1048,1048,995,1005,▼34,－3.29%,1053,165788
2016/08/25,1042,1063,1034,1039,▼3,－0.31%,1056,88112
2016/08/24,1040,1087,1039,1042,▼2,－0.16%,1053,204528
2016/08/23,1048,1068,1035,1044,▼5,－0.47%,1051,57155
2016/08/22,1057,1065,1031,1048,▼8,－0.77%,1050,127936
2016/08/19,1083,1101,1048,1057,▼24,－2.26%,1049,114288
2016/08/18,1114,1133,1074,1081,▼24,－2.21%,1045,263871
2016/08/17,1052,1122,1047,1105,▲57,＋5.43%,1041,452745
2016/08/16,1094,1172,1045,1048,▼15,－1.38%,1031,990417
2016/08/12,1034,1071,1014,1063,▲29,＋2.83%,1026,204938
2016/08/11,1024,1094,1016,1034,▲23,＋2.25%,1019,592585
2016/08/10,1013,1026,1006,1011,▼5,－0.48%,1014,83639
2016/08/09,1032,1032,1008,1016,▼20,－1.88%,1009,109288
2016/08/08,1040,1047,1008,1035,0.0,0.00%,1005,172946
2016/08/05,1016,1048,1009,1035,▲16,＋1.59%,996,178478
2016/08/04,1048,1048,1003,1019,▼20,－1.88%,988,189258
2016/08/03,1006,1047,993,1039,▲31,＋3.06%,987,211324
2016/08/02,1021,1050,1003,1008,▲7,＋0.65%,983,339360
2016/08/01,998,1013,998,1001,▲10,＋0.98%,982,117568
2016/07/29,988,1034,987,992,▲10,＋0.99%,985,270698
2016/07/28,969,992,969,982,▲16,＋1.68%,988,99635
2016/07/27,988,993,966,966,▼10,－1.00%,992,235533
2016/07/26,948,1114,948,975,▲31,＋3.27%,1001,3146664
2016/07/25,962,977,938,944,▼11,－1.19%,1004,190249
2016/07/22,1016,1021,956,956,▼49,－4.85%,1012,231127
2016/07/21,996,1019,996,1005,▲7,＋0.65%,1016,144361
2016/07/20,998,1027,993,998,0.0,0.00%,1020,244229
2016/07/19,1029,1052,998,998,▼39,－3.76%,1024,232586
2016/07/18,1024,1073,987,1037,▲21,＋2.08%,1031,627600
2016/07/15,1039,1039,1003,1016,▼11,－1.11%,1030,173279
2016/07/14,1060,1065,1011,1027,▼23,－2.17%,1026,298553
2016/07/13,1013,1061,1006,1050,▲44,＋4.36%,1023,394005
2016/07/12,1027,1040,1006,1006,▼18,－1.75%,1013,219407
2016/07/11,1006,1130,998,1024,▲24,＋2.44%,1010,1111981
2016/07/08,1052,1052,988,1000,▼41,－3.91%,1010,351940
2016/07/07,1073,1081,1026,1040,▼3,－0.31%,1014,332988
2016/07/06,1063,1081,1014,1044,▼20,－1.83%,1006,435695
2016/07/05,1021,1089,1016,1063,▲29,＋2.83%,1002,953435
2016/07/04,992,1058,977,1034,▲59,＋6.00%,989,997023
2016/07/01,1052,1096,975,975,▼23,－2.28%,972,1020071
2016/06/30,953,998,933,998,▲55,＋5.86%,960,846141
2016/06/29,979,1003,943,943,▼36,－3.65%,949,710115
2016/06/28,1013,1019,954,979,▼50,－4.90%,940,1216913
2016/06/27,1027,1192,1022,1029,▼5,－0.47%,926,3861541
2016/06/24,980,1169,959,1034,▲76,＋7.98%,909,6853762
2016/06/23,980,995,923,957,▼47,－4.69%,894,805447
2016/06/22,943,1008,918,1005,▲72,＋7.67%,884,1233002
2016/06/21,871,977,870,933,▲62,＋7.09%,872,980453
2016/06/20,855,875,853,871,▲24,＋2.88%,865,99655
2016/06/17,902,910,847,847,▼46,－5.10%,864,410045
2016/06/16,845,1013,842,892,▲37,＋4.37%,867,1454970
2016/06/15,845,865,827,855,▲16,＋1.94%,866,64986
2016/06/14,860,862,834,839,▼23,－2.64%,866,70038
2016/06/13,879,879,855,862,▼20,－2.21%,865,51886
2016/06/10,858,886,858,881,▲26,＋3.04%,862,58676
2016/06/09,886,896,852,855,▼28,－3.13%,858,81713
2016/06/08,865,883,858,883,▲21,＋2.45%,858,57480
2016/06/07,878,902,862,862,▼7,－0.75%,854,90026
2016/06/03,876,876,857,868,▼8,－0.93%,851,59120
2016/06/02,892,894,865,876,0.0,0.00%,850,91076
2016/06/01,858,889,847,876,▲20,＋2.28%,845,114945
2016/05/31,834,863,829,857,▲24,＋2.93%,841,113973
2016/05/30,839,842,827,832,0.0,0.00%,840,25062
2016/05/27,836,850,831,832,▼3,－0.39%,845,42547
2016/05/26,862,865,836,836,▼26,－3.02%,853,46417
2016/05/25,849,862,834,862,▲23,＋2.71%,862,79187
2016/05/24,837,847,829,839,▲2,＋0.19%,863,46464
2016/05/23,853,855,834,837,▼15,－1.72%,867,31525
2016/05/20,832,855,819,852,▲20,＋2.34%,870,48179
2016/05/19,836,849,832,832,0.0,0.00%,872,42617
2016/05/18,837,852,832,832,▼15,－1.73%,879,96061
2016/05/17,879,886,845,847,▼39,－4.40%,886,154402
2016/05/16,910,910,873,886,▼24,－2.68%,889,114660
2016/05/13,918,927,889,910,▼15,－1.58%,890,154899
2016/05/12,871,948,868,925,▲50,＋5.76%,886,366534
2016/05/11,876,876,852,875,▲5,＋0.56%,876,125157
2016/05/10,858,881,855,870,▲2,＋0.19%,870,82388
2016/05/09,886,886,852,868,▼5,－0.56%,866,69731
2016/05/04,896,899,863,873,▼36,－3.94%,860,201041
2016/05/03,915,970,904,909,▲8,＋0.90%,853,581410
2016/05/02,878,907,870,901,▲23,＋2.59%,843,247385
2016/04/29,894,902,862,878,▼16,－1.82%,835,219331
2016/04/28,875,969,862,894,▲28,＋3.19%,830,1117277
2016/04/27,829,1071,813,866,▲42,＋5.13%,822,1688021
2016/04/26,818,831,813,824,▲2,＋0.20%,819,65799
2016/04/25,837,837,813,823,▼7,－0.78%,821,59262
2016/04/22,805,845,801,829,▲24,＋3.03%,824,176943
2016/04/21,814,818,801,805,0.0,0.00%,826,53107
2016/04/20,813,819,799,805,▼5,－0.60%,830,91032
2016/04/19,813,819,806,810,▼3,－0.40%,832,65162
2016/04/18,819,823,808,813,▼20,－2.34%,833,105545
2016/04/15,810,862,808,832,▲22,＋2.71%,833,47510
2016/04/14,839,839,810,810,▼25,－3.02%,831,83307
2016/04/12,849,853,836,836,▼16,－1.91%,830,55881
2016/04/11,855,866,849,852,0.0,0.00%,826,55163
2016/04/08,849,868,834,852,▲7,＋0.77%,823,69735
2016/04/07,853,860,837,845,▼5,－0.57%,821,77200
2016/04/06,840,865,832,850,▲28,＋3.36%,818,186245
2016/04/05,863,863,813,823,▲3,＋0.40%,816,112347
2016/04/04,805,836,805,819,▲9,＋1.10%,816,55340
2016/04/01,813,821,808,810,▲2,＋0.20%,815,35168
2016/03/31,801,810,801,809,▲9,＋1.12%,817,33250
2016/03/30,805,810,797,800,▼3,－0.40%,818,44215
2016/03/29,823,827,797,803,▼16,－1.98%,819,105310
2016/03/28,840,840,819,819,▼10,－1.18%,821,71926
2016/03/25,837,860,821,829,▲8,＋0.99%,822,101520
2016/03/24,840,868,821,821,▼10,－1.17%,823,106515
2016/03/23,819,837,814,831,▲8,＋0.99%,826,73123
2016/03/22,814,823,804,823,▲15,＋1.91%,831,53338
2016/03/21,831,831,805,807,▼20,－2.46%,838,95308
2016/03/18,821,834,818,827,▲7,＋0.79%,842,41646
2016/03/17,809,824,808,821,▲13,＋1.61%,842,40070
2016/03/16,831,836,807,808,▼21,－2.55%,841,120028
2016/03/15,827,836,818,829,▲3,＋0.39%,846,78970
2016/03/14,836,847,823,826,▼10,－1.17%,847,104491
2016/03/11,853,865,836,836,▼18,－2.10%,850,161507
2016/03/10,888,894,853,853,▼24,－2.78%,852,305040
2016/03/09,909,914,873,878,▼21,－2.35%,854,415591
2016/03/08,870,1013,847,899,▲59,＋6.96%,850,2578883
2016/03/07,832,850,821,840,▲8,＋0.98%,846,38620
2016/03/04,821,836,813,832,▲20,＋2.40%,850,33974
2016/03/03,857,870,811,813,▼37,－4.40%,855,103347
2016/03/02,860,902,840,850,▲5,＋0.58%,858,226469
2016/02/29,855,857,832,845,▼10,－1.14%,861,19197
2016/02/26,855,866,845,855,0.0,0.00%,866,27123
2016/02/25,855,884,842,855,▼15,－1.68%,860,78531
2016/02/24,845,870,832,870,▲28,＋3.28%,853,49939
2016/02/23,870,870,826,842,▼15,－1.71%,845,147073
2016/02/22,902,918,857,857,▼28,－3.13%,837,156182
2016/02/19,889,904,863,884,▲5,＋0.55%,828,238426
2016/02/18,866,886,845,879,▲36,＋4.24%,818,142941
2016/02/17,883,928,826,844,▼39,－4.42%,808,456758
2016/02/16,904,912,873,883,▼7,－0.73%,802,342692
2016/02/15,805,889,805,889,▲93,＋11.75%,792,711079
2016/02/12,792,796,764,796,▲4,＋0.51%,781,55622
2016/02/11,766,827,751,792,▲8,＋1.04%,779,69609
2016/02/05,764,809,763,784,▲20,＋2.55%,779,17813
2016/02/04,767,779,763,764,▼2,－0.21%,778,7330
2016/02/03,783,783,755,766,▼16,－2.08%,777,14538
2016/02/02,779,788,775,782,▼4,－0.52%,777,12689
2016/02/01,792,800,781,786,▲4,＋0.52%,776,13329
2016/01/29,780,788,774,782,▲2,＋0.21%,776,4728
2016/01/28,775,780,768,780,▲5,＋0.63%,779,6253
2016/01/27,780,786,775,775,▼9,－1.14%,781,17616
2016/01/26,782,792,764,784,▲1,＋0.10%,786,15685
2016/01/25,779,784,771,784,▲11,＋1.37%,789,14693
2016/01/22,736,788,736,773,▲11,＋1.39%,794,17311
2016/01/21,753,784,744,762,▼2,－0.21%,798,15573
2016/01/20,771,800,745,764,▼7,－0.84%,803,48726
2016/01/19,786,803,764,771,▼17,－2.17%,809,56146
2016/01/18,809,809,784,788,▼22,－2.71%,815,23141
2016/01/15,813,836,802,810,▲5,＋0.61%,816,22309
2016/01/14,821,821,797,805,▼18,－2.17%,817,27528
2016/01/13,816,829,808,823,▲7,＋0.80%,819,18173
2016/01/12,827,831,813,816,▼10,－1.18%,818,11847
2016/01/11,810,852,809,826,▲5,＋0.59%,818,37982
2016/01/08,805,821,785,821,▲13,＋1.61%,817,27459
2016/01/07,814,818,797,808,▼13,－1.58%,818,38560
2016/01/06,834,834,818,821,▼13,－1.56%,818,21203
2016/01/05,790,845,788,834,▲37,＋4.69%,813,62555
2016/01/04,814,819,788,797,▼23,－2.78%,801,34528
2015/12/30,831,831,811,819,▼11,－1.37%,794,28080
2015/12/29,813,855,813,831,▲24,＋3.02%,786,24578
2015/12/28,827,833,800,806,▼16,－1.98%,775,38746
2015/12/24,814,837,812,823,▲10,＋1.28%,769,63766
2015/12/23,824,830,800,812,▼13,－1.62%,760,36561
2015/12/22,814,842,793,826,▲18,＋2.20%,755,99477
2015/12/21,771,820,769,808,▲34,＋4.41%,751,113650
2015/12/18,712,775,709,774,▲62,＋8.64%,750,121178
2015/12/17,727,740,712,712,▼15,－2.04%,749,29822
2015/12/16,743,746,724,727,▼13,－1.70%,754,25209
2015/12/15,721,740,719,740,▲14,＋1.94%,759,20313
2015/12/14,730,740,720,726,▼16,－2.10%,760,43424
2015/12/11,734,749,726,741,▲7,＋1.01%,761,34870
2015/12/10,760,766,731,734,▼27,－3.51%,761,115335
2015/12/09,787,791,750,760,▼31,－3.93%,762,96489
2015/12/08,800,840,780,791,▼1,－0.19%,761,167364
2015/12/07,783,806,772,793,▲31,＋4.09%,757,112154
2015/12/04,763,768,757,762,▼9,－1.15%,753,13068
2015/12/03,774,778,757,771,▼3,－0.38%,752,53391
2015/12/02,756,787,747,774,▲25,＋3.37%,749,92822
2015/12/01,737,749,734,749,▲12,＋1.61%,746,14228
2015/11/30,734,750,734,737,▼4,－0.60%,745,17886
2015/11/27,747,756,731,741,▼6,－0.79%,742,20593
2015/11/26,747,759,741,747,0.0,0.00%,740,26770
2015/11/25,757,765,744,747,▼3,－0.40%,737,13449
2015/11/24,756,762,741,750,▼1,－0.20%,734,28557
2015/11/23,753,763,741,751,▼1,－0.20%,728,15909
2015/11/20,754,765,740,753,▲12,＋1.60%,727,26750
2015/11/19,751,778,737,741,▼6,－0.79%,727,57105
2015/11/18,736,768,736,747,▲12,＋1.61%,731,27406
2015/11/17,713,740,713,735,▲25,＋3.55%,732,24411
2015/11/16,720,720,701,710,▼12,－1.64%,736,12961
2015/11/13,708,750,708,722,▲7,＋1.04%,741,12621
2015/11/12,713,717,683,714,▲1,＋0.21%,743,8989
2015/11/11,698,717,698,713,▲15,＋2.12%,747,13687
2015/11/10,737,737,695,698,▼41,－5.52%,751,64307
2015/11/09,753,756,739,739,▼16,－2.06%,757,38117
2015/11/06,775,775,754,754,▼21,－2.68%,763,20904
2015/11/05,765,781,760,775,▲12,＋1.55%,766,23806
2015/11/04,766,780,743,763,▼4,－0.58%,769,23817
2015/11/03,760,769,741,768,▲7,＋0.97%,770,67772
2015/11/02,744,760,744,760,▲18,＋2.40%,771,16144
2015/10/30,750,759,740,743,▼16,－2.15%,770,50577
2015/10/29,751,763,749,759,▲7,＋0.99%,771,34941
2015/10/28,763,769,749,751,▼10,－1.36%,771,39579
2015/10/27,794,794,762,762,▼30,－3.75%,770,52493
2015/10/26,805,817,781,791,▲3,＋0.38%,769,103880
2015/10/23,803,824,781,789,▼10,－1.30%,768,169501
2015/10/22,778,806,766,799,▲22,＋2.86%,767,77614
2015/10/21,768,796,766,777,▼6,－0.76%,765,78507
2015/10/20,746,783,746,783,▲37,＋4.97%,765,67595
2015/10/19,760,777,741,746,▼13,－1.76%,767,89889
2015/10/16,753,786,751,759,▲9,＋1.19%,773,89756
2015/10/15,750,763,744,750,▲1,＋0.20%,775,78273
2015/10/14,754,763,738,749,▼4,－0.59%,777,77196
2015/10/13,778,787,747,753,▼25,－3.24%,782,114465
2015/10/12,794,823,774,778,▼4,－0.57%,787,132228
2015/10/08,793,797,765,783,▲4,＋0.57%,791,88388
2015/10/07,771,794,762,778,▲7,＋0.96%,799,88996
2015/10/06,812,812,771,771,▼34,－4.24%,813,129785
2015/10/05,800,863,783,805,▲4,＋0.56%,811,257601
2015/10/02,783,811,766,800,▲18,＋2.27%,804,93650
2015/10/01,793,808,765,783,▲7,＋0.96%,794,111259
2015/09/30,772,781,753,775,▼18,－2.24%,785,108714
2015/09/25,797,817,778,793,▼10,－1.29%,776,99137
2015/09/24,829,837,781,803,▼13,－1.63%,763,190046
2015/09/23,888,932,817,817,▼53,－6.13%,752,450155
2015/09/22,909,909,848,870,▼39,－4.24%,738,483252
2015/09/21,768,978,763,909,▲150,＋19.73%,720,1786770
2015/09/18,741,784,724,759,▲29,＋3.96%,699,209989
2015/09/17,697,746,697,730,▲33,＋4.68%,691,117874
2015/09/16,700,701,690,697,▼1,－0.11%,689,20525
2015/09/15,683,705,679,698,▲16,＋2.28%,691,26242
2015/09/14,669,684,668,683,▲13,＋1.99%,690,20206
2015/09/11,688,688,668,669,▼19,－2.69%,693,25636
2015/09/10,679,688,674,688,▲8,＋1.20%,695,12530
2015/09/09,689,707,680,680,▼9,－1.29%,693,28426
2015/09/08,697,708,671,688,▼8,－1.17%,692,15039
2015/09/07,670,714,669,697,▲19,＋2.73%,689,29395
2015/09/04,717,717,678,678,▼31,－4.39%,685,27905
2015/09/03,720,728,709,709,▼7,－0.93%,682,46172
2015/09/02,694,717,678,716,▲21,＋3.09%,677,39387
2015/09/01,700,717,694,694,▼16,－2.19%,670,20039
2015/08/31,691,712,691,710,▲19,＋2.68%,668,14322
2015/08/28,677,708,676,691,▲21,＋3.09%,664,10561
2015/08/27,673,739,663,671,▲7,＋1.12%,663,81238
2015/08/26,645,677,640,663,▲7,＋1.02%,662,17236
2015/08/25,648,667,648,657,▼7,－1.01%,666,16139
2015/08/24,628,691,628,663,▲20,＋3.11%,672,26971
2015/08/21,623,657,616,643,▼13,－2.03%,678,44308
2015/08/20,637,690,637,657,▲5,＋0.80%,686,29158
2015/08/19,675,675,648,651,▼22,－3.30%,693,26477
2015/08/18,671,694,660,674,▲4,＋0.55%,699,20199
2015/08/17,679,680,667,670,▼10,－1.53%,703,21089
2015/08/13,660,688,660,680,▲21,＋3.15%,708,14931
2015/08/12,708,711,660,660,▼50,－7.10%,707,50870
2015/08/11,715,727,700,710,▼5,－0.73%,707,18070
2015/08/10,720,723,706,715,▼7,－0.92%,704,16602
2015/08/07,722,726,707,722,▲1,＋0.10%,699,27002
2015/08/06,723,728,708,721,▼3,－0.41%,693,24673
2015/08/05,715,735,714,724,▲10,＋1.35%,691,54728
2015/08/04,717,725,709,714,▼1,－0.10%,688,27609
2015/08/03,754,754,709,715,▼4,－0.52%,687,46096
2015/07/31,675,729,674,719,▲44,＋6.59%,686,87488
2015/07/30,662,694,660,674,▲15,＋2.25%,685,58488
2015/07/29,670,678,660,660,▼11,－1.66%,689,15704
2015/07/28,671,672,654,671,0.0,0.00%,692,15085
2015/07/27,661,679,660,671,▲6,＋0.89%,693,22358
2015/07/24,694,694,665,665,▼30,－4.27%,694,41670
2015/07/23,700,700,685,694,▼5,－0.74%,694,11619
2015/07/22,691,706,691,700,▲2,＋0.32%,691,16196
2015/07/21,707,717,697,697,▼12,－1.67%,689,27408
2015/07/20,711,717,706,709,▼1,－0.10%,687,23470
2015/07/17,714,719,698,710,▼4,－0.52%,684,53335
2015/07/16,691,718,688,714,▲23,＋3.33%,680,101043
2015/07/15,683,691,668,691,▲10,＋1.41%,677,39476
2015/07/14,678,691,666,681,▲3,＋0.44%,676,39605
2015/07/13,669,679,660,678,▲8,＋1.22%,674,21652
2015/07/10,658,682,658,670,▲12,＋1.80%,673,18374
2015/07/09,683,683,645,658,▼26,－3.79%,674,38183
2015/07/08,671,688,667,684,▲13,＋1.99%,677,27154
2015/07/07,674,688,670,671,▼10,－1.52%,678,38315
2015/07/06,668,688,665,681,▲4,＋0.55%,679,30128
2015/07/03,682,691,664,677,▼3,－0.44%,679,77086
2015/07/02,667,684,667,680,▲2,＋0.33%,679,25633
2015/07/01,668,683,668,678,▲11,＋1.67%,677,12429
2015/06/30,654,674,645,667,▲5,＋0.78%,674,33526
2015/06/29,657,674,651,662,▼20,－2.93%,673,37805
2015/06/26,689,693,680,682,▼7,－1.08%,675,23536
2015/06/25,695,701,683,689,▲1,＋0.22%,675,31238
2015/06/24,697,702,677,688,▼2,－0.32%,674,37396
2015/06/23,678,691,678,690,▲12,＋1.75%,674,45739
2015/06/22,674,685,674,678,▲4,＋0.55%,674,30723
2015/06/19,667,682,661,674,▲12,＋1.79%,674,48128
2015/06/18,644,666,637,663,▲19,＋2.88%,675,44772
2015/06/17,657,664,634,644,▼13,－2.03%,677,52389
2015/06/16,680,680,644,657,▼23,－3.38%,681,90066
2015/06/15,686,686,660,680,▼3,－0.43%,683,32473
2015/06/12,679,691,675,683,▼1,－0.11%,683,41854
2015/06/11,684,691,683,684,0.0,0.00%,683,30879
2015/06/10,690,701,683,684,▼4,－0.54%,683,56723
2015/06/09,686,688,677,688,▲2,＋0.32%,683,45019
2015/06/08,693,700,675,686,▲6,＋0.87%,683,21840
2015/06/05,686,686,672,680,▼5,－0.76%,681,26077
2015/06/04,684,693,676,685,▲1,＋0.22%,679,18265
2015/06/03,675,688,673,683,▲9,＋1.32%,675,37589
2015/06/02,683,695,674,674,▼7,－1.09%,671,74169
2015/06/01,686,697,680,682,▼3,－0.43%,670,64090
2015/05/29,686,689,675,685,0.0,0.00%,671,22645
2015/05/28,688,688,671,685,▲4,＋0.54%,671,21591
2015/05/27,689,692,674,681,▼5,－0.76%,670,17817
2015/05/26,669,692,667,686,▲18,＋2.66%,670,90860
2015/05/22,659,682,657,668,▲10,＋1.46%,670,51491
2015/05/21,647,665,637,659,▲13,＋1.95%,671,72254
2015/05/20,648,657,634,646,▼1,－0.23%,673,51677
2015/05/19,662,669,637,648,▼14,－2.13%,675,106056
2015/05/18,686,686,660,662,▼27,－3.88%,676,55029
2015/05/15,691,691,674,688,▼2,－0.32%,678,32100
2015/05/14,679,700,668,691,▲17,＋2.53%,679,36590
2015/05/13,677,677,668,674,▼4,－0.55%,679,18624
2015/05/12,681,688,673,677,▼7,－1.08%,681,29500
2015/05/11,700,700,683,685,▲1,＋0.11%,683,35773
2015/05/08,676,691,674,684,▲10,＋1.43%,684,22904
2015/05/07,667,676,662,674,▲10,＋1.56%,686,35622
2015/05/06,664,674,655,664,0.0,0.00%,690,26915
2015/05/04,685,685,652,664,▼16,－2.40%,694,59706
2015/04/30,694,694,677,680,▼12,－1.71%,699,31811
2015/04/29,691,694,679,692,0.0,0.00%,701,32012
2015/04/28,700,700,683,692,▼6,－0.85%,703,32713
2015/04/27,693,699,683,698,▲6,＋0.86%,705,23152
2015/04/24,695,695,680,692,▼4,－0.53%,706,48556
2015/04/23,706,710,688,696,▼10,－1.47%,708,103797
2015/04/22,719,731,683,706,▼5,－0.73%,711,112449
2015/04/21,711,722,706,711,▲3,＋0.42%,712,129009
2015/04/20,699,712,697,708,▼2,－0.31%,711,76696
2015/04/17,717,718,703,711,▲4,＋0.63%,709,60693
2015/04/16,711,714,700,706,▲1,＋0.11%,707,67635
2015/04/15,724,726,700,706,▼14,－1.96%,705,111988
2015/04/14,702,734,694,720,▲18,＋2.53%,704,186545
2015/04/13,715,719,697,702,▼13,－1.76%,701,128950
2015/04/10,726,727,708,714,▼9,－1.23%,701,226590
2015/04/09,826,826,723,723,▲4,＋0.62%,699,1106981
2015/04/08,707,724,695,719,▲21,＋3.08%,698,49052
2015/04/07,697,703,691,697,▲2,＋0.32%,699,24295
2015/04/06,686,696,677,695,▲4,＋0.64%,700,32750
2015/04/03,684,694,683,691,▲9,＋1.30%,702,18232
2015/04/02,697,697,677,682,▼12,－1.71%,704,27385
2015/04/01,697,697,682,694,▼1,－0.21%,707,21516
2015/03/31,697,698,682,695,▼1,－0.11%,707,42678
2015/03/30,699,713,686,696,▼1,－0.11%,710,36235
2015/03/27,717,731,692,697,▼20,－2.79%,711,79606
2015/03/26,730,730,711,717,▼14,－1.93%,714,32208
2015/03/25,711,731,701,731,▲23,＋3.25%,714,97891
2015/03/24,708,714,704,708,▼3,－0.42%,712,15708
2015/03/23,714,715,706,711,▼4,－0.62%,715,13919
2015/03/20,706,716,697,715,▲12,＋1.69%,719,15147
2015/03/19,714,720,703,703,▲1,＋0.11%,722,42391
2015/03/18,724,731,702,703,▼21,－2.97%,727,58020
2015/03/17,701,724,701,724,▲20,＋2.84%,729,65569
2015/03/16,702,721,700,704,▼18,－2.46%,730,50719
2015/03/13,714,726,713,722,▲5,＋0.72%,734,46685
2015/03/12,717,728,716,717,▼1,－0.10%,737,30811
2015/03/11,715,729,715,717,▼21,－2.81%,739,30953
2015/03/10,750,756,717,738,▼10,－1.39%,744,110022
2015/03/09,744,783,719,749,▲4,＋0.60%,748,290115
2015/03/06,800,817,728,744,▼13,－1.76%,747,417763
2015/03/05,726,757,721,757,▲36,＋4.93%,747,190315
2015/03/04,732,741,718,722,▼12,－1.62%,745,141709
2015/03/03,751,762,728,734,▼4,－0.60%,744,50560
2015/03/02,763,769,727,738,▼18,－2.35%,739,47729
2015/02/27,737,774,727,756,▲21,＋2.82%,734,120376
2015/02/26,771,777,730,735,▼31,－4.06%,726,110035
2015/02/25,766,815,754,766,▼12,－1.52%,719,158232
2015/02/24,738,799,738,778,▲36,＋4.79%,712,129814
2015/02/23,756,757,726,743,▼3,－0.40%,704,86415
2015/02/17,733,751,719,746,▲11,＋1.51%,697,54364
2015/02/16,714,738,714,734,▲21,＋2.91%,689,122674
2015/02/13,668,732,667,714,▲29,＋4.22%,681,177862
2015/02/12,697,708,676,685,▼2,－0.32%,676,70773
2015/02/11,668,688,668,687,▲19,＋2.77%,678,53602
2015/02/10,683,683,663,668,▲1,＋0.11%,678,33025
2015/02/09,711,711,668,668,▼33,－4.66%,680,49704
2015/02/06,689,700,684,700,▲2,＋0.32%,682,46100
2015/02/05,663,708,657,698,▲31,＋4.67%,680,101698
2015/02/04,667,668,652,667,▲3,＋0.45%,678,45608
2015/02/03,664,677,656,664,▲5,＋0.79%,680,21693
2015/02/02,676,676,637,659,▼10,－1.44%,683,55071
2015/01/30,711,711,668,668,▼27,－3.84%,685,88170
2015/01/29,705,723,693,695,▲7,＋1.08%,684,94648
2015/01/28,697,707,686,688,0.0,0.00%,685,41779
2015/01/27,703,728,686,688,▼9,－1.28%,686,102240
2015/01/26,677,700,674,697,▲20,＋2.96%,687,55586
2015/01/23,682,691,664,677,▲3,＋0.44%,690,63126
2015/01/22,683,691,662,674,▼13,－1.84%,695,77867
2015/01/21,703,713,684,686,▼16,－2.32%,692,137886
2015/01/20,685,725,668,703,▲25,＋3.72%,686,302394
2015/01/19,667,686,663,677,▲16,＋2.47%,680,105156
2015/01/16,702,705,661,661,▼41,－5.81%,675,217679
2015/01/15,703,710,688,702,▲5,＋0.74%,667,185044
2015/01/14,706,775,684,697,▼1,－0.11%,656,835001
2015/01/13,725,736,697,697,▼25,－3.49%,645,389748
2015/01/12,774,805,723,723,▼10,－1.42%,634,1121710
2015/01/09,660,733,660,733,▲96,＋15.00%,621,532775
2015/01/08,634,651,629,637,▲2,＋0.35%,607,36429
2015/01/07,638,660,619,635,▼3,－0.46%,602,63261
2015/01/06,615,649,611,638,▲15,＋2.38%,596,147512
2015/01/05,578,634,577,623,▲42,＋7.13%,590,119224
2015/01/02,593,593,582,582,▼9,－1.51%,585,21395
2014/12/30,595,595,580,591,▲2,＋0.38%,584,16089
2014/12/29,600,602,588,588,▼6,－1.00%,583,3505
2014/12/26,588,600,586,594,▲7,＋1.13%,582,11049
2014/12/24,597,597,586,588,▼7,－1.25%,579,29106
2014/12/23,590,597,582,595,▲8,＋1.39%,579,28050
2014/12/22,585,594,578,587,▲11,＋1.93%,578,44623
2014/12/19,584,584,563,576,▲3,＋0.52%,N/A,12324
2014/12/18,585,590,568,573,▼8,－1.40%,N/A,29911
2014/12/17,570,583,569,581,▲12,＋2.08%,N/A,15210
2014/12/16,582,585,567,569,▼6,－1.03%,N/A,29733
2014/12/15,578,586,571,575,▼3,－0.51%,N/A,9784
2014/12/12,570,586,567,578,▲6,＋1.04%,N/A,25696
2014/12/11,585,585,571,572,▼13,－2.28%,N/A,41278
2014/12/10,578,588,578,585,▲4,＋0.77%,N/A,13018
2014/12/09,582,593,581,581,0.0,0.00%,N/A,54603
