[일시]신영증권,시가,고가,저가,종가,대비,대비율,<가격이동평균>120,10,[거래량]
2020/12/24,53100,53500,52500,53500,▲500,＋0.94%,47750,52670,7225
2020/12/23,52000,53000,52000,53000,▲600,＋1.15%,47663,52460,7665
2020/12/22,52500,53000,52100,52400,0.0,0.00%,47580,52380,4642
2020/12/21,52200,52800,52200,52400,▲200,＋0.38%,47498,52300,2398
2020/12/18,52000,52800,51800,52200,0.0,0.00%,47415,52340,4256
2020/12/17,52600,52900,52000,52200,▼400,－0.76%,47343,52550,1833
2020/12/16,52500,52900,52000,52600,▲100,＋0.19%,47270,52800,99060
2020/12/15,52900,52900,51900,52500,▼400,－0.76%,47195,53030,4632
2020/12/14,52700,53500,51900,52900,▼100,－0.19%,47121,53150,4746
2020/12/11,51600,53000,51600,53000,▲1600,＋3.11%,47043,53130,7754
2020/12/10,52000,52500,51300,51400,▼800,－1.53%,46970,53270,8393
2020/12/09,52100,52800,51000,52200,▲600,＋1.16%,46910,53330,7054
2020/12/08,53300,53700,51600,51600,▼1200,－2.27%,46841,53310,5349
2020/12/07,53800,54400,52800,52800,▼1500,－2.76%,46774,53340,5489
2020/12/04,54500,55200,53800,54300,▼400,－0.73%,46700,53250,8004
2020/12/03,54900,54900,54100,54700,▼200,－0.36%,46622,52920,8015
2020/12/02,53700,54900,53400,54900,▲1200,＋2.23%,46548,52580,9245
2020/12/01,52700,53700,52300,53700,▲1000,＋1.90%,46472,52210,5301
2020/11/30,53300,54200,52700,52700,▼1700,－3.13%,46403,51910,6884
2020/11/27,52000,54400,52000,54400,▲2400,＋4.62%,46343,51700,18184
2020/11/26,51600,52500,51600,52000,0.0,0.00%,46274,51235,8545
2020/11/25,52800,52800,52000,52000,▲100,＋0.19%,46225,51005,9974
2020/11/24,52400,52400,51700,51900,0.0,0.00%,46179,50750,4303
2020/11/23,50700,52100,50700,51900,▲900,＋1.76%,46129,50425,11898
2020/11/20,50200,51700,50200,51000,▼300,－0.58%,46075,49955,12472
2020/11/19,50700,51300,50400,51300,▲100,＋0.20%,46022,49540,3074
2020/11/18,50400,51700,50400,51200,▲500,＋0.99%,45967,49125,6148
2020/11/17,50100,50800,50100,50700,▲100,＋0.20%,45909,48705,4416
2020/11/16,49600,50700,49600,50600,▲850,＋1.71%,45858,48275,23763
2020/11/13,49500,49800,49000,49750,▲50,＋0.10%,45812,47825,5692
2020/11/12,49900,49900,49000,49700,▲250,＋0.51%,45766,47430,5408
2020/11/11,48500,49700,48450,49450,▲800,＋1.64%,45726,47065,9344
2020/11/10,48100,48800,47650,48650,▲1450,＋3.07%,45688,46745,9209
2020/11/09,47000,47550,46900,47200,▲350,＋0.75%,45658,46495,4058
2020/11/06,47550,47600,46400,46850,▼300,－0.64%,45637,46435,6197
2020/11/05,46600,47400,46600,47150,▲150,＋0.32%,45616,46480,2398
2020/11/04,46450,47100,46450,47000,▲600,＋1.29%,45592,46440,4156
2020/11/03,46150,46600,46150,46400,▲300,＋0.65%,45565,46350,3231
2020/11/02,46500,46500,45800,46100,▲300,＋0.66%,45548,46305,2176
2020/10/30,45800,46300,45750,45800,▼250,－0.54%,45536,46285,4705
2020/10/29,45700,46650,45700,46050,▼200,－0.43%,45526,46270,3065
2020/10/28,46100,46450,45950,46250,▲100,＋0.22%,45518,46305,6041
2020/10/27,46350,46800,45750,46150,▼450,－0.97%,45508,46295,4672
2020/10/26,47700,47700,46600,46600,▼700,－1.48%,45500,46325,6098
2020/10/23,46750,47400,46700,47300,▲550,＋1.18%,45495,46310,4645
2020/10/22,45600,47050,45550,46750,▲650,＋1.41%,45474,46220,8963
2020/10/21,45950,46300,45700,46100,▲150,＋0.33%,45454,46220,11152
2020/10/20,45050,46400,45050,45950,▲50,＋0.11%,45439,46285,6067
2020/10/19,46000,46300,45350,45900,▲250,＋0.55%,45431,46380,3500
2020/10/16,46050,46200,45200,45650,▼750,－1.62%,45421,46470,6655
2020/10/15,46650,46650,45950,46400,▲250,＋0.54%,45419,46540,1892
2020/10/14,46250,46800,46100,46150,▼300,－0.65%,45419,46480,5028
2020/10/13,46450,46600,46300,46450,0.0,0.00%,45420,46425,3118
2020/10/12,46450,46550,46350,46450,▲50,＋0.11%,45416,46365,2154
2020/10/08,47500,47500,46350,46400,▼350,－0.75%,45414,46345,5901
2020/10/07,47000,47300,46450,46750,0.0,0.00%,45410,46385,2421
2020/10/06,47350,49500,46550,46750,▼150,－0.32%,45408,46430,3185
2020/10/05,47200,47200,46300,46900,▲100,＋0.21%,45404,46485,519
2020/09/29,46450,46800,46150,46800,▲450,＋0.97%,45398,46520,2839
2020/09/28,45550,46900,45550,46350,▲550,＋1.20%,45394,46615,2736
2020/09/25,45800,47000,45450,45800,▲200,＋0.44%,45392,46780,3005
2020/09/24,45700,45850,45250,45600,▼250,－0.55%,45393,46975,8293
2020/09/23,46250,47050,45400,45850,▼400,－0.86%,45396,47205,5795
2020/09/22,46700,46700,46250,46250,▼550,－1.18%,45396,47370,6241
2020/09/21,47200,47300,46800,46800,▼400,－0.85%,45394,47580,8086
2020/09/18,47000,47550,46900,47200,▼100,－0.21%,45382,47725,10197
2020/09/17,47000,47300,46650,47300,▲50,＋0.11%,45381,47835,13925
2020/09/16,47750,48050,47100,47250,▼500,－1.05%,45366,47925,13100
2020/09/15,47800,47850,47600,47750,▼250,－0.52%,45325,47930,12319
2020/09/14,47750,48300,47750,48000,▲250,＋0.52%,45264,47785,4302
2020/09/11,47700,48200,47700,47750,▼150,－0.31%,45194,47600,12371
2020/09/10,47850,48300,47700,47900,▲400,＋0.84%,45153,47435,12051
2020/09/09,48000,48100,47500,47500,▼850,－1.76%,45103,47245,14699
2020/09/08,48200,48900,48200,48350,▲100,＋0.21%,45089,47075,2994
2020/09/07,48350,49350,48200,48250,▼50,－0.10%,45070,46835,7782
2020/09/04,47200,48800,46150,48300,▲100,＋0.21%,45055,46535,15101
2020/09/03,47950,48200,47500,48200,▲900,＋1.90%,45045,46220,9079
2020/09/02,46500,47800,46500,47300,▲1000,＋2.16%,45045,45930,16004
2020/09/01,46150,46500,46100,46300,▲150,＋0.33%,45067,45865,3994
2020/08/31,46150,46450,46050,46150,▲50,＋0.11%,45100,45895,8259
2020/08/28,46000,46600,46000,46100,▲100,＋0.22%,45135,46085,3832
2020/08/27,45850,46850,45800,46000,▲200,＋0.44%,45181,46355,12459
2020/08/26,46000,46100,45750,45800,▼150,－0.33%,45227,46725,20091
2020/08/25,45700,46250,45600,45950,▲700,＋1.55%,45269,47135,21403
2020/08/24,45250,45500,45150,45250,▲100,＋0.22%,45306,47185,7276
2020/08/21,46200,46200,45000,45150,▼150,－0.33%,45343,47245,4375
2020/08/20,47200,47200,44800,45300,▼1350,－2.89%,45380,47290,6066
2020/08/19,46600,46950,46600,46650,▲50,＋0.11%,45421,47310,8715
2020/08/18,48100,48100,46550,46600,▼1450,－3.02%,45453,47145,6114
2020/08/14,48150,49150,47900,48050,▼750,－1.54%,45490,46945,6996
2020/08/13,49750,49950,48550,48800,▼900,－1.81%,45517,46615,14849
2020/08/12,49650,50900,48100,49700,▼200,－0.40%,45546,46280,15832
2020/08/11,51000,56000,48800,49900,▲3450,＋7.43%,45568,45785,91917
2020/08/10,45800,46450,45700,46450,▲600,＋1.31%,45591,45275,10324
2020/08/07,46200,46200,45300,45850,▲250,＋0.55%,45643,45115,4779
2020/08/06,45500,46200,45400,45600,▲100,＋0.22%,45703,44980,4405
2020/08/05,45200,45900,45200,45500,▲500,＋1.11%,45761,44920,10298
2020/08/04,44800,45250,44650,45000,▲400,＋0.90%,45820,44875,4190
2020/08/03,44900,44950,44600,44600,▼150,－0.34%,45885,44855,2412
2020/07/31,45450,45450,44750,44750,▼700,－1.54%,45954,44790,2013
2020/07/30,44750,45450,44650,45450,▲700,＋1.56%,46020,44735,4045
2020/07/29,44750,45200,44700,44750,▼50,－0.11%,46080,44590,3333
2020/07/28,45150,45150,44700,44800,▼50,－0.11%,46146,44515,3971
2020/07/27,44300,45100,44050,44850,▲350,＋0.79%,46210,44430,8896
2020/07/24,45200,45200,44500,44500,▼500,－1.11%,46274,44370,4687
2020/07/23,45450,45450,44600,45000,▼50,－0.11%,46342,44300,5313
2020/07/22,44800,45400,44550,45050,▲250,＋0.56%,46408,44190,6398
2020/07/21,44300,45400,43850,44800,▲850,＋1.93%,46471,44045,12485
2020/07/20,44200,44500,43750,43950,▼250,－0.57%,46539,43935,10149
2020/07/17,44000,44500,43700,44200,▲200,＋0.45%,46615,43885,4564
2020/07/16,44750,44750,43950,44000,0.0,0.00%,46694,43775,1677
2020/07/15,44500,44500,43950,44000,▲50,＋0.11%,46776,43675,6263
2020/07/14,44400,44400,43800,43950,▼300,－0.68%,46858,43575,1097
2020/07/13,44400,44450,43750,44250,▲450,＋1.03%,46940,43440,2952
2020/07/10,44400,44400,43700,43800,▼100,－0.23%,47017,43265,2486
2020/07/09,43800,44500,43700,43900,▲300,＋0.69%,47098,43235,4113
2020/07/08,43950,43950,43500,43600,▼100,－0.23%,47178,43190,2244
2020/07/07,43450,43850,43450,43700,▲250,＋0.58%,47263,43190,2608
2020/07/06,43100,43800,43100,43450,▲350,＋0.81%,47348,43180,4414
2020/07/03,43000,43650,42900,43100,▲100,＋0.23%,47435,43195,2504
2020/07/02,42700,43550,42600,43000,0.0,0.00%,47525,43305,2554
2020/07/01,42600,43050,42450,43000,▲400,＋0.94%,47616,43430,1818
2020/06/30,43150,43150,42500,42600,▲100,＋0.24%,47709,43515,2153
2020/06/29,43500,43500,42500,42500,▼1000,－2.30%,47807,43615,7276
2020/06/26,43500,43650,43350,43500,▲50,＋0.12%,47910,43760,1925
2020/06/25,43650,43900,43150,43450,▼150,－0.34%,48003,43895,4843
2020/06/24,43650,44150,43500,43600,0.0,0.00%,48094,44135,5443
2020/06/23,43650,44050,43600,43600,0.0,0.00%,48184,44350,2891
2020/06/22,43750,44350,43600,43600,▼600,－1.36%,48274,44540,5804
2020/06/19,44250,44500,43600,44200,▼50,－0.11%,48365,44730,7375
2020/06/18,44200,44650,43650,44250,▲400,＋0.91%,48451,44915,7348
2020/06/17,43600,44150,43350,43850,▲250,＋0.57%,48540,45100,13781
2020/06/16,44400,44600,43600,43600,▼350,－0.80%,48630,45370,19495
2020/06/15,44800,45700,43950,43950,▼900,－2.01%,48723,45600,5824
2020/06/12,44900,45300,44500,44850,▼1000,－2.18%,48815,45745,4933
2020/06/11,45500,45850,45350,45850,▲100,＋0.22%,48884,45725,14684
2020/06/10,45700,46250,45400,45750,▲250,＋0.55%,48945,45605,4295
2020/06/09,45850,45900,45300,45500,0.0,0.00%,49005,45460,4616
2020/06/08,47150,47150,45250,45500,▼550,－1.19%,49065,45370,23272
2020/06/05,45750,46550,45750,46050,▼50,－0.11%,49127,45320,6325
2020/06/04,46700,47500,46100,46100,▼450,－0.97%,49185,45140,15429
2020/06/03,46500,47350,46100,46550,▲650,＋1.42%,49249,45020,18922
2020/06/02,45450,46250,45200,45900,▲500,＋1.10%,49311,44860,3909
2020/06/01,45000,45500,44950,45400,▲750,＋1.68%,49382,44770,3591
2020/05/29,44700,45000,44650,44650,0.0,0.00%,49457,44695,7125
2020/05/28,45500,45500,44650,44650,▲350,＋0.79%,49537,44670,5786
2020/05/27,44900,44900,44250,44300,▼300,－0.67%,49618,44625,3427
2020/05/26,45000,45000,44550,44600,▼400,－0.89%,49702,44580,2190
2020/05/25,44300,45000,44050,45000,▲750,＋1.69%,49783,44550,2331
2020/05/22,44900,44950,44200,44250,▼650,－1.45%,49862,44515,2964
2020/05/21,45000,46000,43750,44900,▼50,－0.11%,49945,44550,7877
2020/05/20,44750,45250,44500,44950,▼50,－0.11%,50025,44570,888
2020/05/19,45200,45400,44550,45000,▲350,＋0.78%,50103,44575,3494
2020/05/18,44050,44900,43900,44650,▲250,＋0.56%,50181,44605,2842
2020/05/15,44500,44500,44050,44400,▲200,＋0.45%,50265,44740,1547
2020/05/14,43900,44200,43550,44200,▲350,＋0.80%,50353,44770,2673
2020/05/13,44500,44500,43400,43850,▼450,－1.02%,50444,44785,5047
2020/05/12,44650,44850,44100,44300,▼350,－0.78%,50534,44835,7467
2020/05/11,44800,44900,44400,44650,▲50,＋0.11%,50623,44900,9337
2020/05/08,45100,45800,44600,44600,▼500,－1.11%,50708,44910,9327
2020/05/07,44500,45100,44500,45100,▲100,＋0.22%,50795,44990,11105
2020/05/06,45600,45750,44600,45000,▼300,－0.66%,50880,45120,8800
2020/05/04,46000,46000,44000,45300,▼700,－1.52%,50964,45245,12317
2020/04/29,44350,46600,44350,46000,▲1300,＋2.91%,51045,45315,14108
2020/04/28,44700,44700,44050,44700,▲350,＋0.79%,51120,45335,5023
2020/04/27,44350,44950,44350,44350,0.0,0.00%,51207,45455,7102
2020/04/24,44850,44850,44000,44350,▼600,－1.33%,51295,45670,4571
2020/04/23,44950,44950,44400,44950,▲200,＋0.45%,51385,45865,4562
2020/04/22,44200,45350,44200,44750,▼650,－1.43%,51470,45990,6427
2020/04/21,46400,46400,44400,45400,▼1000,－2.16%,51549,46145,4866
2020/04/20,46000,46400,45600,46400,▲150,＋0.32%,51623,46210,7852
2020/04/17,45850,46500,45600,46250,▲250,＋0.54%,51690,46165,8322
2020/04/16,46250,46250,45800,46000,▼200,－0.43%,51760,46135,5970
2020/04/14,46300,46300,45800,46200,▲300,＋0.65%,51834,46120,5248
2020/04/13,46350,46450,45850,45900,▼600,－1.29%,51910,46105,5548
2020/04/10,46500,46500,45850,46500,▲200,＋0.43%,51993,46050,8153
2020/04/09,46200,46350,45950,46300,▲100,＋0.22%,52075,46110,2687
2020/04/08,46250,46300,45850,46200,▼100,－0.22%,52158,46025,4638
2020/04/07,46250,46450,46050,46300,▲250,＋0.54%,52238,45640,7973
2020/04/06,46000,46100,45800,46050,▲100,＋0.22%,52317,45050,5780
2020/04/03,46150,46150,45650,45950,0.0,0.00%,52390,44405,1936
2020/04/02,45850,46000,45400,45950,▲100,＋0.22%,52464,44100,4568
2020/04/01,46000,46350,43600,45850,▼200,－0.43%,52540,43695,8321
2020/03/31,45800,46050,45250,46050,▲700,＋1.54%,52618,43690,8325
2020/03/30,45200,45550,44200,45350,▼1750,－3.72%,52692,43685,12478
2020/03/27,46350,47350,46300,47100,▲1650,＋3.63%,52773,43800,13042
2020/03/26,42400,46000,42400,45450,▲3100,＋7.32%,52842,43800,13233
2020/03/25,41000,43500,41000,42350,▲1950,＋4.83%,52931,44075,8689
2020/03/24,39850,40950,39850,40400,▲800,＋2.02%,53042,44835,13988
2020/03/23,42000,42400,39500,39600,▼3300,－7.69%,53168,45815,26191
2020/03/20,40900,44450,40900,42900,▲1000,＋2.39%,53304,46895,11274
2020/03/19,45150,45500,41500,41900,▼3900,－8.52%,53413,47765,19936
2020/03/18,46200,47150,45800,45800,▼200,－0.43%,53532,48725,27234
2020/03/17,46300,47000,45000,46000,▼500,－1.08%,53618,49235,15024
2020/03/16,47300,47800,45000,46500,▼600,－1.27%,53701,49675,15199
2020/03/13,47000,48150,45000,47100,▼1100,－2.28%,53789,49985,5692
2020/03/12,49950,49950,48100,48200,▼1750,－3.50%,53873,50240,9174
2020/03/11,50200,50700,49800,49950,▼250,－0.50%,53944,50440,1799
2020/03/10,50300,50300,49750,50200,▼200,－0.40%,53996,50495,2878
2020/03/09,51600,51600,49950,50400,▼1200,－2.33%,54045,50585,4858
2020/03/06,51400,51600,51000,51600,▲100,＋0.19%,54093,50665,7255
2020/03/05,50900,51600,50600,51500,▲600,＋1.18%,54130,50735,11012
2020/03/04,50300,51200,50200,50900,▲500,＋0.99%,54168,50825,3547
2020/03/03,49800,50800,49800,50400,▲800,＋1.61%,54211,50995,6896
2020/03/02,49800,49800,49000,49600,▼50,－0.10%,54259,51225,4986
2020/02/28,50000,50000,49450,49650,▼550,－1.10%,54312,51565,3796
2020/02/27,50200,51000,50000,50200,▼300,－0.59%,54367,51860,5590
2020/02/26,51100,51100,50300,50500,▼600,－1.17%,54418,52100,3006
2020/02/25,51300,51300,51000,51100,▼100,－0.20%,54463,52330,3302
2020/02/24,52000,52000,51000,51200,▼1100,－2.10%,54504,52510,36605
2020/02/21,52700,52700,52100,52300,▼100,－0.19%,54548,52650,6526
2020/02/20,52900,52900,52400,52400,▼200,－0.38%,54579,52690,3410
2020/02/19,52700,52900,52500,52600,▼100,－0.19%,54610,52720,3234
2020/02/18,53200,53200,52700,52700,▼300,－0.57%,54641,52710,3084
2020/02/17,53500,53500,52600,53000,▲400,＋0.76%,54676,52690,4789
2020/02/14,52600,52800,52500,52600,0.0,0.00%,54708,52650,3008
2020/02/13,52900,52900,52500,52600,▼200,－0.38%,54740,52690,1976
2020/02/12,52900,53000,52600,52800,▼100,－0.19%,54771,52690,2738
2020/02/11,52800,52900,52500,52900,▲300,＋0.57%,54805,52700,1407
2020/02/10,52600,52700,52400,52600,▼100,－0.19%,54838,52720,3250
2020/02/07,52700,52800,52600,52700,0.0,0.00%,54874,52830,2190
2020/02/06,52400,52900,52400,52700,▲200,＋0.38%,54909,52940,1499
2020/02/05,52400,53200,52400,52500,0.0,0.00%,54948,53050,3143
2020/02/04,52600,52800,52500,52500,▼100,－0.19%,54986,53180,4147
2020/02/03,52900,52900,52300,52600,▼400,－0.75%,55017,53280,3050
2020/01/31,53000,53200,52600,53000,▲400,＋0.76%,55058,53380,2625
2020/01/30,53000,53000,52600,52600,▼300,－0.57%,55104,53420,2092
2020/01/29,53500,53500,52600,52900,▼200,－0.38%,55154,53540,4551
2020/01/28,53100,53600,52700,53100,▼600,－1.12%,55203,53640,5649
2020/01/23,53600,54000,53200,53700,▼100,－0.19%,55251,53720,9243
2020/01/22,53600,54000,53400,53800,0.0,0.00%,55299,53740,6765
2020/01/21,53500,53800,53500,53800,0.0,0.00%,55351,53760,1342
2020/01/20,53500,53900,53500,53800,▲300,＋0.56%,55403,53790,2130
2020/01/17,53800,53800,53400,53500,▼100,－0.19%,55454,53850,2477
2020/01/16,53700,53800,53500,53600,▲200,＋0.37%,55508,53980,2584
2020/01/15,53900,54200,53400,53400,▼400,－0.74%,55562,54090,5967
2020/01/14,53600,54000,53600,53800,▼100,－0.19%,55618,54190,1659
2020/01/13,53700,54200,53500,53900,0.0,0.00%,55663,54250,2588
2020/01/10,53900,54400,53700,53900,0.0,0.00%,55703,54300,839
2020/01/09,53800,54400,53800,53900,▼100,－0.19%,55745,54360,2904
2020/01/08,54400,54400,53500,54000,▼100,－0.18%,55789,54420,7302
2020/01/07,54800,54800,54100,54100,▼300,－0.55%,55833,54520,1948
2020/01/06,55000,55000,54000,54400,▼400,－0.73%,55873,54570,4529
2020/01/03,54200,55400,54200,54800,▲100,＋0.18%,55911,54600,1508
2020/01/02,54400,54800,54200,54700,▲300,＋0.55%,55947,54630,666
2019/12/30,54300,54700,54300,54400,0.0,0.00%,55986,54470,4253
2019/12/27,53800,55100,53800,54400,0.0,0.00%,56033,54340,4954
2019/12/26,55400,55400,54100,54400,▼100,－0.18%,56078,54200,5538
2019/12/24,54900,55800,54300,54500,0.0,0.00%,56123,54030,6085
2019/12/23,54400,54900,54200,54500,▼500,－0.91%,56172,53870,1988
2019/12/20,54600,55000,54200,55000,▲400,＋0.73%,56218,53720,2553
2019/12/19,54500,54800,53900,54600,▼100,－0.18%,56261,53600,2839
2019/12/18,54500,54900,54300,54700,▼400,－0.73%,56307,53540,2063
2019/12/17,53000,55100,52800,55100,▲2000,＋3.77%,56351,53510,19827
2019/12/16,53000,53400,52800,53100,0.0,0.00%,56392,53440,6326
2019/12/13,52900,53200,52800,53100,▲100,＋0.19%,56449,53560,4188
2019/12/12,52800,53000,52500,53000,▲300,＋0.57%,56502,53680,6907
2019/12/11,53100,53100,52600,52700,▼200,－0.38%,56553,53820,1754
2019/12/10,53100,53100,52800,52900,▼100,－0.19%,56603,53990,2104
2019/12/09,53500,53500,52600,53000,▼800,－1.49%,56653,54140,13258
2019/12/06,53500,54000,53400,53800,▼200,－0.37%,56701,54270,4923
2019/12/05,54000,54200,53800,54000,▼400,－0.74%,56732,54330,4397
2019/12/04,54400,54400,54000,54400,0.0,0.00%,56767,54360,1746
2019/12/03,54300,54500,54200,54400,▲100,＋0.18%,56798,54360,881
2019/12/02,54200,54800,54000,54300,0.0,0.00%,56820,54390,1174
2019/11/29,55000,55000,54100,54300,▼100,－0.18%,56843,54460,1362
2019/11/28,54800,54800,54300,54400,0.0,0.00%,56865,54540,661
2019/11/27,54800,54800,54300,54400,0.0,0.00%,56887,54570,884
2019/11/26,54300,54700,54200,54400,▲100,＋0.18%,56908,54620,1835
2019/11/25,54400,54600,54200,54300,▼100,－0.18%,56933,54670,788
2019/11/22,54200,54400,54100,54400,▲100,＋0.18%,56956,54750,1197
2019/11/21,54400,54500,54200,54300,▼100,－0.18%,56981,54840,2127
2019/11/20,54600,54800,54400,54400,▼300,－0.55%,57009,54910,1966
2019/11/19,54900,54900,54500,54700,▼300,－0.55%,57049,54980,1233
2019/11/18,54800,55100,54500,55000,▼100,－0.18%,57072,55010,5178
2019/11/15,54500,55100,54400,55100,▲400,＋0.73%,57093,55020,3136
2019/11/14,54900,55100,54700,54700,▼200,－0.36%,57114,55000,2505
2019/11/13,55200,55200,54900,54900,0.0,0.00%,57138,55050,1387
2019/11/12,55100,55500,54700,54900,▼200,－0.36%,57163,55070,1610
2019/11/11,55300,55400,55000,55100,▼200,－0.36%,57190,55000,1646
2019/11/08,54900,55300,54900,55300,▲300,＋0.55%,57214,54920,1744
2019/11/07,55100,55500,54800,55000,▼100,－0.18%,57242,54830,3046
2019/11/06,55000,55100,54800,55100,▲100,＋0.18%,57271,54800,698
2019/11/05,54800,55100,54700,55000,▼100,－0.18%,57299,54780,2415
2019/11/04,54900,55100,54700,55100,▲200,＋0.36%,57323,54810,3291
2019/11/01,55200,55300,54900,54900,▼300,－0.54%,57353,54890,2645
2019/10/31,55200,55200,54400,55200,▲100,＋0.18%,57389,55030,10320
2019/10/30,54200,55200,54000,55100,▲900,＋1.66%,57423,55140,8508
2019/10/29,54300,54400,54100,54200,▼100,－0.18%,57450,55200,36480
2019/10/28,54700,54700,54200,54300,▼100,－0.18%,57488,55360,8468
2019/10/25,54700,54900,54200,54400,▼300,－0.55%,57529,55420,7779
2019/10/24,54900,55000,54400,54700,▼200,－0.36%,57566,55460,19060
2019/10/23,55300,55500,54800,54900,▼400,－0.72%,57597,55490,13577
2019/10/22,55800,56200,55200,55300,▼600,－1.07%,57624,55520,7612
2019/10/21,56300,56400,55800,55900,▼400,－0.71%,57653,55490,4527
2019/10/18,56400,56400,55800,56300,0.0,0.00%,57669,55400,6379
2019/10/17,56100,56700,55700,56300,▲600,＋1.08%,57683,55310,7840
2019/10/16,55700,55800,55300,55700,▼100,－0.18%,57697,55300,673
2019/10/15,54900,56000,54900,55800,▲900,＋1.64%,57716,55290,2098
2019/10/14,54900,55400,54800,54900,▲100,＋0.18%,57738,55260,1888
2019/10/11,55000,55200,54800,54800,▼200,－0.36%,57773,55370,2101
2019/10/10,55200,55300,54700,55000,▼200,－0.36%,57811,55480,2715
2019/10/08,55000,55500,54900,55200,▲200,＋0.36%,57848,55600,2038
2019/10/07,55000,55400,55000,55000,0.0,0.00%,57883,55700,1585
2019/10/04,55000,55400,55000,55000,▼400,－0.72%,57916,55790,3797
2019/10/02,56100,56100,55400,55400,▼800,－1.42%,57949,56000,3284
2019/10/01,55600,56200,55600,56200,▲600,＋1.08%,57984,56180,875
2019/09/30,55900,56000,55600,55600,▲100,＋0.18%,58009,56230,1574
2019/09/27,56000,56100,55500,55500,▼500,－0.89%,58045,56290,3180
2019/09/26,55900,56900,55900,56000,▲100,＋0.18%,58082,56340,1939
2019/09/25,56200,56300,55900,55900,▼300,－0.53%,58114,56360,4651
2019/09/24,56600,56600,55800,56200,0.0,0.00%,58141,56370,7267
2019/09/23,56500,56500,56000,56200,▲300,＋0.54%,58158,56360,7874
2019/09/20,57000,57600,55900,55900,▼1200,－2.10%,58168,56350,19291
2019/09/19,57200,57300,56500,57100,▼100,－0.17%,58188,56370,6354
2019/09/18,56500,57300,56500,57200,▲500,＋0.88%,58218,56260,7141
2019/09/17,56600,57000,56300,56700,▲500,＋0.89%,58242,56160,3885
2019/09/16,56100,56200,56000,56200,▲200,＋0.36%,58271,56130,10659
2019/09/11,56300,56400,56000,56000,▼200,－0.36%,58308,56100,8979
2019/09/10,56000,56500,55900,56200,▲200,＋0.36%,58345,56100,10763
2019/09/09,56100,56800,56000,56000,▼100,－0.18%,58378,56120,2946
2019/09/06,56700,56700,55800,56100,0.0,0.00%,58413,56130,7242
2019/09/05,56000,56500,55900,56100,0.0,0.00%,58448,56130,14890
2019/09/04,55900,56200,55800,56100,▲100,＋0.18%,58484,56150,3204
2019/09/03,56000,56200,55700,56000,▼200,－0.36%,58518,56230,2849
2019/09/02,56400,56400,55800,56200,▼200,－0.35%,58549,56320,2153
2019/08/30,56000,57100,55700,56400,▲500,＋0.89%,58580,56340,7628
2019/08/29,56200,56200,55900,55900,▼100,－0.18%,58606,56330,1380
2019/08/28,56300,56600,56000,56000,▼400,－0.71%,58638,56430,726
2019/08/27,56200,56400,56200,56400,▲300,＋0.53%,58673,56520,5810
2019/08/26,56100,56500,55600,56100,0.0,0.00%,58706,56570,4925
2019/08/23,56300,57600,55700,56100,▼200,－0.36%,58743,56650,1828
2019/08/22,56900,56900,56100,56300,▼600,－1.05%,58782,56770,6640
2019/08/21,57000,57000,56300,56900,0.0,0.00%,58818,56850,7614
2019/08/20,56500,57600,56300,56900,▲500,＋0.89%,58844,56780,8772
2019/08/19,56400,56500,56100,56400,▲100,＋0.18%,58870,56850,5480
2019/08/16,56800,59900,56300,56300,▼600,－1.05%,58899,57060,5913
2019/08/14,56900,57100,56800,56900,0.0,0.00%,58928,57290,6740
2019/08/13,56900,57000,56600,56900,0.0,0.00%,58949,57480,5288
2019/08/12,56900,57100,56200,56900,0.0,0.00%,58975,57670,2212
2019/08/09,56600,57300,56600,56900,▼400,－0.70%,58998,57930,2696
2019/08/08,57200,57300,56900,57300,▲200,＋0.35%,59018,58240,3063
2019/08/07,55600,57500,55600,57100,▲900,＋1.60%,59034,58510,2562
2019/08/06,57300,58400,56000,56200,▼1400,－2.43%,59060,58800,16922
2019/08/05,59300,59300,57400,57600,▼900,－1.54%,59092,59180,6521
2019/08/02,58600,58800,57900,58500,▼100,－0.17%,59108,59420,1671
2019/08/01,58700,58900,58200,58600,▼200,－0.34%,59120,59580,1372
2019/07/31,58800,58900,58700,58800,0.0,0.00%,59133,59650,778
2019/07/30,59000,59200,58600,58800,▼700,－1.18%,59144,59630,2532
2019/07/29,60800,60800,59200,59500,▼500,－0.83%,59153,59650,4062
2019/07/26,59900,60200,59900,60000,0.0,0.00%,59153,59620,2157
2019/07/25,60000,60600,59700,60000,0.0,0.00%,59142,59540,2065
2019/07/24,60000,60100,59200,60000,0.0,0.00%,59134,59440,1598
2019/07/23,60300,60300,59900,60000,0.0,0.00%,59128,59330,1882
2019/07/22,60100,60500,59800,60000,▼100,－0.17%,59137,59240,1980
2019/07/19,59800,60100,59000,60100,▲800,＋1.35%,59143,59180,2366
2019/07/18,58200,59700,58200,59300,▲700,＋1.19%,59148,59180,3229
2019/07/17,59300,59300,58600,58600,▼400,－0.68%,59154,59220,3743
2019/07/16,59200,59500,58900,59000,▼200,－0.34%,59168,59340,1827
2019/07/15,59600,59600,58500,59200,0.0,0.00%,59182,59480,992
2019/07/12,58700,59600,58400,59200,▲200,＋0.34%,59197,59560,1846
2019/07/11,59200,59400,58800,59000,▲100,＋0.17%,59208,59660,2728
2019/07/10,59400,59400,58700,58900,▼200,－0.34%,59221,59770,1168
2019/07/09,59000,59500,59000,59100,▼300,－0.51%,59233,59880,876
2019/07/08,60100,60100,59100,59400,▼700,－1.16%,59236,59970,1827
2019/07/05,59700,60200,59700,60100,▲400,＋0.67%,59238,60030,577
2019/07/04,59800,60000,59300,59700,▼100,－0.17%,59232,59960,3043
2019/07/03,60400,60400,59800,59800,▼600,－0.99%,59225,59900,2458
2019/07/02,60000,60400,60000,60400,▲400,＋0.67%,59218,59800,702
2019/07/01,60600,60600,60000,60000,▼200,－0.33%,59201,59650,1582
2019/06/28,60100,60600,60000,60200,▲100,＋0.17%,59192,59520,3165
2019/06/27,60000,60700,59900,60100,▲100,＋0.17%,59176,59250,6092
2019/06/26,60300,60300,59700,60000,0.0,0.00%,59167,59060,2136
2019/06/25,60000,60400,59500,60000,0.0,0.00%,59157,58870,6441
2019/06/24,59500,60400,59300,60000,▲600,＋1.01%,59151,58580,7124
2019/06/21,59100,59700,58900,59400,▲300,＋0.51%,59148,58290,2425
2019/06/20,58800,59100,58500,59100,▲300,＋0.51%,59153,58040,1329
2019/06/19,58900,59400,58600,58800,▼100,－0.17%,59153,57830,2267
2019/06/18,58700,59400,58600,58900,▲200,＋0.34%,59158,57650,1509
2019/06/17,57900,59200,57900,58700,▲1200,＋2.09%,59163,57490,3815
2019/06/14,58300,58400,57500,57500,▼700,－1.20%,59168,57330,1987
2019/06/13,58100,58300,57100,58200,▲100,＋0.17%,N/A,57320,2177
2019/06/12,57100,58400,57000,58100,▲1000,＋1.75%,N/A,57270,1539
2019/06/11,57200,57800,57000,57100,0.0,0.00%,N/A,57380,1833
2019/06/10,57000,57800,56700,57100,▲200,＋0.35%,N/A,57410,8433
2019/06/07,57100,57100,56800,56900,▼100,－0.18%,N/A,57460,1725
2019/06/05,57300,57300,56900,57000,0.0,0.00%,N/A,57530,2195
2019/06/04,57000,57300,56700,57000,▼300,－0.52%,N/A,57580,3855
2019/06/03,57100,57400,56800,57300,▲200,＋0.35%,N/A,57670,4245
2019/05/31,57400,57700,57100,57100,▼300,－0.52%,N/A,57760,2716
2019/05/30,57500,58400,57200,57400,▼300,－0.52%,N/A,57850,2331
2019/05/29,59200,59200,57600,57700,▼1500,－2.53%,N/A,57970,2358
2019/05/28,58400,59200,57500,59200,▲1800,＋3.14%,N/A,58050,4632
2019/05/27,57600,57800,57400,57400,▼200,－0.35%,N/A,57980,1455
2019/05/24,57600,58000,57300,57600,0.0,0.00%,N/A,58030,1739
2019/05/23,57500,58200,57400,57600,▲100,＋0.17%,N/A,58140,1166
2019/05/22,58400,58400,57200,57500,▼400,－0.69%,N/A,58300,2330
2019/05/21,57900,58600,57900,57900,▼300,－0.52%,N/A,58470,760
2019/05/20,59000,59000,58000,58200,▲200,＋0.34%,N/A,58520,859
2019/05/17,58100,59000,57900,58000,▼600,－1.02%,N/A,58570,1067
2019/05/16,58600,58600,58200,58600,▲100,＋0.17%,N/A,58700,1082
2019/05/15,58700,58700,58000,58500,0.0,0.00%,N/A,58720,1185
2019/05/14,57900,58900,57700,58500,▲600,＋1.04%,N/A,58710,2100
2019/05/13,58700,58700,57800,57900,▼800,－1.36%,N/A,58680,2507
2019/05/10,59200,59200,58100,58700,▼500,－0.84%,N/A,58760,1282
2019/05/09,59300,59400,58600,59200,0.0,0.00%,N/A,58680,3217
2019/05/08,58400,59300,58300,59200,▲800,＋1.37%,N/A,58550,2192
2019/05/07,58700,58700,58300,58400,▼300,－0.51%,N/A,58430,864
2019/05/03,59000,59000,58300,58700,▼600,－1.01%,N/A,58390,897
2019/05/02,58100,59300,58100,59300,▲500,＋0.85%,N/A,58360,944
2019/04/30,58400,58900,58100,58800,▲400,＋0.68%,N/A,58340,1103
2019/04/29,57900,58700,57900,58400,▲200,＋0.34%,N/A,58400,1091
2019/04/26,58400,58400,57900,58200,▼500,－0.85%,N/A,58500,1249
2019/04/25,58000,58700,57900,58700,▲800,＋1.38%,N/A,58630,1408
2019/04/24,58000,58300,57800,57900,0.0,0.00%,N/A,58650,2407
2019/04/23,58000,58400,57900,57900,▼100,－0.17%,N/A,58760,2036
2019/04/22,58000,58300,57900,58000,0.0,0.00%,N/A,58930,963
2019/04/19,58100,58500,57700,58000,▼400,－0.68%,N/A,59050,2249
2019/04/18,59100,59400,58400,58400,▼700,－1.18%,N/A,59240,5443
2019/04/17,59300,59400,58800,59100,▼300,－0.51%,N/A,59390,3359
2019/04/16,59400,59400,58600,59400,0.0,0.00%,N/A,59470,2514
2019/04/15,59500,59500,58900,59400,▼100,－0.17%,N/A,59440,921
2019/04/12,58700,59500,58000,59500,▲600,＋1.02%,N/A,59320,3473
2019/04/11,58700,59000,58200,58900,▼100,－0.17%,N/A,59120,1170
2019/04/10,58800,59200,58600,59000,▼600,－1.01%,N/A,59060,1597
2019/04/09,59700,59700,58800,59600,▲400,＋0.68%,N/A,59230,1697
2019/04/08,59900,59900,59200,59200,▼700,－1.17%,N/A,59270,1058
2019/04/05,59300,60000,59200,59900,0.0,0.00%,N/A,59370,2326
2019/04/04,60000,60000,59100,59900,0.0,0.00%,N/A,59450,2677
2019/04/03,59300,60000,59200,59900,▲800,＋1.35%,N/A,59500,6877
2019/04/02,58200,59200,58200,59100,▲900,＋1.55%,N/A,59530,4556
2019/04/01,58300,58300,57600,58200,▲700,＋1.22%,N/A,59640,1197
2019/03/29,58300,58300,56700,57500,▼800,－1.37%,N/A,59850,6806
2019/03/28,58900,58900,58100,58300,▼2400,－3.95%,N/A,60140,8591
2019/03/27,60300,60700,59900,60700,▲700,＋1.17%,N/A,60320,13905
2019/03/26,60200,60300,59900,60000,▼200,－0.33%,N/A,60230,5118
2019/03/25,60500,60500,60000,60200,▼500,－0.82%,N/A,60220,4542
2019/03/22,60400,60700,60100,60700,▲300,＋0.50%,N/A,60150,4577
2019/03/21,60200,60500,60100,60400,▲200,＋0.33%,N/A,60060,2750
2019/03/20,60000,60300,59600,60200,0.0,0.00%,N/A,60030,1699
2019/03/19,60300,60600,59900,60200,▼100,－0.17%,N/A,60050,1615
2019/03/18,59900,60800,59900,60300,▼100,－0.17%,N/A,60080,1746
2019/03/15,60100,60500,59900,60400,▲300,＋0.50%,N/A,60130,64366
2019/03/14,59800,60100,59400,60100,▲300,＋0.50%,N/A,60150,4715
2019/03/13,60000,60300,59700,59800,▼100,－0.17%,N/A,60150,935
2019/03/12,59500,59900,59500,59900,▲400,＋0.67%,N/A,60170,3376
2019/03/11,59500,59800,59400,59500,▼300,－0.50%,N/A,60170,4216
2019/03/08,60100,60100,59700,59800,▼300,－0.50%,N/A,60190,1558
2019/03/07,60400,60600,59900,60100,▼300,－0.50%,N/A,60160,3546
2019/03/06,60800,60800,60300,60400,▼100,－0.17%,N/A,60150,1502
2019/03/05,60300,60700,60300,60500,▼300,－0.49%,N/A,60080,2511
2019/03/04,60600,60900,60300,60800,▲200,＋0.33%,N/A,59950,2689
2019/02/28,60200,61000,60200,60600,▲500,＋0.83%,N/A,59800,4064
2019/02/27,60400,60400,60000,60100,▲100,＋0.17%,N/A,59760,5113
2019/02/26,60600,60600,59800,60000,▲100,＋0.17%,N/A,59750,1421
2019/02/25,60300,60300,59700,59900,▲200,＋0.34%,N/A,59710,5289
2019/02/22,59700,60200,59600,59700,▲200,＋0.34%,N/A,59710,4452
2019/02/21,60000,60800,59500,59500,▼500,－0.83%,N/A,59760,7005
2019/02/20,59700,60800,59400,60000,▲300,＋0.50%,N/A,59820,4382
2019/02/19,59200,59900,59200,59700,▲500,＋0.84%,N/A,59810,2598
2019/02/18,59300,59700,59200,59200,▼100,－0.17%,N/A,59780,2973
2019/02/15,60400,60400,59200,59300,▼900,－1.50%,N/A,59730,8525
2019/02/14,59800,60300,59800,60200,▲200,＋0.33%,N/A,59710,4750
2019/02/13,59500,60400,59300,60000,▲400,＋0.67%,N/A,59610,2408
2019/02/12,59600,60900,59400,59600,▼300,－0.50%,N/A,59720,5549
2019/02/11,60200,60500,59700,59900,▼300,－0.50%,N/A,59840,1140
2019/02/08,60600,60600,59700,60200,▲100,＋0.17%,N/A,59920,2057
2019/02/07,59700,60200,59700,60100,▲200,＋0.33%,N/A,59900,5490
2019/02/01,60400,60400,59300,59900,▲500,＋0.84%,N/A,59910,940
2019/01/31,58700,59600,58700,59400,▲700,＋1.19%,N/A,59990,2579
2019/01/30,59000,59800,58600,58700,▼400,－0.68%,N/A,60150,5225
2019/01/29,59100,59800,59000,59100,▼100,－0.17%,N/A,60340,1811
2019/01/28,61100,61100,59100,59200,▼1900,－3.11%,N/A,60480,5783
2019/01/25,60700,61500,60300,61100,▲300,＋0.49%,N/A,60600,1233
2019/01/24,60700,61300,60500,60800,▲100,＋0.16%,N/A,60430,1459
2019/01/23,60000,60700,60000,60700,▲700,＋1.17%,N/A,60310,716
2019/01/22,60200,60200,59900,60000,▼200,－0.33%,N/A,60180,610
2019/01/21,60200,60700,60200,60200,▼500,－0.82%,N/A,60070,411
2019/01/18,60600,60800,60100,60700,▼300,－0.49%,N/A,59940,797
2019/01/17,60600,61400,60400,61000,▲400,＋0.66%,N/A,59710,6048
2019/01/16,60500,60800,60200,60600,▲100,＋0.17%,N/A,59500,5251
2019/01/15,60300,60700,60300,60500,▲100,＋0.17%,N/A,59270,2298
2019/01/14,58600,60400,58600,60400,▲1000,＋1.68%,N/A,59120,4320
2019/01/11,59300,59900,59300,59400,▼200,－0.34%,N/A,58960,280
2019/01/10,59400,59800,59200,59600,▲200,＋0.34%,N/A,58950,866
2019/01/09,59500,59700,59000,59400,▲500,＋0.85%,N/A,58950,3114
2019/01/08,59400,59400,58600,58900,0.0,0.00%,N/A,59010,1588
2019/01/07,58400,59400,58400,58900,▲500,＋0.86%,N/A,59040,1000
2019/01/04,58800,59000,58400,58400,▼500,－0.85%,N/A,59090,3489
2019/01/03,58300,59500,58300,58900,▲600,＋1.03%,N/A,59200,1778
2019/01/02,59000,59000,58000,58300,▼700,－1.19%,N/A,59230,670
2018/12/28,58600,59300,58500,59000,▲200,＋0.34%,N/A,N/A,1198
2018/12/27,59800,59800,58700,58800,▼500,－0.84%,N/A,N/A,1353
2018/12/26,59600,59700,59000,59300,▼300,－0.50%,N/A,N/A,3256
2018/12/24,59900,59900,59400,59600,▼400,－0.67%,N/A,N/A,2673
2018/12/21,59000,60000,58900,60000,▲800,＋1.35%,N/A,N/A,4604
2018/12/20,59400,59500,59100,59200,▼200,－0.34%,N/A,N/A,1085
2018/12/19,59500,59900,59000,59400,▼100,－0.17%,N/A,N/A,3064
2018/12/18,59200,59800,58900,59500,▲300,＋0.51%,N/A,N/A,2080
2018/12/17,60000,60400,58700,59200,0.0,0.00%,N/A,N/A,6718
