[일시]신화실업,시가,고가,저가,종가,대비,대비율,<가격이동평균>120,10,[거래량]
2020/12/24,20100,20450,20100,20350,▲100,＋0.49%,20276,20500,7642
2020/12/23,20150,20350,19800,20250,▲100,＋0.50%,20288,20530,9146
2020/12/22,20900,20950,20100,20150,▼750,－3.59%,20303,20580,16005
2020/12/21,20550,20900,20500,20900,▲300,＋1.46%,20309,20600,6992
2020/12/18,20350,20650,20350,20600,▲250,＋1.23%,20307,20555,5089
2020/12/17,20500,20500,20150,20350,▼150,－0.73%,20321,20540,8916
2020/12/16,20550,20900,20400,20500,▼50,－0.24%,20342,20560,7173
2020/12/15,20600,20650,20450,20550,▼100,－0.48%,20361,20570,5820
2020/12/14,20550,20650,20400,20650,▼50,－0.24%,20382,20595,6256
2020/12/11,20650,20800,20600,20700,▲50,＋0.24%,20410,20640,1637
2020/12/10,20850,20900,20550,20650,▼100,－0.48%,20471,20660,4817
2020/12/09,20350,20900,20150,20750,▲400,＋1.97%,20513,20650,15356
2020/12/08,20400,20450,20150,20350,▼100,－0.49%,20523,20585,8997
2020/12/07,20450,20550,20150,20450,0.0,0.00%,20541,20590,5829
2020/12/04,20550,20700,20100,20450,▼100,－0.49%,20557,20575,20649
2020/12/03,20600,20800,20350,20550,▼50,－0.24%,20576,20560,4606
2020/12/02,20800,20900,20400,20600,▼200,－0.96%,20597,20535,6481
2020/12/01,21150,21300,20650,20800,▼300,－1.42%,20618,20510,8401
2020/11/30,20900,21550,20900,21100,▲200,＋0.96%,20641,20465,16730
2020/11/27,20450,21200,20400,20900,▲350,＋1.70%,20661,20395,16413
2020/11/26,20100,20700,20100,20550,▲450,＋2.24%,20683,20335,16618
2020/11/25,20400,20550,20000,20100,▼300,－1.47%,20703,20310,10734
2020/11/24,20300,20800,20000,20400,▲100,＋0.49%,20724,20340,18758
2020/11/23,20300,20450,20100,20300,0.0,0.00%,20740,20315,9077
2020/11/20,20450,20500,19950,20300,0.0,0.00%,20753,20330,10964
2020/11/19,20450,20450,20100,20300,▼50,－0.25%,20763,20335,8405
2020/11/18,20350,20400,20200,20350,0.0,0.00%,20776,20375,3136
2020/11/17,20350,20450,20150,20350,▼50,－0.25%,20793,20390,3721
2020/11/16,20250,20500,20150,20400,▲100,＋0.49%,20822,20425,5555
2020/11/13,20300,20450,20100,20300,0.0,0.00%,20850,20440,2652
2020/11/12,20500,20500,20100,20300,▼100,－0.49%,20880,20500,3602
2020/11/11,20150,20450,20100,20400,▲250,＋1.24%,20888,20460,6248
2020/11/10,20500,20600,20100,20150,▼300,－1.47%,20878,20495,6429
2020/11/09,20250,20550,20050,20450,▲100,＋0.49%,20871,20475,9267
2020/11/06,20800,20800,20150,20350,▼350,－1.69%,20863,20385,12911
2020/11/05,20500,20900,20400,20700,▲200,＋0.98%,20856,20410,7169
2020/11/04,21000,21000,20350,20500,▼200,－0.97%,20849,20460,9892
2020/11/03,20450,21100,20450,20700,▲150,＋0.73%,20844,20710,12765
2020/11/02,20900,21400,20400,20550,▼350,－1.67%,20838,20845,28725
2020/10/30,19900,24400,19900,20900,▲1000,＋5.03%,20835,20855,193168
2020/10/29,20350,20400,19600,19900,▼850,－4.10%,20828,20855,7096
2020/10/28,19800,20800,19600,20750,▲800,＋4.01%,20830,20875,9449
2020/10/27,19550,20250,19350,19950,▲400,＋2.05%,20817,20825,12371
2020/10/26,20600,20600,19550,19550,▼1050,－5.10%,20808,20885,23984
2020/10/23,21150,21350,20350,20600,▼600,－2.83%,20803,20985,20199
2020/10/22,23000,24000,21200,21200,▼1800,－7.83%,20788,20920,47531
2020/10/21,21950,24800,21500,23000,▲950,＋4.31%,20767,20780,151608
2020/10/20,20650,24900,20400,22050,▲1400,＋6.78%,20732,20455,263891
2020/10/19,20900,21250,20200,20650,▼250,－1.20%,20712,20225,13970
2020/10/16,20100,21750,19950,20900,▲800,＋3.98%,20698,20135,35579
2020/10/15,20300,21100,19900,20100,▼150,－0.74%,20683,20050,9051
2020/10/14,20550,20700,20100,20250,▼300,－1.46%,20675,20040,5520
2020/10/13,20550,20700,20200,20550,0.0,0.00%,20675,20010,6305
2020/10/12,19950,20600,19850,20550,▲600,＋3.01%,20675,20010,6816
2020/10/08,19800,20050,19700,19950,▲150,＋0.76%,20678,19945,3616
2020/10/07,19900,20000,19700,19800,▲50,＋0.25%,20686,19930,3504
2020/10/06,19800,20000,19600,19750,0.0,0.00%,20693,19870,2648
2020/10/05,19900,19900,19500,19750,0.0,0.00%,20701,19825,6233
2020/09/29,20050,20200,19600,19750,▼300,－1.50%,20706,19810,6575
2020/09/28,20000,20100,19650,20050,▲50,＋0.25%,20707,19795,3634
2020/09/25,20400,20400,19550,20000,▲50,＋0.25%,20698,19745,7918
2020/09/24,20250,20550,19750,19950,▼600,－2.92%,20675,19695,11815
2020/09/23,19950,21200,19800,20550,▲650,＋3.27%,20648,19695,18460
2020/09/22,19800,21750,19350,19900,▲100,＋0.51%,20611,19600,53419
2020/09/21,20300,22000,19450,19800,▲600,＋3.13%,20579,19575,57337
2020/09/18,19300,19450,18950,19200,▼100,－0.52%,20540,19585,5442
2020/09/17,19600,19650,19200,19300,▼300,－1.53%,20513,19665,6892
2020/09/16,19600,19700,19350,19600,0.0,0.00%,20495,19765,3879
2020/09/15,19700,19800,19300,19600,▲50,＋0.26%,20475,19845,5527
2020/09/14,19500,19600,19350,19550,▲50,＋0.26%,20466,19855,3890
2020/09/11,19900,19950,19350,19500,▼450,－2.26%,20458,19850,4191
2020/09/10,19500,20050,19300,19950,▲350,＋1.79%,20451,19870,5563
2020/09/09,19650,19750,19200,19600,▼50,－0.25%,20440,19860,3743
2020/09/08,20150,20150,19400,19650,▼250,－1.26%,20431,19850,5811
2020/09/07,20000,20350,19700,19900,▼100,－0.50%,20423,19830,4253
2020/09/04,19800,20200,19750,20000,▼300,－1.48%,20412,19770,1609
2020/09/03,20300,20400,20000,20300,▼100,－0.49%,20400,19685,3374
2020/09/02,20000,20550,19800,20400,▲700,＋3.55%,20386,19570,17033
2020/09/01,19500,19850,19200,19700,▲200,＋1.03%,20371,19480,5405
2020/08/31,19700,19700,19350,19500,▼200,－1.02%,20362,19450,3489
2020/08/28,19550,19950,19400,19700,▼150,－0.76%,20354,19520,3292
2020/08/27,19500,19850,19050,19850,▲350,＋1.79%,20345,19550,5680
2020/08/26,19400,19650,19300,19500,▲50,＋0.26%,20335,19575,3968
2020/08/25,19300,19650,19100,19450,▲150,＋0.78%,20327,19630,2516
2020/08/24,19050,19500,18850,19300,▲150,＋0.78%,20320,19670,2869
2020/08/21,19150,19300,18750,19150,0.0,0.00%,20314,19720,3034
2020/08/20,19500,19750,18900,19150,▼350,－1.79%,20310,19810,3782
2020/08/19,19400,19800,19100,19500,▲100,＋0.52%,20305,19895,4052
2020/08/18,20200,20300,19100,19400,▼800,－3.96%,20298,19920,6023
2020/08/14,20000,20200,19700,20200,▲200,＋1.00%,20291,19955,2821
2020/08/13,20000,20100,19900,20000,▼100,－0.50%,20278,19940,3036
2020/08/12,20050,20200,19700,20100,▲50,＋0.25%,20266,19950,2968
2020/08/11,19850,20200,19850,20050,▲200,＋1.01%,20254,19950,4614
2020/08/10,19850,20200,19750,19850,▲50,＋0.25%,20241,19970,2753
2020/08/07,20150,20150,19800,19800,▼250,－1.25%,20231,20055,2162
2020/08/06,19800,20200,19750,20050,▲50,＋0.25%,20221,20140,1917
2020/08/05,19750,20100,19600,20000,▲250,＋1.27%,20209,20195,3368
2020/08/04,19750,20100,19300,19750,0.0,0.00%,20197,20295,7311
2020/08/03,20050,20300,19500,19750,▼300,－1.50%,20188,20355,4429
2020/07/31,20250,20250,19700,20050,▼50,－0.25%,20178,20375,4295
2020/07/30,20100,20400,19950,20100,0.0,0.00%,20166,20355,2187
2020/07/29,20250,20750,19850,20100,▼150,－0.74%,20154,20320,3795
2020/07/28,20700,20850,20200,20250,▼450,－2.17%,20141,20355,3894
2020/07/27,20700,21250,20400,20700,▲50,＋0.24%,20127,20405,2101
2020/07/24,20500,21400,20500,20650,▲50,＋0.24%,20110,20390,5139
2020/07/23,20800,21150,20350,20600,▼400,－1.90%,20093,20425,3970
2020/07/22,20200,21350,20150,21000,▲650,＋3.19%,20076,20505,8129
2020/07/21,19950,20450,19950,20350,▲400,＋2.01%,20056,20560,6325
2020/07/20,19850,20000,19600,19950,▲100,＋0.50%,20042,20685,1888
2020/07/17,19750,20150,19500,19850,▲100,＋0.51%,20030,20840,5763
2020/07/16,20400,20450,19700,19750,▼700,－3.42%,20020,21005,9353
2020/07/15,20850,21250,20000,20450,▼300,－1.45%,20010,21200,9748
2020/07/14,20750,20750,20350,20750,▲200,＋0.97%,19995,21365,2937
2020/07/13,21000,21400,20500,20550,▼450,－2.14%,19977,21375,9093
2020/07/10,21600,21600,20550,21000,▼400,－1.87%,19961,21390,9051
2020/07/09,21750,21800,21350,21400,▼150,－0.70%,19941,21520,6027
2020/07/08,21650,21650,21300,21550,▼50,－0.23%,19917,21665,1884
2020/07/07,21700,21700,21000,21600,▲100,＋0.47%,19893,21785,6856
2020/07/06,21450,21750,21100,21500,0.0,0.00%,19868,21935,3151
2020/07/03,21950,22200,21200,21500,▼200,－0.92%,19844,22180,4464
2020/07/02,22100,23250,21300,21700,▼400,－1.81%,19820,22840,6746
2020/07/01,21000,23650,21000,22100,▲1250,＋6.00%,19794,23230,28149
2020/06/30,20900,21350,20500,20850,▲150,＋0.72%,19768,23220,7344
2020/06/29,22250,22250,20600,20700,▼1600,－7.17%,19752,23385,21237
2020/06/26,22850,23200,22200,22300,▼550,－2.41%,19739,23550,11602
2020/06/25,22700,22850,22050,22850,▲100,＋0.44%,19711,23595,10356
2020/06/24,22900,23550,22300,22750,▼350,－1.52%,19680,23620,14602
2020/06/23,24100,24450,22700,23100,▼850,－3.55%,19649,23660,24985
2020/06/22,28200,28250,23300,23950,▼4150,－14.77%,19613,23700,95285
2020/06/19,26000,32400,24100,28100,▲2500,＋9.77%,19567,23660,243973
2020/06/18,22300,27900,21300,25600,▲3600,＋16.36%,19489,23200,169888
2020/06/17,22950,22950,21500,22000,▼500,－2.22%,19432,22940,13805
2020/06/16,22600,23350,22300,22500,▲150,＋0.67%,19406,22995,17000
2020/06/15,22500,24050,22050,22350,▼400,－1.76%,19378,22975,27048
2020/06/12,22700,22750,21800,22750,▼350,－1.52%,19352,22925,5847
2020/06/11,23200,23300,22500,23100,▼50,－0.22%,19322,22810,9018
2020/06/10,23600,23650,23100,23150,▼350,－1.49%,19287,22680,8281
2020/06/09,23350,23800,23100,23500,▼50,－0.21%,19252,22600,3825
2020/06/08,23500,23550,21850,23550,▲50,＋0.21%,19215,22640,14385
2020/06/05,23100,23600,22800,23500,▲500,＋2.17%,19175,22660,5823
2020/06/04,22600,24500,22400,23000,▲450,＋2.00%,19135,22705,24370
2020/06/03,22150,22550,21300,22550,▲250,＋1.12%,19099,22520,24857
2020/06/02,22100,22650,21800,22300,▲450,＋2.06%,19066,22190,11055
2020/06/01,21500,22950,21500,21850,▲250,＋1.16%,19036,21890,7388
2020/05/29,21800,22500,21500,21600,▼200,－0.92%,19011,21650,5185
2020/05/28,22300,22700,21550,21800,▼550,－2.46%,18987,21450,6512
2020/05/27,23700,23950,21800,22350,▼1550,－6.49%,18967,21255,22612
2020/05/26,23700,24150,23600,23900,▲150,＋0.63%,18945,21010,5514
2020/05/25,23550,24550,23050,23750,▼200,－0.84%,18910,20615,21651
2020/05/22,21150,23950,21000,23950,▲2800,＋13.24%,18873,20255,39129
2020/05/21,19500,21950,19300,21150,▲1900,＋9.87%,18832,19870,27416
2020/05/20,19150,19500,19150,19250,▼50,－0.26%,18812,19770,756
2020/05/19,19350,20000,19150,19300,▼150,－0.77%,18810,19760,2102
2020/05/18,19300,19600,19000,19450,▼150,－0.77%,18811,19720,2764
2020/05/15,20050,20400,19300,19600,▼250,－1.26%,18817,19665,2192
2020/05/14,19850,20050,19400,19850,▼50,－0.25%,18822,19595,2610
2020/05/13,20050,20050,19500,19900,▼50,－0.25%,18823,19470,1693
2020/05/12,20150,20200,19750,19950,▼200,－0.99%,18824,19360,1840
2020/05/11,20150,20650,20000,20150,▲50,＋0.25%,18827,19330,975
2020/05/08,20150,20650,19950,20100,▼50,－0.25%,18828,19215,1661
2020/05/07,19200,20200,19000,20150,▲1000,＋5.22%,18830,19110,3247
2020/05/06,18900,19250,18850,19150,▲250,＋1.32%,18830,19015,1992
2020/05/04,18900,19100,18700,18900,0.0,0.00%,18841,19120,2526
2020/04/29,18900,19350,18750,18900,0.0,0.00%,18857,19285,1413
2020/04/28,18600,19200,18550,18900,▲300,＋1.61%,18869,19485,1516
2020/04/27,18800,19250,18500,18600,▼200,－1.06%,18882,19695,2431
2020/04/24,19650,19650,18800,18800,▼850,－4.33%,18893,19890,4635
2020/04/23,19350,19700,19200,19650,▲650,＋3.42%,18902,20090,1905
2020/04/22,19450,19500,18650,19000,▼50,－0.26%,18903,20155,2336
2020/04/21,19200,19550,18550,19050,▼150,－0.78%,18909,20245,3006
2020/04/20,19900,20200,19150,19200,▼1000,－4.95%,18914,20230,6340
2020/04/17,20950,21000,20100,20200,▼350,－1.70%,18920,20045,2586
2020/04/16,20250,21100,20250,20550,▼350,－1.67%,18919,19685,1506
2020/04/14,20600,21300,20600,20900,▼100,－0.48%,18915,19250,1153
2020/04/13,20050,21200,19450,21000,▲450,＋2.19%,18913,18760,5252
2020/04/10,21450,21450,19900,20550,▼250,－1.20%,18905,18180,6818
2020/04/09,20550,21200,20300,20800,▲500,＋2.46%,18902,17720,9773
2020/04/08,19800,20850,19700,20300,▲400,＋2.01%,18899,17355,10292
2020/04/07,18900,20250,18700,19900,▲1000,＋5.29%,18904,17035,9590
2020/04/06,17500,19050,17050,18900,▲1550,＋8.93%,18913,16905,14456
2020/04/03,16100,17600,16100,17350,▲750,＋4.52%,18925,16875,15117
2020/04/02,16250,16700,15700,16600,▲400,＋2.47%,18948,17000,6373
2020/04/01,15950,17100,15650,16200,▲200,＋1.25%,18976,17200,22261
2020/03/31,15550,16200,15100,16000,▲800,＋5.26%,19011,17441,32144
2020/03/30,15950,16050,15000,15200,▼750,－4.70%,19048,17701,21370
2020/03/27,17400,17600,15750,15950,▼1200,－7.00%,19093,18041,35652
2020/03/26,16800,18200,16600,17150,▲50,＋0.29%,19131,18306,53578
2020/03/25,18600,19850,16200,17100,▼1501,－8.07%,19161,18451,204830
2020/03/24,18601,18601,18601,18601,0.0,0.00%,19192,18601,0
2020/03/23,18601,18601,18601,18601,0.0,0.00%,19209,18601,0
2020/03/20,18601,18601,18601,18601,0.0,0.00%,19223,18601,0
2020/03/19,18601,18601,18601,18601,0.0,0.00%,19244,18601,0
2020/03/18,18601,18601,18601,18601,0.0,0.00%,19279,18601,0
2020/03/17,18601,18601,18601,18601,0.0,0.00%,19309,18601,0
2020/03/16,18601,18601,18601,18601,0.0,0.00%,19338,18601,0
2020/03/13,18601,18601,18601,18601,0.0,0.00%,19367,18601,0
2020/03/12,18601,18601,18601,18601,0.0,0.00%,19395,18601,0
2020/03/11,18601,18601,18601,18601,0.0,0.00%,19427,18601,0
2020/03/10,18601,18601,18601,18601,0.0,0.00%,19459,18601,0
2020/03/09,18601,18601,18601,18601,0.0,0.00%,19494,18601,0
2020/03/06,18601,18601,18601,18601,0.0,0.00%,19525,18601,0
2020/03/05,18601,18601,18601,18601,0.0,0.00%,19561,18601,0
2020/03/04,18601,18601,18601,18601,0.0,0.00%,19613,18601,0
2020/03/03,18601,18601,18601,18601,0.0,0.00%,19662,18601,0
2020/03/02,18601,18601,18601,18601,0.0,0.00%,19711,18601,0
2020/02/28,18601,18601,18601,18601,0.0,0.00%,19772,18601,0
2020/02/27,18601,18601,18601,18601,0.0,0.00%,19830,18601,0
2020/02/26,18601,18601,18601,18601,0.0,0.00%,19907,18601,0
2020/02/25,18601,18601,18601,18601,0.0,0.00%,19950,18601,0
2020/02/24,18601,18601,18601,18601,0.0,0.00%,19947,18601,0
2020/02/21,18601,18601,18601,18601,0.0,0.00%,19943,18601,0
2020/02/20,18601,18601,18601,18601,0.0,0.00%,19940,18601,0
2020/02/19,18601,18601,18601,18601,0.0,0.00%,19942,18601,0
2020/02/18,18601,18601,18601,18601,0.0,0.00%,19946,18601,0
2020/02/17,18601,18601,18601,18601,0.0,0.00%,19949,18601,0
2020/02/14,18601,18601,18601,18601,0.0,0.00%,19952,18601,0
2020/02/13,18601,18601,18601,18601,0.0,0.00%,19956,18601,0
2020/02/12,18601,18601,18601,18601,0.0,0.00%,19954,18601,0
2020/02/11,18601,18601,18601,18601,0.0,0.00%,19953,18601,0
2020/02/10,18601,18601,18601,18601,0.0,0.00%,19952,18601,0
2020/02/07,18601,18601,18601,18601,0.0,0.00%,19953,18601,0
2020/02/06,18601,18601,18601,18601,0.0,0.00%,19953,18601,0
2020/02/05,18601,18601,18601,18601,0.0,0.00%,19954,18601,0
2020/02/04,18601,18601,18601,18601,0.0,0.00%,19947,18601,0
2020/02/03,18601,18601,18601,18601,0.0,0.00%,19935,18601,0
2020/01/31,18601,18601,18601,18601,0.0,0.00%,19929,18601,0
2020/01/30,18601,18601,18601,18601,0.0,0.00%,19936,18601,0
2020/01/29,18601,18601,18601,18601,0.0,0.00%,19940,18601,0
2020/01/28,18601,18601,18601,18601,0.0,0.00%,19938,18601,0
2020/01/23,18601,18601,18601,18601,0.0,0.00%,19938,18601,0
2020/01/22,18601,18601,18601,18601,0.0,0.00%,19938,18601,0
2020/01/21,18601,18601,18601,18601,0.0,0.00%,19948,18601,0
2020/01/20,18601,18601,18601,18601,0.0,0.00%,19956,18637,0
2020/01/17,18601,18601,18601,18601,0.0,0.00%,19967,18672,0
2020/01/16,18601,18601,18601,18601,0.0,0.00%,19980,18726,0
2020/01/15,18601,18601,18601,18601,0.0,0.00%,20002,18766,0
2020/01/14,18601,18601,18601,18601,0.0,0.00%,20045,18815,0
2020/01/13,18601,18601,18601,18601,0.0,0.00%,20051,18855,0
2020/01/10,18601,18601,18601,18601,0.0,0.00%,20057,18872,0
2020/01/09,18601,18601,18601,18601,0.0,0.00%,20067,18864,0
2020/01/08,18957,19002,18290,18601,▼356,－1.88%,20078,18868,8762
2020/01/07,18957,19046,18779,18957,0.0,0.00%,20090,18890,1480
2020/01/06,19135,19180,18779,18957,▼178,－0.93%,20098,18886,3415
2020/01/03,19002,19313,18957,19135,▲134,＋0.70%,20106,18899,6429
2020/01/02,18957,19091,18868,19002,▼89,－0.47%,20113,18904,4257
2019/12/30,18957,19135,18868,19091,▲89,＋0.47%,20119,18921,3522
2019/12/27,18512,19091,18512,19002,▲223,＋1.18%,20128,18904,10834
2019/12/26,18468,18779,18334,18779,▲267,＋1.44%,20137,18904,1580
2019/12/24,18646,18957,18290,18512,▼134,－0.72%,20150,18926,5540
2019/12/23,18779,18779,18423,18646,▼178,－0.95%,20164,18957,7170
2019/12/20,18957,19046,18468,18824,▼89,－0.47%,20177,18953,6326
2019/12/19,19091,19224,18646,18913,▼178,－0.93%,20189,18939,2986
2019/12/18,19180,19313,18824,19091,▼89,－0.46%,20202,18908,4415
2019/12/17,19180,19313,19091,19180,0.0,0.00%,20213,18868,3429
2019/12/16,18913,19358,18913,19180,▲267,＋1.41%,20222,18841,3726
2019/12/13,19002,19135,18690,18913,▼89,－0.47%,20233,18792,7096
2019/12/12,18957,19002,18735,19002,0.0,0.00%,20243,18837,981
2019/12/11,18824,19046,18601,19002,▲178,＋0.95%,20255,18908,3409
2019/12/10,18379,18824,18379,18824,▲223,＋1.20%,20269,18984,42150
2019/12/09,19046,19046,18512,18601,▼89,－0.48%,20284,19033,4288
2019/12/06,18601,18779,18379,18690,▲89,＋0.48%,20299,19068,2788
2019/12/05,18690,19002,18334,18601,▼89,－0.48%,20316,19082,3815
2019/12/04,18779,19224,18557,18690,▼223,－1.18%,20335,19122,3212
2019/12/03,18646,19046,18557,18913,▲223,＋1.19%,20354,19193,4425
2019/12/02,19180,19358,18690,18690,▼668,－3.45%,20372,19317,6239
2019/11/29,19669,20515,19135,19358,▼356,－1.81%,20390,19464,12256
2019/11/28,19402,19847,19402,19714,▼45,－0.23%,20401,19536,6318
2019/11/27,19358,20203,19091,19758,▲445,＋2.30%,20409,19567,8956
2019/11/26,18779,19313,18735,19313,▲356,＋1.88%,20416,19616,2269
2019/11/25,18824,19046,18690,18957,▲134,＋0.71%,20425,19714,4325
2019/11/22,18913,18913,17889,18824,▼178,－0.94%,20438,19847,9534
2019/11/21,19402,19402,18779,19002,▼401,－2.06%,20450,19989,8422
2019/11/20,20114,20159,19269,19402,▼757,－3.75%,20460,20136,9845
2019/11/19,20159,20292,19936,20159,0.0,0.00%,20469,20270,4695
2019/11/18,19892,20515,19803,20159,▲89,＋0.44%,20470,20292,6416
2019/11/15,19981,20248,19892,20070,▲45,＋0.22%,20472,20323,3013
2019/11/14,19892,20203,19847,20025,▼223,－1.10%,20476,20305,2378
2019/11/13,20292,20292,19981,20248,▼45,－0.22%,20479,20296,4065
2019/11/12,20159,20292,20070,20292,0.0,0.00%,20482,20243,2970
2019/11/11,20203,20470,20070,20292,▲45,＋0.22%,20483,20190,2857
2019/11/08,20826,20915,20248,20248,▼223,－1.09%,20489,20123,6496
2019/11/07,20381,20782,20203,20470,▼267,－1.29%,20493,20092,6094
2019/11/06,20381,20826,20114,20737,▲356,＋1.75%,20499,20047,6741
2019/11/05,20470,20737,20159,20381,▼89,－0.43%,20502,19989,5607
2019/11/04,19758,21271,19758,20470,▲579,＋2.91%,20506,20007,20963
2019/11/01,19936,20159,19669,19892,▼45,－0.22%,20504,19972,6916
2019/10/31,19803,20159,19714,19936,▲223,＋1.13%,20509,19994,2387
2019/10/30,19803,19981,19580,19714,▼45,－0.23%,20520,20052,3609
2019/10/29,19491,20203,19491,19758,▲134,＋0.68%,20534,20163,7377
2019/10/28,19936,20159,19625,19625,▼312,－1.56%,20550,20292,7864
2019/10/25,20070,20248,19625,19936,▼89,－0.44%,20566,20363,7496
2019/10/24,20159,20515,19758,20025,▼134,－0.66%,20577,20377,9021
2019/10/23,20915,20915,20114,20159,▼401,－1.95%,20590,20368,7486
2019/10/22,20114,20648,19981,20559,▲445,＋2.21%,20606,20399,5443
2019/10/21,20070,20515,20070,20114,0.0,0.00%,20614,20381,5309
2019/10/18,20515,20737,20114,20114,▼401,－1.95%,20632,20434,3706
2019/10/17,20871,21004,20337,20515,▼312,－1.50%,20652,20474,5342
2019/10/16,21093,21093,20559,20826,▼223,－1.06%,20685,20497,9613
2019/10/15,20426,21093,20248,21049,▲712,＋3.50%,20684,20497,7590
2019/10/14,20203,20693,20114,20337,▲267,＋1.33%,20682,20457,6499
2019/10/11,19847,21004,19847,20070,▲134,＋0.67%,20686,20448,11463
2019/10/10,20337,20337,19758,19936,▼534,－2.61%,20691,20550,10203
2019/10/08,20070,20693,20070,20470,▲89,＋0.44%,20696,20844,7527
2019/10/07,20292,20693,20025,20381,▼267,－1.29%,20694,21013,12375
2019/10/04,20337,20826,20292,20648,▲134,＋0.65%,20693,21186,5858
2019/10/02,20515,20915,20470,20515,▼223,－1.07%,20690,21324,6416
2019/10/01,20470,21049,20337,20737,▼89,－0.43%,20689,21467,9852
2019/09/30,20648,20826,20070,20826,▲178,＋0.86%,20686,21645,8857
2019/09/27,20381,20915,20159,20648,▲401,＋1.98%,20682,21801,8142
2019/09/26,20960,21271,19936,20248,▼846,－4.01%,20679,22019,25509
2019/09/25,22873,22873,21004,21093,▼1780,－7.78%,20679,22232,31390
2019/09/24,21983,24030,21983,22873,▲712,＋3.21%,20672,22410,103033
2019/09/23,22028,22295,21894,22161,▲45,＋0.20%,20648,22606,10318
2019/09/20,22206,22562,21894,22117,▲89,＋0.40%,20629,22837,18345
2019/09/19,21983,22606,21850,22028,▲89,＋0.41%,20612,23069,15945
2019/09/18,22384,22517,21627,21939,▼579,－2.57%,20595,23469,29325
2019/09/17,22117,22606,21850,22517,▲134,＋0.60%,20578,23830,25860
2019/09/16,22829,23007,22072,22384,▼445,－1.95%,20555,24355,23686
2019/09/11,22473,23185,22117,22829,▲445,＋1.99%,20534,24493,29039
2019/09/10,22873,23363,22295,22384,▼490,－2.14%,20510,24039,35959
2019/09/09,24564,24831,22873,22873,▼1958,－7.89%,20489,23616,62048
2019/09/06,24653,24965,23719,24831,▲356,＋1.45%,20472,23144,99187
2019/09/05,24253,24876,23719,24475,▲45,＋0.18%,20435,22553,108727
2019/09/04,25632,26122,24431,24431,▼1602,－6.15%,20399,22005,91523
2019/09/03,25187,26700,24297,26033,▲490,＋1.92%,20362,21462,249285
2019/09/02,27368,27679,25543,25543,▼2225,－8.01%,20309,20755,182845
2019/08/30,24831,30171,24698,27768,▲4005,＋16.85%,20258,20110,819625
2019/08/29,19491,23763,19046,23763,▲5474,＋29.93%,20189,19166,383146
2019/08/28,18156,18512,18067,18290,▲134,＋0.74%,20150,18637,12498
2019/08/27,18156,18379,18156,18156,0.0,0.00%,20161,18654,1434
2019/08/26,18423,18646,18023,18156,▼757,－4.00%,20177,18717,2661
2019/08/23,18913,19091,18468,18913,▼89,－0.47%,20190,18761,2016
2019/08/22,18913,19180,18646,19002,0.0,0.00%,20190,18743,1210
2019/08/21,19091,19091,18379,19002,▲45,＋0.23%,20188,18614,2059
2019/08/20,19091,19091,18601,18957,▼134,－0.70%,20191,18436,1037
2019/08/19,18245,19091,18245,19091,▲757,＋4.13%,20195,18330,1258
2019/08/16,18245,18468,17978,18334,▼134,－0.72%,20200,18361,2863
2019/08/14,18379,18601,18112,18468,0.0,0.00%,20212,18432,1955
2019/08/13,18245,18957,18112,18468,▼312,－1.66%,20225,18427,2967
2019/08/12,18601,18779,18290,18779,▲178,＋0.96%,20237,18441,823
2019/08/09,18735,19046,18423,18601,▼134,－0.71%,20248,18419,1628
2019/08/08,17622,18913,17622,18735,▲1024,＋5.78%,20260,18543,5697
2019/08/07,17222,18067,17044,17711,▲490,＋2.84%,20268,18619,3616
2019/08/06,17800,18423,16332,17222,▼668,－3.73%,20283,18841,7846
2019/08/05,19358,19358,17889,17889,▼1513,－7.80%,20302,19135,10605
2019/08/02,18868,19402,18468,19402,▲356,＋1.87%,20315,19478,3514
2019/08/01,18245,19758,18201,19046,▲623,＋3.38%,20313,19914,12794
2019/07/31,18601,18779,18067,18423,▼178,－0.96%,20313,19932,6498
2019/07/30,17889,19313,17889,18601,▲45,＋0.24%,20318,20029,6996
2019/07/29,19981,19981,18245,18557,▼1291,－6.50%,20322,20141,16847
2019/07/26,19491,20070,19180,19847,▲356,＋1.83%,20326,20279,9858
2019/07/25,19936,20114,19091,19491,▼445,－2.23%,20326,20296,10976
2019/07/24,20159,20470,19803,19936,▼223,－1.10%,20329,20350,12725
2019/07/23,21405,21538,20159,20159,▼1157,－5.43%,20320,20341,37130
2019/07/22,23763,24831,20737,21316,▼2448,－10.30%,20308,20328,181327
2019/07/19,19224,23763,19224,23763,▲4539,＋23.61%,20288,20163,141907
2019/07/18,19402,19625,19224,19224,▼178,－0.92%,20246,19807,1021
2019/07/17,19491,19892,19313,19402,▼312,－1.58%,20241,19892,5855
2019/07/16,19936,20203,19402,19714,▼223,－1.12%,20232,19981,2473
2019/07/15,20426,20426,19758,19936,▼89,－0.44%,20223,20029,2665
2019/07/12,19803,20203,19803,20025,0.0,0.00%,20212,20061,987
2019/07/11,19847,20159,19803,20025,▲178,＋0.90%,20198,20087,1448
2019/07/10,20426,20426,19803,19847,▼178,－0.89%,20183,20127,1257
2019/07/09,19669,20381,19269,20025,▲356,＋1.81%,20166,20181,3598
2019/07/08,20470,20470,19625,19669,▼534,－2.64%,20150,20212,3172
2019/07/05,20470,20470,19847,20203,▲134,＋0.67%,20138,20292,1675
2019/07/04,20292,20381,20070,20070,▼223,－1.10%,20123,20283,853
2019/07/03,20203,20648,20159,20292,▲89,＋0.44%,20107,20323,1767
2019/07/02,20737,20737,20025,20203,▼45,－0.22%,20088,20354,2711
2019/07/01,20381,20381,20114,20248,▼45,－0.22%,20068,20399,2960
2019/06/28,20515,20515,20114,20292,▼134,－0.65%,20047,20421,1390
2019/06/27,20203,20648,20159,20426,▲45,＋0.22%,20028,20461,1442
2019/06/26,20337,20426,20159,20381,▲45,＋0.22%,20009,20506,2338
2019/06/25,20559,20648,20292,20337,▼134,－0.65%,19991,20559,1382
2019/06/24,20114,20604,20114,20470,▲356,＋1.77%,19971,20635,1034
2019/06/21,20470,20470,20114,20114,▼356,－1.74%,19947,20675,3778
2019/06/20,20915,20915,20337,20470,▼134,－0.65%,19934,20728,1444
2019/06/19,20648,20648,20381,20604,▼45,－0.22%,19917,20750,636
2019/06/18,20470,20826,20292,20648,▲178,＋0.87%,19900,20755,724
2019/06/17,20648,20693,20470,20470,▼223,－1.08%,19887,20728,964
2019/06/14,20604,20915,20515,20693,▼178,－0.85%,19877,20728,1308
2019/06/13,20915,21227,20604,20871,▼45,－0.21%,N/A,20693,2035
2019/06/12,20915,21093,20693,20915,▼178,－0.84%,N/A,20626,2271
2019/06/11,20915,21182,20871,21093,▲223,＋1.07%,N/A,20572,1505
2019/06/10,20515,20915,20515,20871,▲223,＋1.08%,N/A,20492,2556
2019/06/07,20693,20693,20381,20648,▼45,－0.22%,N/A,20448,3507
2019/06/05,21227,21227,20470,20693,▲45,＋0.22%,N/A,20439,2581
2019/06/04,20381,20693,20337,20648,▲267,＋1.31%,N/A,20412,1821
2019/06/03,20292,20515,20292,20381,▼89,－0.43%,N/A,20408,1571
2019/05/31,20337,20737,20337,20470,▲134,＋0.66%,N/A,20412,1002
2019/05/30,20203,20470,20159,20337,▲134,＋0.66%,N/A,20461,2087
2019/05/29,20292,20515,20203,20203,▼178,－0.87%,N/A,20501,3379
2019/05/28,20070,20693,20070,20381,▲89,＋0.44%,N/A,20604,5691
2019/05/27,20426,20648,20292,20292,▼134,－0.65%,N/A,20670,2983
2019/05/24,20559,20559,19981,20426,▼134,－0.65%,N/A,20728,5327
2019/05/23,20203,20604,20203,20559,▲134,＋0.65%,N/A,20710,8442
2019/05/22,20737,20737,20337,20426,▼178,－0.86%,N/A,20701,2800
2019/05/21,20426,20648,20159,20604,▲178,＋0.87%,N/A,20790,931
2019/05/20,21004,21138,20203,20426,▼534,－2.55%,N/A,20866,6898
2019/05/17,20871,21138,20470,20960,▲223,＋1.07%,N/A,20995,3622
2019/05/16,21227,21360,20470,20737,▼490,－2.31%,N/A,21053,5896
2019/05/15,21316,21360,20648,21227,▲178,＋0.85%,N/A,21097,5424
2019/05/14,20470,21271,20114,21049,▲178,＋0.85%,N/A,21138,2954
2019/05/13,20337,20960,20248,20871,▲623,＋3.08%,N/A,21244,8595
2019/05/10,20292,20737,20159,20248,▼223,－1.09%,N/A,21307,8114
2019/05/09,21182,21271,20470,20470,▼846,－3.97%,N/A,21507,10198
2019/05/08,21271,21583,21093,21316,▼45,－0.21%,N/A,21712,4418
2019/05/07,21716,21716,21227,21360,▼356,－1.64%,N/A,22028,5881
2019/05/03,21538,22517,21405,21716,▲178,＋0.83%,N/A,21961,12978
2019/05/02,21093,21627,20693,21538,▲356,＋1.68%,N/A,21867,21323
2019/04/30,21716,21805,21093,21182,▼445,－2.06%,N/A,21801,12619
2019/04/29,21761,22517,21538,21627,▼490,－2.21%,N/A,21743,16140
2019/04/26,21405,22250,21227,22117,▲623,＋2.90%,N/A,21636,21812
2019/04/25,21939,22072,21138,21494,▼757,－3.40%,N/A,21453,26714
2019/04/24,22695,22784,21494,22250,▼267,－1.19%,N/A,21329,42361
2019/04/23,24698,30305,22295,22517,▼1958,－8.00%,N/A,21124,327680
2019/04/22,20737,24475,20470,24475,▲3783,＋18.28%,N/A,20915,62389
2019/04/19,20737,20915,20248,20693,▼89,－0.43%,N/A,20510,9289
2019/04/18,21004,21271,20292,20782,▼89,－0.43%,N/A,20479,3721
2019/04/17,20782,21316,20559,20871,▲267,＋1.30%,N/A,20421,2599
2019/04/16,20559,20693,20070,20604,▲45,＋0.22%,N/A,20363,4147
2019/04/15,20203,20782,19936,20559,▲267,＋1.32%,N/A,20328,8286
2019/04/12,20381,20426,19847,20292,▲45,＋0.22%,N/A,20274,3444
2019/04/11,20203,20515,20070,20248,▲45,＋0.22%,N/A,20234,2739
2019/04/10,20426,20470,19892,20203,▼223,－1.09%,N/A,20207,1512
2019/04/09,20426,20737,20114,20426,0.0,0.00%,N/A,20194,1682
2019/04/08,20381,20915,20159,20426,▲45,＋0.22%,N/A,20132,1911
2019/04/05,20248,20604,19981,20381,▲178,＋0.88%,N/A,20065,1781
2019/04/04,19936,20381,19936,20203,▼89,－0.44%,N/A,20021,2034
2019/04/03,20025,20470,20025,20292,▲45,＋0.22%,N/A,19994,2266
2019/04/02,20025,20337,20025,20248,▲223,＋1.11%,N/A,19954,1715
2019/04/01,20381,20381,19580,20025,▲134,＋0.67%,N/A,20012,1644
2019/03/29,19402,20070,19180,19892,▼89,－0.45%,N/A,20043,3044
2019/03/28,20114,20337,19847,19981,▼89,－0.44%,N/A,20074,525
2019/03/27,20159,20159,19758,20070,▲267,＋1.35%,N/A,20070,1651
2019/03/26,20025,20025,19580,19803,▲45,＋0.23%,N/A,20029,1803
2019/03/25,19803,19892,19402,19758,▼178,－0.89%,N/A,19989,2444
2019/03/22,19936,20203,19803,19936,0.0,0.00%,N/A,19963,3859
2019/03/21,19803,20070,19580,19936,▲45,＋0.22%,N/A,19887,2294
2019/03/20,20826,20915,19714,19892,▼935,－4.49%,N/A,19856,13076
2019/03/19,20470,22473,20070,20826,▲490,＋2.41%,N/A,19869,26021
2019/03/18,20292,20381,19981,20337,▲134,＋0.66%,N/A,19758,2833
2019/03/15,19892,20203,19580,20203,▲267,＋1.34%,N/A,19611,3439
2019/03/14,19625,19981,19447,19936,▲267,＋1.36%,N/A,19469,3270
2019/03/13,19580,19714,19269,19669,▲267,＋1.38%,N/A,19415,792
2019/03/12,19669,19669,19358,19402,▼89,－0.46%,N/A,19389,359
2019/03/11,19180,19491,18957,19491,▲312,＋1.62%,N/A,19424,314
2019/03/08,19625,19625,19091,19180,▼445,－2.27%,N/A,19451,755
2019/03/07,19892,20159,19580,19625,▼401,－2.00%,N/A,19527,1212
2019/03/06,19892,20070,19580,20025,▲312,＋1.58%,N/A,19567,1705
2019/03/05,19046,20292,19046,19714,▲846,＋4.48%,N/A,19571,4365
2019/03/04,18779,19224,18779,18868,▲89,＋0.47%,N/A,19598,2267
2019/02/28,19580,19803,18779,18779,▼623,－3.21%,N/A,19682,2291
2019/02/27,19224,19536,19091,19402,0.0,0.00%,N/A,19754,2333
2019/02/26,19803,19803,19091,19402,▼356,－1.80%,N/A,19767,2754
2019/02/25,19758,19847,19536,19758,0.0,0.00%,N/A,19776,123
2019/02/22,19847,20114,19580,19758,▼178,－0.89%,N/A,19714,495
2019/02/21,20114,20114,19580,19936,▼89,－0.44%,N/A,19638,970
2019/02/20,20070,20292,19847,20025,▼45,－0.22%,N/A,19549,936
2019/02/19,20159,20292,19758,20070,▲89,＋0.45%,N/A,19460,803
2019/02/18,19758,20292,19758,19981,▲267,＋1.35%,N/A,19349,1721
2019/02/15,19491,20025,19358,19714,▲223,＋1.14%,N/A,19335,2182
2019/02/14,19536,19536,19269,19491,▼45,－0.23%,N/A,19353,510
2019/02/13,19447,19669,19046,19536,▲45,＋0.23%,N/A,19286,2084
2019/02/12,19224,19580,19002,19491,▲356,＋1.86%,N/A,19202,1976
2019/02/11,19002,19313,18957,19135,▲134,＋0.70%,N/A,19144,1897
2019/02/08,18957,19002,18779,19002,▼45,－0.23%,N/A,19104,1310
2019/02/07,19269,19536,18868,19046,▼89,－0.47%,N/A,19068,781
2019/02/01,18957,19135,18824,19135,▲178,＋0.94%,N/A,18993,1431
2019/01/31,19847,20337,18646,18957,▼890,－4.48%,N/A,18953,10729
2019/01/30,20070,20114,19447,19847,▼45,－0.22%,N/A,18917,6911
2019/01/29,18868,19936,18646,19892,▲1068,＋5.67%,N/A,18766,6727
2019/01/28,18690,18957,18601,18824,▲134,＋0.71%,N/A,18601,362
2019/01/25,19046,19046,18690,18690,▼223,－1.18%,N/A,18499,534
2019/01/24,18957,18957,18601,18913,▲178,＋0.95%,N/A,18441,896
2019/01/23,18646,18913,18601,18735,▲89,＋0.48%,N/A,18374,1923
2019/01/22,18334,18690,18156,18646,▲356,＋1.95%,N/A,18330,430
2019/01/21,18735,19269,18290,18290,▼445,－2.38%,N/A,18285,269
2019/01/18,18468,18913,18245,18735,▲134,＋0.72%,N/A,18258,590
2019/01/17,18334,18646,18112,18601,▲267,＋1.46%,N/A,18165,414
2019/01/16,18423,18557,18156,18334,▲89,＋0.49%,N/A,18071,532
2019/01/15,17800,18245,17800,18245,▲445,＋2.50%,N/A,18045,964
2019/01/14,18112,18112,17756,17800,▼312,－1.72%,N/A,18031,907
2019/01/11,18245,18245,18023,18112,▼134,－0.73%,N/A,18071,177
2019/01/10,18379,18379,17889,18245,▼45,－0.24%,N/A,18058,320
2019/01/09,18334,18334,17978,18290,▲89,＋0.49%,N/A,17996,94
2019/01/08,18023,18201,17800,18201,▲178,＋0.99%,N/A,18018,255
2019/01/07,17978,18334,17845,18023,▲223,＋1.25%,N/A,18049,256
2019/01/04,17800,18112,17489,17800,▲134,＋0.76%,N/A,18103,576
2019/01/03,18067,18067,17444,17667,▼401,－2.22%,N/A,18227,1488
2019/01/02,18112,18245,17622,18067,▼45,－0.25%,N/A,18392,1100
2018/12/28,18379,18379,17845,18112,▼89,－0.49%,N/A,N/A,694
2018/12/27,18156,18423,17845,18201,▲223,＋1.24%,N/A,N/A,357
2018/12/26,17222,18112,17222,17978,▲356,＋2.02%,N/A,N/A,838
2018/12/24,18512,18512,17622,17622,▼890,－4.81%,N/A,N/A,1546
2018/12/21,18468,18512,18245,18512,0.0,0.00%,N/A,N/A,719
2018/12/20,18334,18557,18067,18512,▼45,－0.24%,N/A,N/A,446
2018/12/19,18868,19002,18423,18557,▼490,－2.57%,N/A,N/A,1522
2018/12/18,19224,19803,18735,19046,▼267,－1.38%,N/A,N/A,3590
2018/12/17,18557,19313,18423,19313,0.0,0.00%,N/A,N/A,7352
