[일시]유니온,시가,고가,저가,종가,대비,대비율,<가격이동평균>120,10,[거래량]
2020-12-24,5680,5940,5680,5840,▲110,1.92%,7445,6100,210418
2020-12-23,5950,6070,5720,5730,▼220,-3.70%,7440,6151,277234
2020-12-22,6210,6210,5640,5950,▼240,-3.88%,7436,6219,395147
2020-12-21,6190,6280,6120,6190,0,0.00%,7432,6277,217874
2020-12-18,6290,6320,6160,6190,▼110,-1.75%,7425,6298,223683
2020-12-17,6230,6330,6100,6300,▲180,2.94%,7415,6330,566761
2020-12-16,6130,6170,6060,6120,▼10,-0.16%,7404,6339,182375
2020-12-15,6130,6160,6020,6130,▼30,-0.49%,7393,6381,256124
2020-12-14,6320,6330,6130,6160,▼230,-3.60%,7385,6416,386132
2020-12-11,6360,6410,6330,6390,▲40,0.63%,7377,6464,247057
2020-12-10,6350,6450,6320,6350,▼60,-0.94%,7368,6461,285682
2020-12-09,6560,6570,6400,6410,▼120,-1.84%,7361,6444,442620
2020-12-08,6450,6630,6370,6530,▲130,2.03%,7353,6422,702354
2020-12-07,6510,6520,6370,6400,▼110,-1.69%,7343,6396,295818
2020-12-04,6490,6630,6330,6510,▲120,1.88%,7331,6382,833621
2020-12-03,6690,6690,6360,6390,▼150,-2.29%,7323,6366,424037
2020-12-02,6540,6600,6460,6540,▲60,0.93%,7316,6350,400593
2020-12-01,6690,6830,6420,6480,▼160,-2.41%,7309,6313,2032951
2020-11-30,6380,6640,6340,6640,▲280,4.40%,7304,6271,1550856
2020-11-27,6230,6510,6230,6360,▲180,2.91%,7298,6237,633903
2020-11-26,6180,6250,6110,6180,▼10,-0.16%,7294,6243,243638
2020-11-25,6330,6340,6090,6190,▼80,-1.28%,7290,6265,330217
2020-11-24,6280,6400,6250,6270,▲10,0.16%,7288,6284,433895
2020-11-23,6350,6370,6220,6260,▼90,-1.42%,7288,6299,282445
2020-11-20,6210,6400,6210,6350,▲120,1.93%,7288,6312,500625
2020-11-19,6120,6310,6120,6230,▲60,0.97%,7289,6317,374795
2020-11-18,6090,6250,6040,6170,▲110,1.82%,7292,6353,559502
2020-11-17,6260,6300,6020,6060,▼240,-3.81%,7299,6539,516473
2020-11-16,6380,6410,6300,6300,▼120,-1.87%,7306,6602,513390
2020-11-13,6510,6520,6350,6420,▲20,0.31%,7312,6631,1090902
2020-11-12,6410,6550,6350,6400,▲20,0.31%,7322,6638,987622
2020-11-11,6440,6560,6280,6380,▼40,-0.62%,7322,6688,1486622
2020-11-10,6440,6470,6340,6420,▲30,0.47%,7321,6741,645004
2020-11-09,6330,6470,6270,6390,▼10,-0.16%,7323,6782,1088349
2020-11-06,6590,6840,6400,6400,▼190,-2.88%,7323,6823,3776010
2020-11-05,6610,6870,6180,6590,▼1440,-17.93%,7317,6915,5454140
2020-11-04,6710,8520,6600,8030,▲1340,20.03%,7305,6983,17806809
2020-11-03,6700,6780,6570,6690,▲100,1.52%,7277,6916,299761
2020-11-02,6410,6730,6410,6590,▲100,1.54%,7263,6969,300299
2020-10-30,6840,6840,6470,6490,▼410,-5.94%,7244,7047,315049
2020-10-29,6730,6900,6680,6900,▼10,-0.14%,7230,7126,208145
2020-10-28,6850,6960,6840,6910,▲80,1.17%,7213,7204,221765
2020-10-27,6700,7200,6570,6830,▲30,0.44%,7193,7312,667194
2020-10-26,7230,7340,6800,6800,▼520,-7.10%,7169,7422,288593
2020-10-23,7180,7470,7170,7320,▲50,0.69%,7137,7549,231491
2020-10-22,7340,7510,7230,7270,▼90,-1.22%,7101,7627,224874
2020-10-21,7230,7570,7150,7360,▲140,1.94%,7066,7715,373031
2020-10-20,7300,7350,7030,7220,▼150,-2.04%,7029,7797,273995
2020-10-19,8190,8200,7300,7370,▲90,1.24%,6995,7893,1682277
2020-10-16,7680,7780,7150,7280,▼400,-5.21%,6961,7929,474528
2020-10-15,7850,8120,7500,7680,▼310,-3.88%,6923,7944,374303
2020-10-14,8050,8350,7950,7990,▲60,0.76%,6883,7900,1117205
2020-10-13,8070,8100,7900,7930,▼140,-1.73%,6840,7808,247468
2020-10-12,8150,8150,7840,8070,▼30,-0.37%,6797,7770,491257
2020-10-08,8120,8270,8060,8100,▼50,-0.61%,6752,7745,324585
2020-10-07,8270,8370,8130,8150,▼30,-0.37%,6705,7769,477943
2020-10-06,8120,8740,7900,8180,0,0.00%,6658,7815,2574159
2020-10-05,7660,8420,7300,8180,▲450,5.82%,6611,7877,4250680
2020-09-29,7540,7810,7520,7730,▲300,4.04%,6564,7965,419957
2020-09-28,7280,7640,7250,7430,▲190,2.62%,6521,8132,424140
2020-09-25,7230,7590,6920,7240,▲170,2.40%,6478,8345,609442
2020-09-24,7290,7400,7000,7070,▼480,-6.36%,6437,8556,551703
2020-09-23,7780,7970,7400,7550,▼270,-3.45%,6396,8784,573866
2020-09-22,8340,8430,7720,7820,▼520,-6.24%,6352,9003,754226
2020-09-21,8700,8830,8310,8340,▼270,-3.14%,6306,9151,507771
2020-09-18,8800,8820,8520,8610,▼190,-2.16%,6254,9233,767796
2020-09-17,9060,9100,8800,8800,▼260,-2.87%,6199,9280,737738
2020-09-16,9400,9430,9050,9060,▼340,-3.62%,6142,9336,993485
2020-09-15,9550,9570,9350,9400,▼160,-1.67%,6083,9365,1209488
2020-09-14,9540,9620,9430,9560,▲210,2.25%,6019,9384,1427393
2020-09-11,9520,9700,9350,9350,0,0.00%,5954,9270,1459637
2020-09-10,9490,9620,9350,9350,▼390,-4.00%,5892,9195,1648755
2020-09-09,9530,10100,9330,9740,▲440,4.73%,5828,9093,7604018
2020-09-08,9360,9850,9100,9300,▲140,1.53%,5764,8996,4634399
2020-09-07,9130,9350,9090,9160,▲80,0.88%,5704,8977,834770
2020-09-04,8950,9590,8770,9080,▼280,-2.99%,5645,8919,1402283
2020-09-03,9410,9520,9200,9360,▲10,0.11%,5589,8955,1282012
2020-09-02,9250,9470,9030,9350,▼240,-2.50%,5532,8978,2057935
2020-09-01,8470,9920,8220,9590,▲1170,13.90%,5478,8997,13502169
2020-08-31,8570,8700,8400,8420,▼180,-2.09%,5423,8994,598256
2020-08-28,8400,8660,8320,8600,▲270,3.24%,5377,9147,1085259
2020-08-27,8820,8930,8320,8330,▼440,-5.02%,5331,9292,1148823
2020-08-26,9080,9080,8630,8770,▼340,-3.73%,5288,9452,1653430
2020-08-25,9290,9330,8860,9110,▲530,6.18%,5241,9568,2996126
2020-08-24,8960,8960,8070,8580,▼860,-9.11%,5191,9575,2490655
2020-08-21,9400,9620,9310,9440,▼150,-1.56%,5145,9672,1353634
2020-08-20,9800,10500,9150,9590,▲50,0.52%,5091,9646,6792421
2020-08-19,9820,9940,9500,9540,▼20,-0.21%,5038,9586,1937777
2020-08-18,10050,10350,9050,9560,▼390,-3.92%,4986,9532,3482942
2020-08-14,9920,10450,9720,9950,▼100,-1.00%,4934,9468,4114589
2020-08-13,9600,10550,9500,10050,▲120,1.21%,4877,9373,7128950
2020-08-12,9500,10000,9320,9930,0,0.00%,4822,9266,3303610
2020-08-11,9340,10150,9270,9930,▲750,8.17%,4768,9229,9899088
2020-08-10,9550,9550,9160,9180,▼370,-3.87%,4715,9067,1739184
2020-08-07,9340,9750,9140,9550,▲370,4.03%,4668,9059,6227763
2020-08-06,8900,9780,8750,9180,▲190,2.11%,4619,9014,9207110
2020-08-05,9000,9310,8800,8990,▼10,-0.11%,4573,8796,2438978
2020-08-04,8780,9050,8600,9000,▲80,0.90%,4528,8436,2250325
2020-08-03,9160,9180,8710,8920,▼80,-0.89%,4484,8070,1581759
2020-07-31,9080,9390,8800,9000,▲20,0.22%,4440,7722,3808723
2020-07-30,9130,9420,8560,8980,▼580,-6.07%,4396,7389,6143677
2020-07-29,8090,10150,7930,9560,▲1250,15.04%,4353,7062,45559726
2020-07-28,8680,8690,7860,8310,▼790,-8.68%,4304,6677,7396107
2020-07-27,9810,11100,8700,9100,0,0.00%,4265,6370,31466913
2020-07-24,7350,9100,7100,9100,▲2100,30.00%,4219,5975,46465145
2020-07-23,6400,7000,6200,7000,▲1610,29.87%,4172,5578,23392099
2020-07-22,5340,5420,5310,5390,▲50,0.94%,4142,5401,896309
2020-07-21,5460,5460,5260,5340,▼100,-1.84%,4126,5401,815717
2020-07-20,5600,5600,5400,5440,▼230,-4.06%,4112,5385,787770
2020-07-17,5870,6160,5630,5670,▼40,-0.70%,4097,5351,4944590
2020-07-16,5540,5710,5440,5710,0,0.00%,4081,5305,2012086
2020-07-15,5370,5750,5280,5710,▲470,8.97%,4065,5254,3621200
2020-07-14,5430,5500,5210,5240,▲90,1.75%,4049,5213,1334612
2020-07-13,5130,5220,5110,5150,▲20,0.39%,4038,5237,430900
2020-07-10,5230,5330,5050,5130,▼100,-1.91%,4028,5253,1009075
2020-07-09,5420,5440,5220,5230,▼160,-2.97%,4018,5245,831975
2020-07-08,5200,5600,5150,5390,▲210,4.05%,4007,5210,4030559
2020-07-07,5160,5240,5050,5180,▲80,1.57%,3995,5158,839818
2020-07-06,5230,5240,5050,5100,▼110,-2.11%,3984,5156,397968
2020-07-03,5150,5320,5120,5210,▲10,0.19%,3974,5160,581545
2020-07-02,5270,5300,4995,5200,▼100,-1.89%,3962,5170,526453
2020-07-01,5480,5510,5160,5300,▼180,-3.28%,3949,5204,945898
2020-06-30,5830,5870,5250,5480,▲170,3.20%,3937,5223,3228306
2020-06-29,5170,5420,5090,5310,▲260,5.15%,3924,5206,1805863
2020-06-26,4910,5240,4910,5050,▲170,3.48%,3913,5175,2483348
2020-06-25,4880,5140,4835,4880,▲15,0.31%,3905,5216,1622192
2020-06-24,5040,5080,4800,4865,▼295,-5.72%,3897,5290,1295919
2020-06-23,5190,6380,5090,5160,▲20,0.39%,3890,5373,12361845
2020-06-22,5280,5290,5080,5140,▼170,-3.20%,3880,5446,551740
2020-06-19,5540,5650,5310,5310,▼230,-4.15%,3870,5523,917589
2020-06-18,5490,5750,5250,5540,▲50,0.91%,3859,5579,2271366
2020-06-17,5190,5720,5120,5490,▲180,3.39%,3846,5593,2939049
2020-06-16,5090,5440,5090,5310,▲310,6.20%,3833,5642,944893
2020-06-15,5260,5410,4950,5000,▼460,-8.42%,3821,5742,833963
2020-06-12,5290,5490,5180,5460,▼160,-2.85%,3813,5867,820658
2020-06-11,5680,5690,5440,5620,▼80,-1.40%,3801,5963,918940
2020-06-10,5880,5890,5650,5700,▼190,-3.23%,3787,6056,651857
2020-06-09,5860,5940,5800,5890,▼20,-0.34%,3773,6192,553925
2020-06-08,5830,6030,5790,5910,▲40,0.68%,3757,6294,840055
2020-06-05,5710,5980,5540,5870,▲190,3.35%,3741,6407,1156015
2020-06-04,5980,6240,5350,5680,▼300,-5.02%,3725,6577,4306343
2020-06-03,6150,6150,5820,5980,▼330,-5.23%,3711,6649,1218045
2020-06-02,6440,6490,6280,6310,▲60,0.96%,3694,6682,1717376
2020-06-01,6160,6250,6030,6250,▼170,-2.65%,3675,6711,1661882
2020-05-29,6880,6930,6190,6420,▼130,-1.98%,3657,6733,3101869
2020-05-28,7120,7120,6500,6550,▼510,-7.22%,3637,6648,3371814
2020-05-27,6870,7330,6840,7060,▲150,2.17%,3618,6510,12770724
2020-05-26,7150,7370,6780,6910,▼130,-1.85%,3596,6274,5680418
2020-05-25,7340,7440,6960,7040,▼530,-7.00%,3574,6079,5555882
2020-05-22,6950,8090,6580,7570,▲1170,18.28%,3551,5817,51911566
2020-05-21,6490,6700,6330,6400,▲90,1.43%,3523,5530,4410241
2020-05-20,6410,6550,6230,6310,▼290,-4.39%,3506,5377,3481322
2020-05-19,6290,6920,5670,6600,▲130,2.01%,3489,5205,15360929
2020-05-18,6000,6870,5970,6470,▲900,16.16%,3471,4935,21855674
2020-05-15,5450,5900,5140,5570,▲400,7.74%,3455,4588,17296432
2020-05-14,4880,5360,4790,5170,▲475,10.12%,3446,4333,13104165
2020-05-13,4875,4960,4610,4695,▼265,-5.34%,3441,4118,5870720
2020-05-12,4455,5590,4455,4960,▲535,12.09%,3439,3947,31349524
2020-05-11,4470,4565,4410,4425,▼275,-5.85%,3434,3760,1900692
2020-05-08,4730,4900,4580,4700,▼170,-3.49%,3435,3641,2799016
2020-05-07,4915,5240,4610,4870,▲280,6.10%,3433,3451,12710752
2020-05-06,4375,4950,4205,4590,▲690,17.69%,3429,3252,18778530
2020-05-04,3285,3900,3275,3900,▲900,30.00%,3428,3076,9228608
2020-04-29,3000,3055,2950,3000,▼15,-0.50%,3432,2965,116895
2020-04-28,3025,3040,2965,3015,▼10,-0.33%,3444,2927,104996
2020-04-27,2980,3060,2950,3025,▲45,1.51%,3455,2867,82233
2020-04-24,3100,3100,2930,2980,▼110,-3.56%,3466,2818,226968
2020-04-23,3135,3150,3035,3090,▼150,-4.63%,3478,2778,506943
2020-04-22,2705,3410,2675,3240,▲445,15.92%,3488,2722,1506520
2020-04-21,2855,2960,2620,2795,▼90,-3.12%,3498,2650,267131
2020-04-20,2935,2975,2835,2885,▲55,1.94%,3510,2606,229305
2020-04-17,2785,2895,2760,2830,▲45,1.62%,3522,2541,176786
2020-04-16,2625,2870,2590,2785,▲165,6.30%,3535,2482,323240
2020-04-14,2450,2880,2445,2620,▲200,8.26%,3549,2426,770674
2020-04-13,2520,2535,2420,2420,▼115,-4.54%,3564,2395,88408
2020-04-10,2590,2650,2435,2535,▼45,-1.74%,3582,2361,101207
2020-04-09,2535,2590,2535,2580,▲55,2.18%,3600,2305,73188
2020-04-08,2540,2600,2430,2525,▲5,0.20%,3619,2245,102615
2020-04-07,2380,2660,2360,2520,▲165,7.01%,3637,2187,198975
2020-04-06,2265,2380,2240,2355,▲115,5.13%,3654,2117,146437
2020-04-03,2240,2300,2205,2240,0,0.00%,3672,2054,93794
2020-04-02,2215,2250,2135,2240,▲15,0.67%,3692,2025,75936
2020-04-01,2295,2345,2190,2225,▼85,-3.68%,3713,1968,181931
2020-03-31,2090,2315,2090,2310,▲235,11.33%,3731,1944,146611
2020-03-30,1940,2090,1865,2075,▲95,4.80%,3749,1926,113544
2020-03-27,2085,2120,1955,1980,0,0.00%,3772,1930,201649
2020-03-26,1950,2030,1900,1980,▲40,2.06%,3795,1958,137828
2020-03-25,1850,1980,1850,1940,▲120,6.59%,3817,2021,154602
2020-03-24,1740,1820,1725,1820,▲95,5.51%,3840,2113,92778
2020-03-23,1760,1795,1715,1725,▼225,-11.54%,3865,2223,115461
2020-03-20,1580,1950,1580,1950,▲280,16.77%,3890,2345,182305
2020-03-19,1965,2070,1660,1670,▼320,-16.08%,3914,2462,283220
2020-03-18,2090,2180,1985,1990,▼135,-6.35%,3942,2613,63338
2020-03-17,1830,2135,1830,2125,▲5,0.24%,3969,2727,187595
2020-03-16,2250,2345,2120,2120,▼135,-5.99%,3995,2821,120581
2020-03-13,2250,2440,2080,2255,▼360,-13.77%,4018,2914,328076
2020-03-12,2770,2840,2590,2615,▼240,-8.41%,4040,2989,253378
2020-03-11,2920,2960,2800,2855,▼70,-2.39%,4059,3045,124478
2020-03-10,2870,2935,2850,2925,▼20,-0.68%,4075,3088,113568
2020-03-09,3095,3095,2940,2945,▼175,-5.61%,4089,3128,102818
2020-03-06,3135,3165,3075,3120,▼55,-1.73%,4102,3152,47784
2020-03-05,3140,3200,3130,3175,▲40,1.28%,4114,3177,42270
2020-03-04,3050,3165,3035,3135,▲75,2.45%,4127,3205,68388
2020-03-03,3115,3150,3050,3060,▲10,0.33%,4140,3245,75580
2020-03-02,2950,3150,2855,3050,▲45,1.50%,4154,3297,172921
2020-02-28,3135,3200,2950,3005,▼170,-5.35%,4170,3358,184337
2020-02-27,3280,3285,3170,3175,▼110,-3.35%,4187,3424,101426
2020-02-26,3220,3335,3215,3285,▼45,-1.35%,4202,3470,54847
2020-02-25,3180,3330,3180,3330,▲150,4.72%,4218,3508,86762
2020-02-24,3300,3305,3170,3180,▼195,-5.78%,4232,3546,136400
2020-02-21,3395,3470,3370,3375,▼75,-2.17%,4247,3599,93792
2020-02-20,3540,3550,3420,3450,▼90,-2.54%,4263,3636,68321
2020-02-19,3595,3615,3485,3540,▼35,-0.98%,4275,3664,61643
2020-02-18,3680,3680,3575,3575,▼85,-2.32%,4284,3669,51394
2020-02-17,3700,3710,3630,3660,▼10,-0.27%,4294,3671,52205
2020-02-14,3670,3720,3600,3670,▲40,1.10%,4304,3649,72284
2020-02-13,3695,3750,3600,3630,▼35,-0.95%,4314,3623,114347
2020-02-12,3700,3700,3600,3665,▼45,-1.21%,4325,3613,43388
2020-02-11,3680,3720,3665,3710,0,0.00%,4336,3610,42712
2020-02-10,3780,3780,3680,3710,▼35,-0.93%,4353,3599,33707
2020-02-07,3740,3770,3715,3745,▲15,0.40%,4370,3606,50168
2020-02-06,3565,3735,3565,3730,▲140,3.90%,4383,3611,82682
2020-02-05,3615,3635,3550,3590,▼5,-0.14%,4391,3622,55596
2020-02-04,3415,3620,3415,3595,▲155,4.51%,4398,3650,78487
2020-02-03,3330,3440,3270,3440,▲30,0.88%,4403,3684,127916
2020-01-31,3530,3530,3410,3410,▼120,-3.40%,4413,3736,119498
2020-01-30,3655,3655,3470,3530,▼110,-3.02%,4421,3785,109728
2020-01-29,3600,3645,3580,3640,▲40,1.11%,4428,3822,45281
2020-01-28,3695,3695,3500,3600,▼180,-4.76%,4434,3847,148668
2020-01-23,3770,3820,3750,3780,▼10,-0.26%,4440,3874,47702
2020-01-22,3875,3875,3765,3790,▼50,-1.30%,4444,3876,67956
2020-01-21,3890,3900,3800,3840,▼30,-0.78%,4448,3861,62966
2020-01-20,3940,3940,3860,3870,▼70,-1.78%,4452,3868,56865
2020-01-17,3950,3955,3930,3940,▼15,-0.38%,4456,3872,36710
2020-01-16,3905,3955,3905,3955,▲50,1.28%,4461,3877,56547
2020-01-15,3935,3950,3860,3905,▲5,0.13%,4466,3885,59461
2020-01-14,3890,3950,3870,3900,▲10,0.26%,4474,3895,51376
2020-01-13,3870,3925,3825,3890,▲20,0.52%,4482,3901,50914
2020-01-10,3795,3900,3770,3870,▲75,1.98%,4491,3912,115864
2020-01-09,3675,3795,3675,3795,▲150,4.12%,4499,3917,94731
2020-01-08,3885,3890,3625,3645,▼260,-6.66%,4507,3931,246616
2020-01-07,3900,3945,3880,3905,▼10,-0.26%,4518,3966,74115
2020-01-06,3990,4020,3855,3915,▼75,-1.88%,4525,3971,151024
2020-01-03,4040,4075,3990,3990,▼45,-1.12%,4532,3973,58525
2020-01-02,4025,4050,3945,4035,▲30,0.75%,4537,3968,46615
2019-12-30,3960,4025,3950,4005,▲45,1.14%,4540,3967,47424
2019-12-27,3965,3995,3955,3960,▼40,-1.00%,4547,3967,35280
2019-12-26,3900,4000,3900,4000,▲80,2.04%,4553,3967,93879
2019-12-24,3930,3960,3905,3920,▼15,-0.38%,4560,3962,81114
2019-12-23,3985,4020,3915,3935,▼60,-1.50%,4568,3969,57569
2019-12-20,3970,4015,3950,3995,▲45,1.14%,4575,3978,61698
2019-12-19,3960,3980,3925,3950,▲10,0.25%,4582,3972,103616
2019-12-18,3900,3970,3900,3940,▲5,0.13%,4589,3971,50960
2019-12-17,4025,4035,3890,3935,▼90,-2.24%,4597,3982,183559
2019-12-16,4010,4035,3995,4025,▲15,0.37%,4606,4001,32424
2019-12-13,3955,4015,3945,4010,▲50,1.26%,4615,4005,74823
2019-12-12,3935,4000,3935,3960,▲15,0.38%,4624,4028,75230
2019-12-11,3990,4020,3935,3945,▼50,-1.25%,4634,4068,89821
2019-12-10,4010,4030,3975,3995,▼30,-0.75%,4645,4099,68077
2019-12-09,3935,4025,3935,4025,▲90,2.29%,4655,4130,52116
2019-12-06,3915,4000,3900,3935,▼5,-0.13%,4668,4157,92329
2019-12-05,4050,4060,3900,3940,▼110,-2.72%,4679,4188,157512
2019-12-04,4170,4220,4050,4050,▼70,-1.70%,4696,4228,174966
2019-12-03,4050,4130,3995,4120,▲50,1.23%,4713,4271,118845
2019-12-02,4210,4230,4050,4070,▼170,-4.01%,4728,4309,175819
2019-11-29,4355,4355,4215,4240,▼115,-2.64%,4745,4354,135596
2019-11-28,4405,4485,4255,4355,▲95,2.23%,4758,4379,215385
2019-11-27,4305,4325,4260,4260,▼45,-1.05%,4771,4390,37253
2019-11-26,4295,4320,4255,4305,▲15,0.35%,4786,4409,43590
2019-11-25,4210,4300,4185,4290,▲45,1.06%,4801,4422,119915
2019-11-22,4350,4415,4220,4245,▼95,-2.19%,4817,4443,145645
2019-11-21,4500,4500,4200,4340,▼145,-3.23%,4831,4462,148505
2019-11-20,4500,4595,4390,4485,▼10,-0.22%,4849,4469,287221
2019-11-19,4510,4525,4450,4495,▼25,-0.55%,4863,4462,69053
2019-11-18,4455,4540,4450,4520,▲30,0.67%,4877,4450,91712
2019-11-15,4470,4515,4440,4490,▲20,0.45%,4897,4439,118059
2019-11-14,4415,4495,4410,4470,▲20,0.45%,4917,4426,91169
2019-11-13,4435,4480,4400,4450,▲20,0.45%,4932,4414,89191
2019-11-12,4535,4535,4410,4430,▼70,-1.56%,4942,4407,129118
2019-11-11,4455,4540,4440,4500,▲65,1.47%,4941,4399,148658
2019-11-08,4415,4460,4395,4435,▲20,0.45%,4942,4380,134941
2019-11-07,4440,4475,4415,4415,0,0.00%,4942,4365,115453
2019-11-06,4370,4455,4370,4415,▲40,0.91%,4946,4365,113925
2019-11-05,4370,4445,4365,4375,▼30,-0.68%,4948,4363,124946
2019-11-04,4340,4410,4340,4405,▲40,0.92%,4952,4377,125934
2019-11-01,4340,4370,4295,4365,▲20,0.46%,4951,4390,110195
2019-10-31,4400,4400,4310,4345,▼35,-0.80%,4949,4421,90114
2019-10-30,4345,4410,4345,4380,▲30,0.69%,4948,4471,97764
2019-10-29,4290,4390,4285,4350,▲40,0.93%,4947,4504,89511
2019-10-28,4260,4335,4255,4310,▲20,0.47%,4946,4523,105151
2019-10-25,4415,4440,4255,4290,▼125,-2.83%,4945,4543,176114
2019-10-24,4380,4465,4365,4415,▲20,0.46%,4943,4581,111812
2019-10-23,4475,4545,4350,4395,▼115,-2.55%,4940,4611,201717
2019-10-22,4500,4595,4470,4510,▼30,-0.66%,4938,4619,284659
2019-10-21,4640,4640,4490,4540,▼130,-2.78%,4935,4614,252448
2019-10-18,4750,4770,4655,4670,▼175,-3.61%,4932,4639,321832
2019-10-17,4700,4880,4635,4845,▲135,2.87%,4927,4649,707687
2019-10-16,4540,4710,4540,4710,▲170,3.74%,4920,4628,319059
2019-10-15,4505,4620,4485,4540,▲30,0.67%,4915,4621,269262
2019-10-14,4590,4600,4485,4510,▼160,-3.43%,4911,4648,289494
2019-10-11,4605,4680,4565,4670,▼45,-0.95%,4908,4674,280240
2019-10-10,4485,4850,4485,4715,▲235,5.25%,4903,4693,792746
2019-10-08,4470,4550,4400,4480,▲20,0.45%,4899,4722,295708
2019-10-07,4705,4710,4255,4460,▼325,-6.79%,4896,4792,557181
2019-10-04,4780,4970,4730,4785,▲10,0.21%,4893,4871,576389
2019-10-02,4650,4815,4650,4775,▲145,3.13%,4887,4879,343374
2019-10-01,4605,4670,4580,4630,▼15,-0.32%,4882,4896,295608
2019-09-30,4750,4790,4630,4645,▼160,-3.33%,4878,4925,269719
2019-09-27,4770,4915,4730,4805,▲35,0.73%,4874,4932,491424
2019-09-26,4865,4955,4700,4770,▼90,-1.85%,4868,4912,402578
2019-09-25,5030,5070,4835,4860,▼150,-2.99%,4863,4886,557482
2019-09-24,5320,5370,5010,5010,▼170,-3.28%,4857,4860,1260867
2019-09-23,5170,5340,5050,5180,▼70,-1.33%,4849,4831,1568127
2019-09-20,4930,5340,4865,5250,▲390,8.02%,4840,4781,4483519
2019-09-19,4905,4930,4820,4860,▼90,-1.82%,4829,4737,723333
2019-09-18,5070,5240,4835,4950,▲30,0.61%,4822,4744,2164484
2019-09-17,4930,5080,4810,4920,▲205,4.35%,4814,4749,1862200
2019-09-16,4565,4785,4565,4715,▲115,2.50%,4806,4761,593923
2019-09-11,4525,4670,4510,4600,▲90,2.00%,4800,4810,488812
2019-09-10,4605,4675,4495,4510,▼95,-2.06%,4796,4844,435947
2019-09-09,4685,4745,4605,4605,▼110,-2.33%,4792,4900,414615
2019-09-06,4650,4760,4635,4715,▲30,0.64%,4789,4969,484292
2019-09-05,4825,4830,4635,4685,▼125,-2.60%,4784,4982,913825
2019-09-04,4940,4955,4770,4810,▼120,-2.43%,4779,4977,870110
2019-09-03,5050,5050,4890,4930,▼65,-1.30%,4773,4975,696467
2019-09-02,5150,5160,4970,4995,▼45,-0.89%,4766,4964,983862
2019-08-30,4930,5040,4850,5040,▼170,-3.26%,4759,4946,1692481
2019-08-29,5020,5300,4935,5210,▲275,5.57%,4751,4943,4533644
2019-08-28,5010,5060,4810,4935,▼135,-2.66%,4741,4920,1479152
2019-08-27,5040,5100,4895,5070,▼230,-4.34%,4734,4999,2723113
2019-08-26,5600,5660,5110,5300,▲455,9.39%,4728,5072,7078365
2019-08-23,4660,4890,4530,4845,▲215,4.64%,4719,5075,1387087
2019-08-22,4750,4850,4610,4630,▼165,-3.44%,4713,5057,949102
2019-08-21,4825,4860,4755,4795,▼20,-0.42%,4710,5034,848769
2019-08-20,4775,4855,4665,4815,▼5,-0.10%,4710,4975,1492781
2019-08-19,4995,4995,4770,4820,▼190,-3.79%,4709,4958,1135563
2019-08-16,4885,5170,4830,5010,▲30,0.60%,4708,4916,2042104
2019-08-14,5200,5220,4950,4980,▼740,-12.94%,4705,4846,3531710
2019-08-13,5900,5940,5530,5720,▼80,-1.38%,4702,4790,3757353
2019-08-12,5980,6300,5520,5800,▲470,8.82%,4694,4652,13571602
2019-08-09,5970,5980,5170,5330,▲660,14.13%,4685,4487,11659896
2019-08-08,5060,5440,4495,4670,▲275,6.26%,4682,4381,7130643
2019-08-07,4210,4490,4170,4395,▲185,4.39%,4683,4347,1451443
2019-08-06,4705,4905,4150,4210,▼435,-9.36%,4690,4345,1752725
2019-08-05,4425,5050,4425,4645,▲245,5.57%,4701,4375,3418560
2019-08-02,4355,4600,4340,4400,▲90,2.09%,4707,4374,556512
2019-08-01,4420,4500,4185,4310,▼110,-2.49%,4713,4413,163153
2019-07-31,4335,4500,4285,4420,▲85,1.96%,4721,4478,169292
2019-07-30,4020,4430,4020,4335,▲180,4.33%,4728,4524,338321
2019-07-29,4215,4600,4150,4155,▼110,-2.58%,4735,4575,700525
2019-07-26,4235,4415,4235,4265,▼65,-1.50%,4742,4640,257853
2019-07-25,4285,4440,4250,4330,▼45,-1.03%,4749,4707,311478
2019-07-24,4465,4595,4345,4375,▼140,-3.10%,4755,4751,228710
2019-07-23,4570,4675,4455,4515,▼115,-2.48%,4763,4790,274506
2019-07-22,4800,4805,4585,4630,▼165,-3.44%,4768,4794,210567
2019-07-19,5110,5240,4775,4795,▼165,-3.33%,4772,4776,1324448
2019-07-18,4880,4960,4765,4960,▲80,1.64%,4774,4772,643764
2019-07-17,4850,4970,4785,4880,▲40,0.83%,4775,4744,437258
2019-07-16,4855,4975,4785,4840,▲30,0.62%,4779,4744,425820
2019-07-15,4985,5020,4690,4810,▼125,-2.53%,4783,4749,362513
2019-07-12,4840,4995,4755,4935,▲170,3.57%,4786,4746,341546
2019-07-11,4745,4930,4740,4765,▼5,-0.10%,4790,4733,215270
2019-07-10,4460,4850,4460,4770,▲215,4.72%,4795,4736,481260
2019-07-09,4400,4785,4400,4555,▲105,2.36%,4798,4747,544149
2019-07-08,4705,4745,4450,4450,▼300,-6.32%,4792,4796,241027
2019-07-05,4670,4925,4670,4750,▲65,1.39%,4787,4864,483547
2019-07-04,4865,4950,4660,4685,▼195,-4.00%,4780,4896,413516
2019-07-03,4855,5300,4820,4880,▼5,-0.10%,4772,4946,2966682
2019-07-02,4750,4920,4750,4885,▲100,2.09%,4763,4975,336016
2019-07-01,4620,4875,4615,4785,▼15,-0.31%,4752,5012,528736
2019-06-28,4750,5250,4750,4800,0,0.00%,4744,5090,1458886
2019-06-27,4815,4955,4755,4800,▼80,-1.64%,4735,5141,363818
2019-06-26,4970,5020,4850,4880,▼160,-3.17%,4727,5255,356676
2019-06-25,5080,5150,4965,5040,▼90,-1.75%,4718,5371,323016
2019-06-24,4990,5190,4990,5130,▲60,1.18%,4709,5461,299409
2019-06-21,5100,5210,5040,5070,▼120,-2.31%,4698,5557,322216
2019-06-20,5210,5260,5080,5190,▲20,0.39%,4688,5640,339275
2019-06-19,5060,5310,4955,5170,▼80,-1.52%,4676,5708,942168
2019-06-18,5580,5590,5250,5250,▼320,-5.75%,4665,5799,930242
2019-06-17,5300,5570,5130,5570,▲260,4.90%,4653,5880,1791240
2019-06-14,5940,5960,5250,5310,▼630,-10.61%,4638,5941,1942765
2019-06-13,6030,6090,5880,5940,▼100,-1.66%,N/A,6002,1108942
2019-06-12,5990,6220,5910,6040,▲100,1.68%,N/A,6063,4943633
2019-06-11,6060,6070,5880,5940,▼150,-2.46%,N/A,6079,1065119
2019-06-10,5900,6240,5790,6090,▲190,3.22%,N/A,6102,3055455
2019-06-07,6110,6170,5850,5900,▲30,0.51%,N/A,6177,1988402
2019-06-05,6140,6340,5850,5870,▼210,-3.45%,N/A,6287,3609314
2019-06-04,5990,6580,5900,6080,▲20,0.33%,N/A,6320,5572718
2019-06-03,6350,6440,6030,6060,▼120,-1.94%,N/A,6279,5117271
2019-05-31,5920,6470,5680,6180,▲260,4.39%,N/A,6110,8229724
2019-05-30,6600,7490,5870,5920,▼630,-9.62%,N/A,5947,15130155
2019-05-29,7100,7350,6550,6550,▲350,5.65%,N/A,5803,17350074
2019-05-28,6120,6450,5920,6200,▲30,0.49%,N/A,5633,4231784
2019-05-27,6630,6840,6170,6170,▼670,-9.80%,N/A,5485,3349925
2019-05-24,6730,7550,6510,6840,▼160,-2.29%,N/A,5349,10172568
2019-05-23,6800,7790,5980,7000,▲800,12.90%,N/A,5089,26946214
2019-05-22,6320,6770,5950,6200,▲530,9.35%,N/A,4799,14186556
2019-05-21,5500,5670,5360,5670,▲1305,29.90%,N/A,4603,5721902
2019-05-20,4485,4540,4350,4365,▼185,-4.07%,N/A,4465,459668
2019-05-17,4760,4795,4510,4550,▲65,1.45%,N/A,4452,674345
2019-05-16,4780,5190,4475,4485,▼360,-7.43%,N/A,4419,2213640
2019-05-15,4685,4845,4620,4845,▲125,2.65%,N/A,4374,1205351
2019-05-14,4875,4965,4565,4720,▼90,-1.87%,N/A,4300,1609513
2019-05-13,4245,5300,4240,4810,▲565,13.31%,N/A,4243,6033891
2019-05-10,4100,4390,4085,4245,▲145,3.54%,N/A,4171,662970
2019-05-09,4235,4330,4080,4100,▼135,-3.19%,N/A,4166,192929
2019-05-08,4225,4470,4190,4235,▼55,-1.28%,N/A,4162,332425
2019-05-07,4150,4300,4100,4290,▲50,1.18%,N/A,4144,128084
2019-05-03,4180,4265,4140,4240,▲25,0.59%,N/A,4123,193775
2019-05-02,4000,4630,4000,4215,▲175,4.33%,N/A,4106,2298389
2019-04-30,4080,4115,4020,4040,▼60,-1.46%,N/A,4095,158868
2019-04-29,4110,4195,4095,4100,▼50,-1.20%,N/A,4105,71426
2019-04-26,4135,4260,4060,4150,▲55,1.34%,N/A,4108,228709
2019-04-25,4185,4220,4050,4095,▼95,-2.27%,N/A,4105,302073
2019-04-24,4665,4915,4190,4190,▲130,3.20%,N/A,4110,2343312
2019-04-23,4040,4125,4040,4060,0,0.00%,N/A,4102,88928
2019-04-22,4080,4100,4050,4060,▼15,-0.37%,N/A,4109,19113
2019-04-19,4040,4110,4030,4075,0,0.00%,N/A,4119,55249
2019-04-18,4100,4125,4050,4075,▼25,-0.61%,N/A,4127,38923
2019-04-17,4120,4150,4045,4100,▼40,-0.97%,N/A,4134,59747
2019-04-16,4135,4185,4120,4140,▲5,0.12%,N/A,4141,54444
2019-04-15,4120,4180,4100,4135,▲15,0.36%,N/A,4136,30262
2019-04-12,4105,4165,4020,4120,▼20,-0.48%,N/A,4132,57469
2019-04-11,4115,4145,4060,4140,▲25,0.61%,N/A,4130,31446
2019-04-10,4170,4170,4065,4115,▼10,-0.24%,N/A,4108,59979
2019-04-09,4160,4180,4100,4125,▼35,-0.84%,N/A,4093,26539
2019-04-08,4160,4180,4130,4160,0,0.00%,N/A,4078,38097
2019-04-05,4180,4180,4115,4160,▲15,0.36%,N/A,4057,49230
2019-04-04,4180,4195,4075,4145,▼25,-0.60%,N/A,4046,35677
2019-04-03,4195,4240,4100,4170,▲80,1.96%,N/A,4038,100649
2019-04-02,4090,4115,4035,4090,0,0.00%,N/A,4033,40394
2019-04-01,4150,4150,4065,4090,▼10,-0.24%,N/A,4040,45853
2019-03-29,4000,4105,3890,4100,▲180,4.59%,N/A,4045,133268
2019-03-28,3945,3985,3900,3920,▼45,-1.13%,N/A,4040,38108
2019-03-27,3995,4030,3910,3965,▼15,-0.38%,N/A,4066,37178
2019-03-26,3915,4000,3915,3980,▲35,0.89%,N/A,4076,39775
2019-03-25,4040,4050,3820,3945,▼105,-2.59%,N/A,4093,115782
2019-03-22,4030,4090,4000,4050,▼20,-0.49%,N/A,4105,56786
2019-03-21,4090,4200,4060,4070,▼45,-1.09%,N/A,4102,41552
2019-03-20,4175,4175,4080,4115,▼50,-1.20%,N/A,4105,48644
2019-03-19,4125,4190,4090,4165,▲25,0.60%,N/A,4125,58214
2019-03-18,4065,4155,4045,4140,▲95,2.35%,N/A,4137,66892
2019-03-15,4205,4205,4000,4045,▼140,-3.35%,N/A,4131,178298
2019-03-14,4060,4200,4005,4185,▲125,3.08%,N/A,4153,93023
2019-03-13,4205,4205,3950,4060,▼90,-2.17%,N/A,4209,102025
2019-03-12,4050,4270,4050,4150,▲85,2.09%,N/A,4277,78513
2019-03-11,4005,4080,3950,4065,▲40,0.99%,N/A,4334,82730
2019-03-08,4005,4160,4000,4025,▼75,-1.83%,N/A,4396,120840
2019-03-07,4300,4310,3920,4100,▼210,-4.87%,N/A,4453,159555
2019-03-06,4215,4480,4215,4310,▲20,0.47%,N/A,4518,212710
2019-03-05,4075,4310,4035,4290,▲215,5.28%,N/A,4562,151041
2019-03-04,4060,4315,4060,4075,▼190,-4.45%,N/A,4622,297904
2019-02-28,4780,4800,4210,4265,▼485,-10.21%,N/A,4698,282408
2019-02-27,4780,5060,4685,4750,▲15,0.32%,N/A,4794,442625
2019-02-26,4795,4850,4675,4735,▲10,0.21%,N/A,4869,120515
2019-02-25,4690,4750,4560,4725,▲45,0.96%,N/A,4932,100979
2019-02-22,4600,4755,4595,4680,▲80,1.74%,N/A,4975,131376
2019-02-21,4745,4745,4555,4600,▼150,-3.16%,N/A,5033,245561
2019-02-20,4755,4840,4745,4750,▲5,0.11%,N/A,5097,155884
2019-02-19,4895,4935,4740,4745,▼150,-3.06%,N/A,5144,266422
2019-02-18,4830,4960,4750,4895,▲60,1.24%,N/A,5169,209592
2019-02-15,5100,5190,4750,4835,▼385,-7.38%,N/A,5193,718770
2019-02-14,5560,5620,5180,5220,▼280,-5.09%,N/A,5207,561861
2019-02-13,5340,5630,5310,5500,▲130,2.42%,N/A,5218,699005
2019-02-12,5130,5780,5110,5370,▲220,4.27%,N/A,5181,2090902
2019-02-11,5270,5430,5110,5150,▼110,-2.09%,N/A,5157,323086
2019-02-08,5210,5320,5120,5260,▲20,0.38%,N/A,5151,381023
2019-02-07,5300,5500,5220,5240,▲20,0.38%,N/A,5129,654712
2019-02-01,4955,5650,4955,5220,▲225,4.50%,N/A,5136,1488709
2019-01-31,5140,5150,4930,4995,▼145,-2.82%,N/A,5148,266190
2019-01-30,5000,5250,4895,5140,▲165,3.32%,N/A,5164,786455
2019-01-29,5260,5780,4975,4975,▼355,-6.66%,N/A,5190,3010109
2019-01-28,5170,5440,5080,5330,▲200,3.90%,N/A,5231,1305255
2019-01-25,5130,5250,5030,5130,0,0.00%,N/A,5209,782061
2019-01-24,5150,5350,5060,5130,▲40,0.79%,N/A,5090,966636
2019-01-23,4965,5250,4830,5090,▲50,0.99%,N/A,4960,995061
2019-01-22,5270,5790,4880,5040,▼270,-5.08%,N/A,4835,2668000
2019-01-21,5370,5370,5230,5310,▼30,-0.56%,N/A,4713,365837
2019-01-18,5230,5340,5170,5340,▲190,3.69%,N/A,4554,322069
2019-01-17,5300,5300,5100,5150,▼250,-4.63%,N/A,4383,656645
2019-01-16,5310,5510,5260,5400,▲10,0.19%,N/A,4244,2326281
2019-01-15,5300,5740,5110,5390,▲280,5.48%,N/A,4079,7674167
2019-01-14,4000,5110,3940,5110,▲1175,29.86%,N/A,3921,4461047
2019-01-11,3835,4040,3835,3935,▲100,2.61%,N/A,3796,235241
2019-01-10,3870,3895,3835,3835,▼5,-0.13%,N/A,3790,59350
2019-01-09,3850,3860,3810,3840,▲25,0.66%,N/A,3793,41425
2019-01-08,3700,3875,3700,3815,▲95,2.55%,N/A,3791,119578
2019-01-07,3650,3730,3630,3720,▲90,2.48%,N/A,3789,63890
2019-01-04,3750,3750,3600,3630,▼130,-3.46%,N/A,3800,74578
2019-01-03,3750,3770,3695,3760,▲10,0.27%,N/A,3814,84628
2019-01-02,3840,3855,3750,3750,▼65,-1.70%,N/A,3815,36568
2018-12-28,3810,3890,3785,3815,▼45,-1.17%,N/A,N/A,52185
2018-12-27,3865,3940,3825,3860,▼10,-0.26%,N/A,N/A,77314
2018-12-26,3830,3885,3780,3870,0,0.00%,N/A,N/A,70364
2018-12-24,3800,3895,3770,3870,▲50,1.31%,N/A,N/A,59299
2018-12-21,3735,3825,3735,3820,▲25,0.66%,N/A,N/A,29494
2018-12-20,3780,3840,3720,3795,▼35,-0.91%,N/A,N/A,55107
2018-12-19,3770,3830,3735,3830,▲65,1.73%,N/A,N/A,69837
2018-12-18,3750,3810,3710,3765,▼10,-0.26%,N/A,N/A,49168
2018-12-17,3910,3940,3770,3775,0,0.00%,N/A,N/A,101775
