[일시]종근당홀딩스,시가,고가,저가,종가,대비,대비율,<가격이동평균>120,10,[거래량]
2020/12/24,123500,126000,121000,124500,▲500,＋0.40%,114156,125150,78078
2020/12/23,133000,136000,121000,124000,▼9000,－6.77%,114102,123850,223121
2020/12/22,137000,140000,132000,133000,▼4000,－2.92%,114052,122650,183944
2020/12/21,141000,149500,134000,137000,▼500,－0.36%,113943,120550,785929
2020/12/18,123000,156000,121000,137500,▲15000,＋12.24%,113823,118950,2190040
2020/12/17,118000,123000,117500,122500,▲4500,＋3.81%,113698,116200,153442
2020/12/16,119000,121500,117500,118000,▼1000,－0.84%,113698,114800,123082
2020/12/15,124000,128000,117500,119000,▼3500,－2.86%,113752,113850,509014
2020/12/14,114500,134500,113500,122500,▲9000,＋7.93%,113810,112850,1262952
2020/12/11,111500,116500,111000,113500,▲2000,＋1.79%,113852,111700,140125
2020/12/10,111000,115000,111000,111500,▼500,－0.45%,113918,110900,83872
2020/12/09,113000,115000,110500,112000,0.0,0.00%,114043,110200,92463
2020/12/08,118500,120500,111500,112000,▼9000,－7.44%,114214,109250,181868
2020/12/07,114000,130000,111500,121000,▲11000,＋10.00%,114356,108450,1322016
2020/12/04,109000,111500,108500,110000,▲1500,＋1.38%,114339,107400,87172
2020/12/03,108500,111500,106500,108500,0.0,0.00%,114460,109450,93460
2020/12/02,112500,112500,108000,108500,▼500,－0.46%,114598,108650,82270
2020/12/01,109500,115500,106500,109000,▼2000,－1.80%,114685,108000,297273
2020/11/30,108000,117000,106000,111000,▲5500,＋5.21%,114785,107100,770645
2020/11/27,105000,105500,103500,105500,▲1000,＋0.96%,114839,106350,55982
2020/11/26,103000,106500,103000,104500,▲2000,＋1.95%,114931,106000,137591
2020/11/25,105000,108000,102000,102500,▼1500,－1.44%,115018,105550,171844
2020/11/24,110000,110500,103500,104000,▼6500,－5.88%,115127,105350,249387
2020/11/23,128500,130500,110500,110500,▼20000,－15.33%,115260,105150,857935
2020/11/20,101000,130500,99900,130500,▲30000,＋29.85%,115335,104350,1711688
2020/11/19,102000,102000,100000,100500,▼1500,－1.47%,115243,101550,10713
2020/11/18,100000,102500,99700,102000,▲2000,＋2.00%,115352,101900,17330
2020/11/17,103000,103000,100000,100000,▼3500,－3.38%,115464,101620,27174
2020/11/16,102500,104000,101500,103500,▲1500,＋1.47%,115618,101620,27229
2020/11/13,99400,103000,99400,102000,▲2000,＋2.00%,115768,101000,12664
2020/11/12,100500,101500,100000,100000,▼500,－0.50%,115910,100520,13685
2020/11/11,102000,102500,100000,100500,▼1500,－1.47%,116089,100330,18365
2020/11/10,104000,104000,100000,102000,▼500,－0.49%,116260,100150,19598
2020/11/09,103000,104000,101500,102500,0.0,0.00%,116431,99830,18338
2020/11/06,104500,104500,102000,102500,▼1500,－1.44%,116635,99520,14780
2020/11/05,100500,104000,99900,104000,▲4800,＋4.84%,116868,99570,19571
2020/11/04,101500,101500,98600,99200,▼800,－0.80%,117102,99270,13867
2020/11/03,97500,101000,97400,100000,▲2700,＋2.77%,117350,99550,20206
2020/11/02,97800,97800,95600,97300,▲100,＋0.10%,117588,99750,17948
2020/10/30,99200,99300,95500,97200,▼900,－0.92%,117777,100270,17543
2020/10/29,97600,99400,97300,98100,▼600,－0.61%,117946,101050,16804
2020/10/28,97300,99200,97300,98700,▼100,－0.10%,118095,101840,14062
2020/10/27,99000,100500,97800,98800,▼600,－0.60%,118260,102620,26557
2020/10/26,103000,104500,99400,99400,▼3600,－3.50%,118358,103490,29833
2020/10/23,103000,104000,102000,103000,▲2000,＋1.98%,118479,104200,11769
2020/10/22,101500,105000,100500,101000,▼1000,－0.98%,118571,104500,23470
2020/10/21,102500,102500,100000,102000,0.0,0.00%,118700,104950,27097
2020/10/20,102000,103500,100500,102000,▼500,－0.49%,118800,105350,12694
2020/10/19,104000,106000,102500,102500,▼2500,－2.38%,118896,105900,12643
2020/10/16,105500,106000,102500,105000,▼1000,－0.94%,118988,106300,13021
2020/10/15,107000,108000,105000,106000,▼500,－0.47%,119050,105900,10652
2020/10/14,106500,107500,106000,106500,▼1000,－0.93%,119117,105350,9693
2020/10/13,108000,108500,106500,107500,▲1000,＋0.94%,119179,104800,10297
2020/10/12,107500,107500,106500,106500,▲500,＋0.47%,119271,104650,12224
2020/10/08,106500,108000,105000,106000,▲500,＋0.47%,119354,104850,10556
2020/10/07,106000,107000,105000,105500,▼500,－0.47%,119417,105600,10540
2020/10/06,108000,109000,106000,106000,▼1500,－1.40%,119442,106650,9905
2020/10/05,108000,109500,107000,107500,▲1000,＋0.94%,119458,107750,16844
2020/09/29,102500,108500,102500,106500,▲5500,＋5.45%,119433,108600,21371
2020/09/28,101000,103000,101000,101000,▲500,＋0.50%,119446,109550,12028
2020/09/25,102000,102500,99600,100500,▼500,－0.50%,119542,111150,16123
2020/09/24,103500,104500,100500,101000,▼5000,－4.72%,119608,112750,27838
2020/09/23,108500,109000,103500,106000,▼2500,－2.30%,119721,114450,30100
2020/09/22,112500,114000,108500,108500,▼5000,－4.41%,119750,115600,24290
2020/09/21,116500,117000,113000,113500,▼2500,－2.16%,119725,116650,31045
2020/09/18,117000,117500,115500,116000,▼1000,－0.85%,119633,117200,17838
2020/09/17,117000,117500,115000,117000,▲1000,＋0.86%,119453,117600,28389
2020/09/16,118000,119500,116000,116000,0.0,0.00%,119244,118000,38510
2020/09/15,117000,118500,115500,116000,▼1000,－0.85%,119028,118450,25295
2020/09/14,116500,117500,116000,117000,▲500,＋0.43%,118798,119100,16023
2020/09/11,116500,118000,116500,116500,▼1500,－1.27%,118543,119500,17176
2020/09/10,118000,118000,116500,118000,▲500,＋0.43%,118326,119600,21399
2020/09/09,117500,118500,117000,117500,▼1500,－1.26%,118068,119700,15037
2020/09/08,119500,123500,118500,119000,0.0,0.00%,117822,120050,34692
2020/09/07,119500,120500,118500,119000,▼1000,－0.83%,117614,120400,11004
2020/09/04,117500,120000,117000,120000,▼1000,－0.83%,117406,120450,17819
2020/09/03,120000,122000,119500,121000,▲500,＋0.41%,117230,120400,25390
2020/09/02,122500,122500,119500,120500,▼2000,－1.63%,117068,120050,24364
2020/09/01,121500,122500,119500,122500,▲1500,＋1.24%,116926,119900,31235
2020/08/31,121000,124500,117500,121000,▲3500,＋2.98%,116805,119450,69552
2020/08/28,119000,120000,117000,117500,▼1500,－1.26%,116647,119600,25487
2020/08/27,121000,121500,118000,119000,▼2000,－1.65%,116547,120000,29473
2020/08/26,123000,123000,118000,121000,▼1500,－1.22%,116455,120400,26614
2020/08/25,119500,122500,118000,122500,▲3000,＋2.51%,116334,121000,24806
2020/08/24,119500,121500,117500,119500,0.0,0.00%,116209,121300,17953
2020/08/21,117500,120500,116500,119500,▲2000,＋1.70%,116130,121650,24099
2020/08/20,120500,124500,115000,117500,▼1500,－1.26%,116022,122400,55731
2020/08/19,117500,120500,117000,119000,▲1000,＋0.85%,115951,123800,40518
2020/08/18,123500,124500,117500,118000,▼4500,－3.67%,115893,125800,40065
2020/08/14,122500,124000,120500,122500,▲1000,＋0.82%,115838,126100,41281
2020/08/13,123500,124500,121500,121500,▼1500,－1.22%,115722,126200,29651
2020/08/12,125000,125000,122000,123000,▼4000,－3.15%,115634,126350,43024
2020/08/11,124000,131000,124000,127000,▲1500,＋1.20%,115534,126450,83739
2020/08/10,121500,128000,121500,125500,▲2500,＋2.03%,115430,126050,52262
2020/08/07,127000,129000,123000,123000,▼4000,－3.15%,115284,125100,79571
2020/08/06,131000,133000,127000,127000,▼4500,－3.42%,115197,124800,123714
2020/08/05,139000,152500,128500,131500,▼7500,－5.40%,115080,124200,1063879
2020/08/04,121000,149000,120500,139000,▲18000,＋14.88%,114951,122900,789710
2020/08/03,123500,124000,121000,121000,▼2500,－2.02%,114843,121150,14128
2020/07/31,123000,125500,118500,123500,▲500,＋0.41%,114897,121150,46560
2020/07/30,123000,125000,122500,123000,▼1000,－0.81%,114901,120700,14727
2020/07/29,121500,126500,120500,124000,▲1000,＋0.81%,114926,120800,45902
2020/07/28,119000,125000,117500,123000,▲7000,＋6.03%,114884,120600,78832
2020/07/27,120500,121500,115000,116000,▼4000,－3.33%,114847,120900,48828
2020/07/24,121000,122500,119000,120000,▼1000,－0.83%,114876,122000,30160
2020/07/23,118500,125500,117500,121000,▲2500,＋2.11%,114822,122650,65359
2020/07/22,121500,121500,118000,118500,▼3000,－2.47%,114751,123000,22091
2020/07/21,122500,122500,120000,121500,▲500,＋0.41%,114663,123650,27038
2020/07/20,119000,122500,118500,121000,▲2000,＋1.68%,114551,123700,16853
2020/07/17,123000,124500,118500,119000,▼5000,－4.03%,114434,123500,34017
2020/07/16,122000,124500,120500,124000,▲2000,＋1.64%,114343,123200,10998
2020/07/15,127000,127000,121000,122000,▼4000,－3.17%,114226,122600,14301
2020/07/14,126000,127500,124500,126000,▼1000,－0.79%,114105,122200,15680
2020/07/13,128500,128500,125500,127000,▲500,＋0.40%,113963,121600,15218
2020/07/10,125500,128500,124000,126500,▲2000,＋1.61%,113838,121150,28504
2020/07/09,127000,127000,123000,124500,▼500,－0.40%,113726,120750,26288
2020/07/08,122500,125000,120500,125000,▲3000,＋2.46%,113630,120550,12590
2020/07/07,120000,125000,118000,122000,▲3000,＋2.52%,113480,120500,40045
2020/07/06,117000,120000,116500,119000,▲3000,＋2.59%,113271,120900,14601
2020/07/03,118000,119000,115500,116000,▼2000,－1.69%,113088,121750,19928
2020/07/02,118500,119500,117000,118000,0.0,0.00%,112932,122300,12182
2020/07/01,120500,121500,117500,118000,▼2000,－1.67%,112731,123150,34513
2020/06/30,124000,124000,118500,120000,▼2500,－2.04%,112548,124600,30109
2020/06/29,121000,125000,121000,122500,0.0,0.00%,112347,125500,23773
2020/06/26,124000,124500,122000,122500,0.0,0.00%,112141,125150,12669
2020/06/25,123000,125500,121000,122500,▼2000,－1.61%,111962,125350,21013
2020/06/24,126500,128000,123500,124500,▼1500,－1.19%,111783,125600,33406
2020/06/23,126000,128000,122500,126000,▼1500,－1.18%,111591,125050,31792
2020/06/22,124500,128000,122500,127500,▲6000,＋4.94%,111373,124550,40624
2020/06/19,126500,127500,120500,121500,▼5000,－3.95%,111148,123550,48501
2020/06/18,142500,144000,126000,126500,▼6000,－4.53%,110978,123050,171780
2020/06/17,132500,132500,124000,132500,▲3500,＋2.71%,110749,121900,91652
2020/06/16,123000,130000,120500,129000,▲10000,＋8.40%,110469,120200,110719
2020/06/15,126000,130000,117500,119000,▼5500,－4.42%,110232,119300,117917
2020/06/12,120000,126500,118000,124500,▼500,－0.40%,110094,119350,65706
2020/06/11,120500,126000,118000,125000,▲6000,＋5.04%,109894,118850,90215
2020/06/10,121000,122500,118500,119000,▼2000,－1.65%,109676,117700,24301
2020/06/09,117500,122000,117000,121000,▲3500,＋2.98%,109534,117350,61642
2020/06/08,115500,119000,115500,117500,▲1000,＋0.86%,109372,117100,32724
2020/06/05,115000,117000,113000,116500,▲1500,＋1.30%,109230,117500,25293
2020/06/04,116500,116500,113500,115000,▼500,－0.43%,109076,117750,25443
2020/06/03,120500,122000,115000,115500,▼4500,－3.75%,108918,118400,48729
2020/06/02,119500,123500,117500,120000,▲500,＋0.42%,108729,118950,47353
2020/06/01,118000,119500,116500,119500,0.0,0.00%,108504,119200,30408
2020/05/29,113500,119500,112000,119500,▲6000,＋5.29%,108273,119950,56568
2020/05/28,115500,115500,110500,113500,▼2000,－1.73%,108058,121050,47259
2020/05/27,118000,120000,114000,115500,▼3000,－2.53%,107894,122900,61941
2020/05/26,120500,121500,117500,118500,▼3000,－2.47%,107722,124250,42232
2020/05/25,120000,123000,119000,121500,▲2500,＋2.10%,107521,125250,29489
2020/05/22,121500,123000,117000,119000,▼2500,－2.06%,107312,125100,26685
2020/05/21,121500,123500,119500,121500,▲500,＋0.41%,107133,124950,25244
2020/05/20,123000,124000,120000,121000,▼1500,－1.22%,106910,124400,38996
2020/05/19,127500,128500,120500,122500,▼4500,－3.54%,106704,124150,59573
2020/05/18,133500,134000,126500,127000,▼3500,－2.68%,106473,122950,63492
2020/05/15,134500,136000,128000,130500,▼1500,－1.14%,106225,121650,43748
2020/05/14,128500,135000,125000,132000,▲3000,＋2.33%,105943,120000,48885
2020/05/13,126000,130500,125000,129000,▲500,＋0.39%,105627,118450,38124
2020/05/12,120500,129500,118000,128500,▲8500,＋7.08%,105284,116950,71662
2020/05/11,117500,121500,116000,120000,▲2500,＋2.13%,104955,115450,31228
2020/05/08,116500,119000,115000,117500,▲1500,＋1.29%,104695,114800,30697
2020/05/07,118500,118500,114000,116000,▼2500,－2.11%,104456,114300,36424
2020/05/06,112500,120500,112500,118500,▲8000,＋7.24%,104248,114100,75859
2020/05/04,111000,114500,109500,110500,▼3500,－3.07%,104012,113650,51188
2020/04/29,114000,116500,112000,114000,0.0,0.00%,103863,114450,53800
2020/04/28,117000,117000,113500,114000,▼2500,－2.15%,103678,114700,24587
2020/04/27,115500,117500,115000,116500,▲2500,＋2.19%,103490,114650,20169
2020/04/24,113500,117000,112500,114000,▲500,＋0.44%,103298,113850,27829
2020/04/23,113000,114000,111000,113500,0.0,0.00%,103105,113250,17847
2020/04/22,111000,114000,109000,113500,▲1000,＋0.89%,102891,112350,25954
2020/04/21,113500,114500,107500,112500,▼1500,－1.32%,102685,111800,18883
2020/04/20,114500,116000,112500,114000,0.0,0.00%,102494,111800,19736
2020/04/17,118000,119000,113000,114000,▼4500,－3.80%,102313,111250,40352
2020/04/16,115000,120500,112500,118500,▲2000,＋1.72%,102168,111300,29029
2020/04/14,118000,120000,115000,116500,▲3000,＋2.64%,101965,110400,48746
2020/04/13,108500,114000,108000,113500,▲5000,＋4.61%,101761,109300,33024
2020/04/10,108000,111500,105500,108500,▲500,＋0.46%,101568,108200,22563
2020/04/09,105500,108500,104500,108000,▲3500,＋3.35%,101403,106780,24896
2020/04/08,108500,108500,104500,104500,▼3500,－3.24%,101245,105180,30537
2020/04/07,114000,114000,106500,108000,▼4500,－4.00%,101125,103740,40060
2020/04/06,107500,113000,107000,112500,▲4000,＋3.69%,100963,101770,36603
2020/04/03,109000,111000,104000,108500,▼6000,－5.24%,100767,99160,88839
2020/04/02,112000,115000,109000,114500,▲5000,＋4.57%,100598,97360,28909
2020/04/01,107500,117500,107000,109500,▲4000,＋3.79%,100369,94610,71177
2020/03/31,104500,106000,100500,105500,▲3000,＋2.93%,100199,92460,23222
2020/03/30,92300,104500,92200,102500,▲8200,＋8.70%,100071,91320,30078
2020/03/27,94700,96500,91600,94300,▲2300,＋2.50%,99966,90470,29151
2020/03/26,91400,95900,89500,92000,▲1900,＋2.11%,99967,90930,42192
2020/03/25,90900,94900,88600,90100,▲1800,＋2.04%,99988,91880,44403
2020/03/24,87800,90900,86400,88300,▲1900,＋2.20%,99993,93220,34566
2020/03/23,87400,90700,84500,86400,▼4100,－4.53%,100031,95190,24370
2020/03/20,87600,93200,84800,90500,▲3500,＋4.02%,100078,96750,35828
2020/03/19,91300,92400,82100,87000,▼1000,－1.14%,100108,98250,40068
2020/03/18,93300,101000,88000,88000,▼6100,－6.48%,100171,100350,39424
2020/03/17,89100,96400,89100,94100,▲100,＋0.11%,100246,102200,22967
2020/03/16,100000,102000,94000,94000,▼4900,－4.95%,100271,103540,28396
2020/03/13,92600,104500,89400,98900,▼2600,－2.56%,100302,105140,64231
2020/03/12,105000,107500,99700,101500,▼2000,－1.93%,100302,105900,63175
2020/03/11,107500,108500,103500,103500,▼4500,－4.17%,100227,106650,32454
2020/03/10,101000,108000,99400,108000,▲6000,＋5.88%,100097,107500,51791
2020/03/09,103500,104500,100500,102000,▼3500,－3.32%,99919,107850,44566
2020/03/06,107500,108500,104500,105500,▼2500,－2.31%,99818,108500,55003
2020/03/05,107500,110500,106000,108000,▲1500,＋1.41%,99712,109050,66561
2020/03/04,107000,109500,105500,106500,▼1000,－0.93%,99581,109350,65518
2020/03/03,112500,112500,107000,107500,▼2500,－2.27%,99477,110150,36047
2020/03/02,106000,111000,104500,110000,▲3500,＋3.29%,99381,110200,28417
2020/02/28,108000,108000,102500,106500,▼2500,－2.29%,99202,110450,48825
2020/02/27,112000,113500,108000,109000,▼3000,－2.68%,99046,111100,48832
2020/02/26,111500,114500,109000,112000,▲500,＋0.45%,98877,111800,27823
2020/02/25,109500,112000,106000,111500,▲3000,＋2.76%,98643,113200,22413
2020/02/24,108000,113000,107500,108500,▼2500,－2.25%,98407,114800,38875
2020/02/21,110500,113500,109500,111000,0.0,0.00%,98191,116350,43358
2020/02/20,114500,116000,110000,111000,▼3500,－3.06%,97940,117850,56952
2020/02/19,108500,114500,108000,114500,▲6500,＋6.02%,97723,118650,65142
2020/02/18,112500,113000,107500,108000,▼4500,－4.00%,97493,119050,60731
2020/02/17,112500,115000,111500,112500,▼500,－0.44%,97331,120200,42040
2020/02/14,116000,117000,111500,113000,▼3000,－2.59%,97119,120300,76980
2020/02/13,119000,121000,113500,116000,▼10000,－7.94%,96874,120250,244744
2020/02/12,127500,130000,124500,126000,▼1500,－1.18%,96628,119450,31961
2020/02/11,125500,129500,122000,127500,▲3500,＋2.82%,96399,117650,44539
2020/02/10,125500,126500,122500,124000,▼2000,－1.59%,96157,115600,19111
2020/02/07,120000,126500,118500,126000,▲7000,＋5.88%,95904,114000,67007
2020/02/06,117500,120000,116500,119000,▲500,＋0.42%,95638,112400,32181
2020/02/05,120000,120000,117000,118500,▼1000,－0.84%,95442,111250,20413
2020/02/04,114000,120000,111000,119500,▲6000,＋5.29%,95230,110300,45434
2020/02/03,111500,116500,109500,113500,▲1000,＋0.89%,94998,109550,38150
2020/01/31,108000,116500,108000,112500,▲4500,＋4.17%,94822,109500,52775
2020/01/30,108000,114500,107000,108000,0.0,0.00%,94688,109550,38589
2020/01/29,108000,110000,105000,108000,▲1000,＋0.93%,94615,109450,16705
2020/01/28,102500,107500,102000,107000,▼1000,－0.93%,94582,108340,34072
2020/01/23,110000,110500,107000,108000,▼2000,－1.82%,94544,107340,14653
2020/01/22,106500,111000,106500,110000,▲2500,＋2.33%,94482,106270,16066
2020/01/21,109500,110000,106000,107500,▼1500,－1.38%,94444,104660,13060
2020/01/20,113000,113000,108000,109000,▼3000,－2.68%,94386,103510,32414
2020/01/17,112500,113500,110500,112000,▼1000,－0.88%,94348,102200,18409
2020/01/16,112000,115000,110500,113000,0.0,0.00%,94307,100780,29324
2020/01/15,107000,117000,105500,113000,▲6000,＋5.61%,94282,99580,142944
2020/01/14,96700,107000,96700,107000,▲10100,＋10.42%,94269,98380,97519
2020/01/13,96800,99400,95700,96900,▼100,－0.10%,94315,97830,20306
2020/01/10,97300,97900,95000,97000,▼300,－0.31%,94403,98130,26175
2020/01/09,95000,98500,95000,97300,▲3400,＋3.62%,94478,98480,22499
2020/01/08,96000,96000,92100,93900,▼2100,－2.19%,94572,98850,26806
2020/01/07,96000,97600,95800,96000,▲100,＋0.10%,94718,99370,18078
2020/01/06,96900,97500,95400,95900,▼1900,－1.94%,94843,99660,25561
2020/01/03,101500,101500,97700,97800,▼3200,－3.17%,94965,100120,33701
2020/01/02,100500,102000,99800,101000,0.0,0.00%,95013,100590,20763
2019/12/30,101000,103500,100000,101000,▼500,－0.49%,95038,100540,17621
2019/12/27,99900,104000,99900,101500,▲1600,＋1.60%,95088,100320,34926
2019/12/26,100500,101500,98600,99900,▼600,－0.60%,95171,100370,32616
2019/12/24,100500,103000,99300,100500,▼500,－0.50%,95222,100530,16582
2019/12/23,99800,102000,98500,101000,▲1900,＋1.92%,95276,100530,17566
2019/12/20,99100,100500,98200,99100,▲200,＋0.20%,95305,100230,9990
2019/12/19,101000,101500,98900,98900,▼1600,－1.59%,95421,99920,16662
2019/12/18,102000,102500,100000,100500,▼2000,－1.95%,95501,99320,8825
2019/12/17,100500,103500,98500,102500,▲2000,＋1.99%,95593,98570,34078
2019/12/16,98800,100500,98800,100500,▲1700,＋1.72%,95672,97500,12198
2019/12/13,102000,102500,98400,98800,▼3200,－3.14%,95763,96820,28522
2019/12/12,101500,103500,100500,102000,▲500,＋0.49%,95898,96320,28925
2019/12/11,100500,103500,98400,101500,▲1000,＋1.00%,96007,95600,44513
2019/12/10,98000,101500,96100,100500,▲2500,＋2.55%,96178,94890,50361
2019/12/09,96100,99600,94500,98000,▲2000,＋2.08%,96357,94480,48474
2019/12/06,92600,97700,92000,96000,▲3100,＋3.34%,96544,94440,37613
2019/12/05,93000,93900,91300,92900,▼100,－0.11%,96807,94310,20359
2019/12/04,91100,93500,90400,93000,▲1200,＋1.31%,97108,94650,20149
2019/12/03,93500,93800,91500,91800,▼1900,－2.03%,97378,94820,17264
2019/12/02,94600,95000,93000,93700,▼100,－0.11%,97622,95370,8543
2019/11/29,94300,95400,93500,93800,▼1000,－1.05%,97874,95670,12923
2019/11/28,94400,94900,93800,94800,▲400,＋0.42%,98168,95690,10945
2019/11/27,96700,97000,94400,94400,▼2000,－2.07%,98419,95000,14405
2019/11/26,98300,100000,94900,96400,▼1200,－1.23%,98637,94460,51915
2019/11/25,95000,97600,94400,97600,▲2900,＋3.06%,98808,93700,21676
2019/11/22,97000,97000,93600,94700,▼1600,－1.66%,98966,92820,14518
2019/11/21,95500,97000,92600,96300,▲1600,＋1.69%,99106,92450,34233
2019/11/20,97000,98200,94700,94700,▼2600,－2.67%,99233,91840,38337
2019/11/19,96500,98000,95800,97300,▲600,＋0.62%,99373,91640,32484
2019/11/18,94300,97100,94300,96700,▲2700,＋2.87%,99487,91080,51758
2019/11/15,90900,94800,90600,94000,▲6100,＋6.94%,99598,90560,103546
2019/11/14,89800,90800,87300,87900,▼1100,－1.24%,99723,90500,28308
2019/11/13,89000,89700,88500,89000,▲200,＋0.23%,99853,90800,10584
2019/11/12,88800,90000,88000,88800,0.0,0.00%,99936,90680,14284
2019/11/11,91300,91400,87900,88800,▼2200,－2.42%,100033,90680,28136
2019/11/08,90400,91800,90100,91000,▲800,＋0.89%,100089,90760,14486
2019/11/07,92700,93600,90000,90200,▼2500,－2.70%,100088,90890,23229
2019/11/06,91800,94000,90500,92700,▲1000,＋1.09%,100023,91520,18164
2019/11/05,92000,92900,91300,91700,▲200,＋0.22%,99892,91670,15141
2019/11/04,93800,94800,91300,91500,▼1900,－2.03%,99763,91700,27190
2019/11/01,91400,93600,90200,93400,▲2500,＋2.75%,99648,91580,23086
2019/10/31,88300,91600,88200,90900,▲3100,＋3.53%,99516,91110,18638
2019/10/30,89200,89600,87800,87800,▼1000,－1.13%,99415,90930,24473
2019/10/29,91000,91000,88600,88800,▼800,－0.89%,99318,91160,24249
2019/10/28,92300,93700,89600,89600,▼2700,－2.93%,99217,91130,32594
2019/10/25,96000,96000,89300,92300,▼4200,－4.35%,99111,91070,44506
2019/10/24,95700,97000,92500,96500,▲2300,＋2.44%,98978,90660,34517
2019/10/23,92100,97600,91300,94200,▲2200,＋2.39%,98814,89720,53791
2019/10/22,90100,93400,89500,92000,▲1700,＋1.88%,98670,89210,25955
2019/10/21,89000,91200,87900,90300,▲1600,＋1.80%,98551,89020,16142
2019/10/18,88200,89800,88100,88700,▼400,－0.45%,98443,88980,18441
2019/10/17,89900,90300,88300,89100,▼1000,－1.11%,98349,89550,20523
2019/10/16,88700,91500,88600,90100,▲1600,＋1.81%,98244,90100,29495
2019/10/15,89000,89300,87900,88500,▼500,－0.56%,98127,90150,17188
2019/10/14,88800,90300,88700,89000,▲800,＋0.91%,98015,90590,19672
2019/10/11,87700,89100,87300,88200,▲1100,＋1.26%,97864,90900,16301
2019/10/10,89300,89300,86500,87100,▼2000,－2.24%,97713,91480,31532
2019/10/08,90100,90300,88000,89100,▼1000,－1.11%,97571,92230,22408
2019/10/07,91200,91200,87600,90100,▲200,＋0.22%,97420,93020,29051
2019/10/04,93800,93800,89700,89900,▼4500,－4.77%,97265,93720,46602
2019/10/02,93400,95700,93200,94400,▼200,－0.21%,97113,94500,24924
2019/10/01,91100,94700,89900,94600,▲4000,＋4.42%,96923,94950,27485
2019/09/30,93100,93400,89000,90600,▼2300,－2.48%,96722,94740,37832
2019/09/27,92700,93900,92300,92900,▲800,＋0.87%,96551,94470,16484
2019/09/26,94300,95300,91600,92100,▼1900,－2.02%,96360,93850,24422
2019/09/25,94700,96500,93300,94000,▼600,－0.63%,96174,93620,23391
2019/09/24,95400,97400,93900,94600,▼2400,－2.47%,95973,93500,30283
2019/09/23,97100,97400,95000,97000,▼100,－0.10%,95766,93270,24617
2019/09/20,98000,101500,96800,97100,▼600,－0.61%,95528,92970,34468
2019/09/19,99000,102500,97600,97700,▼1200,－1.21%,95285,92860,49534
2019/09/18,95700,101000,95000,98900,▲6400,＋6.92%,95052,91940,107681
2019/09/17,88500,93200,87500,92500,▲4600,＋5.23%,94797,90830,43790
2019/09/16,86500,88000,85500,87900,▲1200,＋1.38%,94586,90450,24187
2019/09/11,89800,89800,85500,86700,▼3100,－3.45%,94435,90060,87343
2019/09/10,91500,92500,88000,89800,▼3000,－3.23%,94283,89700,40686
2019/09/09,93800,94000,90600,92800,▲500,＋0.54%,94107,88980,30852
2019/09/06,95500,96500,92200,92300,▼1700,－1.81%,93918,87790,21139
2019/09/05,96100,96400,92600,94000,▼2000,－2.08%,93739,87060,41135
2019/09/04,89500,96000,88600,96000,▲7500,＋8.47%,93537,86350,70722
2019/09/03,87300,90200,87300,88500,▲700,＋0.80%,93326,85600,26732
2019/09/02,87700,90000,86400,87800,▼900,－1.01%,93168,85460,17402
2019/08/30,84900,88700,84900,88700,▲4700,＋5.60%,93014,85040,34505
2019/08/29,83300,85500,82800,84000,▲900,＋1.08%,92852,84820,25906
2019/08/28,81600,83300,81600,83100,▲500,＋0.61%,92718,86270,12178
2019/08/27,82500,85000,81300,82600,▲1700,＋2.10%,92583,87800,33508
2019/08/26,81000,82800,80400,80900,▼4100,－4.82%,92459,88910,43131
2019/08/23,86800,86800,83300,85000,▼1900,－2.19%,92348,90220,35552
2019/08/22,89100,89300,85800,86900,▼1600,－1.81%,92194,91270,35331
2019/08/21,87100,89300,86000,88500,▲1400,＋1.61%,92031,91890,41645
2019/08/20,84300,87400,83400,87100,▲3500,＋4.19%,91850,92210,59055
2019/08/19,86700,89100,80900,83600,▼2900,－3.35%,91677,92730,85813
2019/08/16,95300,95900,82700,86500,▼12000,－12.18%,91538,94020,182798
2019/08/14,99900,100500,96400,98500,▲100,＋0.10%,91371,95290,39971
2019/08/13,94000,99100,92500,98400,▲4700,＋5.02%,91100,95840,44318
2019/08/12,94000,94900,92700,93700,▼300,－0.32%,90833,96250,17266
2019/08/09,95500,97600,92500,94000,▼1500,－1.57%,90604,96930,38920
2019/08/08,93100,96300,91900,95500,▲2400,＋2.58%,90381,98080,30737
2019/08/07,89800,94400,89800,93100,▲1400,＋1.53%,90143,98580,34791
2019/08/06,92000,96300,87900,91700,▼600,－0.65%,89910,99720,47379
2019/08/05,96300,97000,91700,92300,▼4200,－4.35%,89682,101250,36114
2019/08/02,98300,98800,95200,96500,▼2700,－2.72%,89448,103020,41337
2019/08/01,105500,105500,99100,99200,▼4800,－4.62%,89178,104520,35592
2019/07/31,102500,104000,98700,104000,▲1500,＋1.46%,88878,105850,26448
2019/07/30,99000,103500,99000,102500,▲2000,＋1.99%,88531,106200,24309
2019/07/29,103000,107000,98700,100500,▼5000,－4.74%,88197,106550,53914
2019/07/26,100500,107000,96000,105500,▲5000,＋4.98%,87892,107350,91931
2019/07/25,103000,104000,99900,100500,▼4000,－3.83%,87524,107950,36414
2019/07/24,107500,108000,101500,104500,▼2500,－2.34%,87201,109000,50848
2019/07/23,110000,110000,105000,107000,▼3000,－2.73%,86850,109600,29464
2019/07/22,111500,111500,109000,110000,▼1500,－1.35%,86477,109250,21988
2019/07/19,112500,112500,110000,111500,▼1000,－0.89%,86074,108650,29356
2019/07/18,107000,113500,106500,112500,▲5000,＋4.65%,85651,108200,58837
2019/07/17,105500,108500,104500,107500,▲1500,＋1.42%,85212,108100,20417
2019/07/16,109000,111000,106000,106000,▼2500,－2.30%,84817,107950,39742
2019/07/15,110000,112000,105500,108500,▼3000,－2.69%,84438,108050,56635
2019/07/12,114000,114500,105000,111500,▲500,＋0.45%,84032,107650,104986
2019/07/11,112000,113000,108000,111000,▲500,＋0.45%,83605,107800,33887
2019/07/10,103500,112000,103500,110500,▲7000,＋6.76%,83193,107550,58433
2019/07/09,106000,106500,101500,103500,▼500,－0.48%,82782,107650,32527
2019/07/08,107000,107500,101500,104000,▼3000,－2.80%,82431,108500,36706
2019/07/05,111000,111000,106500,107000,▼4500,－4.04%,82064,109250,41066
2019/07/04,105000,111500,102500,111500,▲5500,＋5.19%,81669,110050,64326
2019/07/03,106000,108000,105000,106000,▼1000,－0.93%,81237,110400,30735
2019/07/02,103000,110000,103000,107000,▲2500,＋2.39%,80845,112000,59017
2019/07/01,113500,114000,100500,104500,▼8500,－7.52%,80440,113500,168241
2019/06/28,109000,114000,108000,113000,▲4500,＋4.15%,80058,115100,65618
2019/06/27,110500,111500,107500,108500,▼3000,－2.69%,79617,116550,43428
2019/06/26,112000,113000,108000,111500,▼500,－0.45%,79233,118600,33263
2019/06/25,112000,115000,110500,112000,▲500,＋0.45%,78819,120000,37854
2019/06/24,114000,114500,109500,111500,▼3500,－3.04%,78403,120900,63535
2019/06/21,116000,116000,110500,115000,0.0,0.00%,77983,122150,81362
2019/06/20,120000,121500,115000,115000,▼7000,－5.74%,77530,123550,92691
2019/06/19,124000,124000,114500,122000,0.0,0.00%,77063,124550,65331
2019/06/18,120000,124500,117500,122000,▲1500,＋1.24%,76538,124400,42746
2019/06/17,127500,127500,119000,120500,▼7000,－5.49%,76006,123900,62466
2019/06/14,130000,130000,123500,127500,▼1500,－1.16%,75497,123500,44154
2019/06/13,125500,129500,123000,129000,▲3500,＋2.79%,N/A,121900,62940
2019/06/12,120000,126000,117500,125500,▲4500,＋3.72%,N/A,120150,62805
2019/06/11,123500,125500,116000,121000,▼3000,－2.42%,N/A,118750,104250
2019/06/10,129000,133000,123000,124000,▼5000,－3.88%,N/A,117750,64731
2019/06/07,125000,137000,125000,129000,▲4000,＋3.20%,N/A,116350,114226
2019/06/05,120500,127500,119000,125000,▲4500,＋3.73%,N/A,114350,58460
2019/06/04,117000,124500,117000,120500,▲3500,＋2.99%,N/A,112200,76556
2019/06/03,117000,120000,114000,117000,▲500,＋0.43%,N/A,110050,60109
2019/05/31,111500,116500,109000,116500,▲5000,＋4.48%,N/A,108400,87782
2019/05/30,112000,112500,107000,111500,0.0,0.00%,N/A,106300,56911
2019/05/29,110000,113000,106000,111500,0.0,0.00%,N/A,104230,55952
2019/05/28,110000,114000,105500,111500,▲500,＋0.45%,N/A,101330,91893
2019/05/27,109500,116500,106000,111000,▲1000,＋0.91%,N/A,97870,75162
2019/05/24,110500,115000,107000,110000,▲1000,＋0.92%,N/A,94390,104965
2019/05/23,103500,110000,102000,109000,▲5500,＋5.31%,N/A,91170,116200
2019/05/22,100000,104500,97900,103500,▲4500,＋4.55%,N/A,88020,45055
2019/05/21,100500,102000,95400,99000,▼1500,－1.49%,N/A,85550,65342
2019/05/20,97900,102500,96100,100500,▲5000,＋5.24%,N/A,83260,138518
2019/05/17,91000,95900,89800,95500,▲4700,＋5.18%,N/A,80880,119689
2019/05/16,94500,94900,88200,90800,▲8300,＋10.06%,N/A,79020,193846
2019/05/15,77700,82700,76500,82500,▲5600,＋7.28%,N/A,77570,32941
2019/05/14,75300,77500,74700,76900,▲700,＋0.92%,N/A,77010,9378
2019/05/13,78300,78500,75700,76200,▼1600,－2.06%,N/A,77010,10918
2019/05/10,77300,78600,76500,77800,▲300,＋0.39%,N/A,77160,11520
2019/05/09,79500,79500,76000,77500,▼1300,－1.65%,N/A,77120,12273
2019/05/08,76100,79500,75300,78800,▲2700,＋3.55%,N/A,77110,13977
2019/05/07,75700,76300,75400,76100,▼600,－0.78%,N/A,76880,6344
2019/05/03,76000,77200,75500,76700,▼200,－0.26%,N/A,76870,6337
2019/05/02,76300,77700,75000,76900,▲600,＋0.79%,N/A,76710,10201
2019/04/30,76900,77500,75900,76300,▼600,－0.78%,N/A,76110,5094
2019/04/29,77900,78000,75600,76900,0.0,0.00%,N/A,75480,13367
2019/04/26,77700,77700,75300,76900,▼800,－1.03%,N/A,74800,15803
2019/04/25,77500,79300,77200,77700,▲300,＋0.39%,N/A,74210,13863
2019/04/24,77500,80000,76300,77400,0.0,0.00%,N/A,73590,46633
2019/04/23,76500,77500,76100,77400,▲900,＋1.18%,N/A,73010,14300
2019/04/22,76000,76600,75000,76500,▲500,＋0.66%,N/A,72430,11856
2019/04/19,75700,76700,75300,76000,▲900,＋1.20%,N/A,71830,11614
2019/04/18,71300,76000,71200,75100,▲4200,＋5.92%,N/A,71240,38108
2019/04/17,70100,71100,69500,70900,▲900,＋1.29%,N/A,70730,4946
2019/04/16,69900,71500,69800,70000,▼100,－0.14%,N/A,70620,4826
2019/04/15,71500,71500,69700,70100,▼900,－1.27%,N/A,70600,10412
2019/04/12,71000,71700,70700,71000,▼500,－0.70%,N/A,70570,4547
2019/04/11,71900,71900,71200,71500,▼100,－0.14%,N/A,70310,5412
2019/04/10,71300,72000,70700,71600,0.0,0.00%,N/A,69960,6066
2019/04/09,70100,71900,70100,71600,▲1100,＋1.56%,N/A,69770,13930
2019/04/08,70200,71100,69400,70500,▲400,＋0.57%,N/A,69440,8727
2019/04/05,69700,71600,69500,70100,▲100,＋0.14%,N/A,69110,6727
2019/04/04,69000,70600,68800,70000,▲200,＋0.29%,N/A,69080,5671
2019/04/03,69200,70100,68600,69800,0.0,0.00%,N/A,68920,6719
2019/04/02,69600,70100,69300,69800,0.0,0.00%,N/A,68810,4378
2019/04/01,68200,70000,68200,69800,▲1400,＋2.05%,N/A,68840,3989
2019/03/29,67900,69300,67600,68400,▲400,＋0.59%,N/A,68950,6841
2019/03/28,68900,70000,68000,68000,▼1700,－2.44%,N/A,69080,9291
2019/03/27,68900,69900,68300,69700,▲1400,＋2.05%,N/A,69350,4848
2019/03/26,68000,70300,67200,68300,▲1100,＋1.64%,N/A,69330,8711
2019/03/25,69300,69300,67100,67200,▼2600,－3.72%,N/A,69440,11042
2019/03/22,69200,70000,67100,69800,▲1400,＋2.05%,N/A,69640,10626
2019/03/21,68800,69600,68400,68400,▼300,－0.44%,N/A,69450,9791
2019/03/20,70900,70900,68000,68700,▼1400,－2.00%,N/A,69310,11381
2019/03/19,71000,71700,70000,70100,▼800,－1.13%,N/A,69210,8836
2019/03/18,69700,71000,69200,70900,▲1200,＋1.72%,N/A,68950,11093
2019/03/15,70000,70500,68700,69700,▼1000,－1.41%,N/A,68520,10368
2019/03/14,69900,70800,69500,70700,▲1200,＋1.73%,N/A,68280,8095
2019/03/13,68700,70200,68600,69500,▲100,＋0.14%,N/A,67890,8143
2019/03/12,69200,69400,68100,69400,▲200,＋0.29%,N/A,67570,6935
2019/03/11,67100,69400,66700,69200,▲1300,＋1.91%,N/A,67330,7052
2019/03/08,66900,68300,66700,67900,▲900,＋1.34%,N/A,67050,6856
2019/03/07,67700,67700,66800,67000,▼700,－1.03%,N/A,66860,4174
2019/03/06,67500,67700,66700,67700,▲200,＋0.30%,N/A,66790,3068
2019/03/05,66500,67700,65800,67500,▲900,＋1.35%,N/A,66650,6148
2019/03/04,67400,68200,66600,66600,▼700,－1.04%,N/A,66620,11387
2019/02/28,67000,68600,67000,67300,▲500,＋0.75%,N/A,66650,10990
2019/02/27,66300,67300,65800,66800,▲500,＋0.75%,N/A,66440,6792
2019/02/26,67200,67700,66100,66300,▼700,－1.04%,N/A,66190,3862
2019/02/25,66600,68700,65700,67000,▲600,＋0.90%,N/A,65990,12891
2019/02/22,65700,66700,64200,66400,▲400,＋0.61%,N/A,65690,10897
2019/02/21,66300,66600,63000,66000,▼300,－0.45%,N/A,65370,3022
2019/02/20,65800,67300,65300,66300,0.0,0.00%,N/A,65010,6062
2019/02/19,67400,67400,65900,66300,▼900,－1.34%,N/A,64620,4158
2019/02/18,66900,68000,66600,67200,▲300,＋0.45%,N/A,64380,5553
2019/02/15,64700,67200,64700,66900,▲1700,＋2.61%,N/A,63800,14443
2019/02/14,64000,65700,63900,65200,▲900,＋1.40%,N/A,63280,3843
2019/02/13,64400,64900,63900,64300,0.0,0.00%,N/A,63000,6384
2019/02/12,64100,65300,64000,64300,▲300,＋0.47%,N/A,62790,6127
2019/02/11,63600,65800,63600,64000,▲800,＋1.27%,N/A,62530,5009
2019/02/08,62900,63500,62500,63200,▲800,＋1.28%,N/A,62200,5017
2019/02/07,62200,63500,61900,62400,0.0,0.00%,N/A,61860,2245
2019/02/01,63900,64200,62000,62400,▼1500,－2.35%,N/A,61630,6459
2019/01/31,62000,64000,60900,63900,▲2500,＋4.07%,N/A,61440,9404
2019/01/30,61400,61800,61000,61400,▼300,－0.49%,N/A,61030,3095
2019/01/29,61700,62500,61200,61700,▼700,－1.12%,N/A,60920,3761
2019/01/28,62200,62600,61600,62400,▲200,＋0.32%,N/A,60900,3331
2019/01/25,62400,62700,61400,62200,▲500,＋0.81%,N/A,60780,5181
2019/01/24,61500,62000,60800,61700,▲1000,＋1.65%,N/A,60700,2961
2019/01/23,59200,62100,59200,60700,▲900,＋1.51%,N/A,60530,6412
2019/01/22,60300,60300,59800,59800,▼300,－0.50%,N/A,60420,2642
2019/01/21,60200,60700,59400,60100,▼400,－0.66%,N/A,60400,6354
2019/01/18,59800,61200,59800,60500,▲700,＋1.17%,N/A,60290,3724
2019/01/17,60000,60600,59700,59800,▼500,－0.83%,N/A,60080,4856
2019/01/16,61000,61500,59900,60300,▼1200,－1.95%,N/A,59960,3987
2019/01/15,61200,62400,61100,61500,▲300,＋0.49%,N/A,59940,3733
2019/01/14,61100,61200,60600,61200,▼200,－0.33%,N/A,60040,885
2019/01/11,60000,61600,59700,61400,▲1400,＋2.33%,N/A,60100,6910
2019/01/10,59600,60300,59500,60000,▲400,＋0.67%,N/A,60160,2792
2019/01/09,59700,60000,59500,59600,0.0,0.00%,N/A,60280,1127
2019/01/08,59100,59800,58800,59600,▲600,＋1.02%,N/A,60380,728
2019/01/07,58800,60000,58800,59000,▲600,＋1.03%,N/A,60320,3288
2019/01/04,58600,59800,57800,58400,▼200,－0.34%,N/A,60320,3773
2019/01/03,60600,60600,58600,58600,▼1500,－2.50%,N/A,60290,4058
2019/01/02,62400,62700,59800,60100,▼2400,－3.84%,N/A,60370,6272
2018/12/28,61500,62600,61300,62500,▲700,＋1.13%,N/A,N/A,2549
2018/12/27,62400,62400,61000,61800,▼200,－0.32%,N/A,N/A,3959
2018/12/26,61100,62000,60400,62000,▲800,＋1.31%,N/A,N/A,4975
2018/12/24,60500,61600,59800,61200,▲600,＋0.99%,N/A,N/A,3868
2018/12/21,58900,60600,58300,60600,▲1600,＋2.71%,N/A,N/A,6516
2018/12/20,59000,59700,58200,59000,0.0,0.00%,N/A,N/A,1957
2018/12/19,58700,59900,58100,59000,▲900,＋1.55%,N/A,N/A,3355
2018/12/18,58900,59600,58100,58100,▼1300,－2.19%,N/A,N/A,9452
2018/12/17,61300,61300,58700,59400,0.0,0.00%,N/A,N/A,10875
