[일시]파수,시가,고가,저가,종가,대비,대비율,<가격이동평균>120,10,[거래량]
2020-12-24,7820,7870,7710,7800,▼30,-0.38%,6508,7835,100049
2020-12-23,7810,7920,7750,7830,▲20,0.26%,6477,7864,127506
2020-12-22,8180,8180,7720,7810,▼170,-2.13%,6443,7890,142739
2020-12-21,7560,7980,7560,7980,▲430,5.70%,6411,7926,203923
2020-12-18,7800,7800,7450,7550,▼150,-1.95%,6377,7937,116119
2020-12-17,8100,8100,7640,7700,▼270,-3.39%,6348,7985,186974
2020-12-16,7780,8230,7690,7970,▲180,2.31%,6317,8038,338812
2020-12-15,8130,8130,7690,7790,▼170,-2.14%,6285,8075,98493
2020-12-14,8150,8210,7650,7960,0,0.00%,6256,8095,97828
2020-12-11,8100,8130,7950,7960,▼130,-1.61%,6224,8083,81682
2020-12-10,8130,8400,7960,8090,0,0.00%,6192,8056,117216
2020-12-09,8180,8300,7900,8090,▼80,-0.98%,6159,8012,97519
2020-12-08,8090,8340,8030,8170,▲80,0.99%,6125,7955,135520
2020-12-07,8150,8180,7980,8090,▲60,0.75%,6090,7876,97014
2020-12-04,8240,8450,8000,8030,▼200,-2.43%,6054,7786,163890
2020-12-03,8400,8400,7780,8230,▼110,-1.32%,6023,7697,231090
2020-12-02,7990,8350,7990,8340,▲350,4.38%,5991,7584,170693
2020-12-01,7950,8310,7850,7990,▲150,1.91%,5957,7457,271181
2020-11-30,7810,7950,7620,7840,▲150,1.95%,5926,7330,175072
2020-11-27,7770,7770,7500,7690,▲40,0.52%,5896,7256,89850
2020-11-26,7590,7970,7420,7650,▲130,1.73%,5869,7205,419028
2020-11-25,7500,7630,7290,7520,▲140,1.90%,5840,7182,145367
2020-11-24,7240,7510,7100,7380,▲190,2.64%,5814,7150,133867
2020-11-23,7190,7290,6950,7190,▲50,0.70%,5788,7118,148925
2020-11-20,7040,7200,6710,7140,▲40,0.56%,5764,7111,89910
2020-11-19,7070,7340,7000,7100,▲30,0.42%,5738,7105,148445
2020-11-18,6740,7090,6570,7070,▲350,5.21%,5714,7108,78918
2020-11-17,7100,7170,6530,6720,▼380,-5.35%,5690,7081,209406
2020-11-16,7100,7260,6810,7100,▼80,-1.11%,5670,7089,149136
2020-11-13,7430,7500,7110,7180,▼240,-3.23%,5646,7044,168080
2020-11-12,7200,7750,7200,7420,▲220,3.06%,5622,6989,359718
2020-11-11,7130,7270,6950,7200,▲140,1.98%,5597,6910,62139
2020-11-10,7120,7130,6800,7060,▼60,-0.84%,5574,6874,44040
2020-11-09,7100,7200,7040,7120,▲40,0.56%,5552,6847,42976
2020-11-06,7130,7190,6950,7080,▼50,-0.70%,5530,6806,44483
2020-11-05,6770,7240,6770,7130,▲330,4.85%,5508,6811,106791
2020-11-04,6820,6880,6710,6800,0,0.00%,5487,6781,18315
2020-11-03,6630,6940,6630,6800,▲150,2.26%,5470,6800,52239
2020-11-02,6880,6880,6580,6650,▲20,0.30%,5454,6811,31796
2020-10-30,6630,6790,6610,6630,0,0.00%,5440,6827,27275
2020-10-29,6840,6840,5520,6630,▼210,-3.07%,5423,6874,88202
2020-10-28,6790,6950,6650,6840,▲50,0.74%,5405,6947,39579
2020-10-27,6710,6980,6540,6790,▲80,1.19%,5385,6995,51490
2020-10-26,7190,7190,6670,6710,▼420,-5.89%,5365,7046,99218
2020-10-23,6930,7200,6790,7130,▲300,4.39%,5345,7132,81194
2020-10-22,7000,7070,6730,6830,▼160,-2.29%,5323,7197,116004
2020-10-21,7000,7100,6500,6990,▲80,1.16%,5305,7290,48767
2020-10-20,6800,7230,6130,6910,▲100,1.47%,5285,7343,114636
2020-10-19,7080,7150,6760,6810,▼290,-4.08%,5260,7428,115796
2020-10-16,7350,7360,7050,7100,▼260,-3.53%,5233,7537,123897
2020-10-15,7300,7380,7200,7360,▲40,0.55%,5203,7597,162964
2020-10-14,7420,7580,7240,7320,▲20,0.27%,5173,7651,160188
2020-10-13,7620,7620,7210,7300,▼270,-3.57%,5143,7602,162366
2020-10-12,7700,7770,7200,7570,▼210,-2.70%,5112,7528,149037
2020-10-08,7670,7820,7540,7780,▲20,0.26%,5079,7427,143039
2020-10-07,7420,7850,7330,7760,▲240,3.19%,5043,7298,185159
2020-10-06,8000,8790,7510,7520,▼240,-3.09%,5007,7191,780364
2020-10-05,7970,7970,7650,7760,▼140,-1.77%,4973,7095,201271
2020-09-29,7740,8030,7600,7900,▲200,2.60%,4937,6998,366682
2020-09-28,7680,8060,7510,7700,▼200,-2.53%,4900,6890,681380
2020-09-25,6900,7930,6900,7900,▲1070,15.67%,4865,6799,1627785
2020-09-24,6490,6920,6460,6830,▲270,4.12%,4827,6678,396262
2020-09-23,6660,6690,6380,6560,0,0.00%,4798,6655,87142
2020-09-22,6480,6700,6320,6560,▲70,1.08%,4771,6646,106508
2020-09-21,6780,6800,6480,6490,▼200,-2.99%,4745,6700,227062
2020-09-18,6580,6790,6560,6690,▲130,1.98%,4718,6717,113487
2020-09-17,6880,6910,6420,6560,▼230,-3.39%,4684,6735,240307
2020-09-16,6940,6940,6760,6790,▼30,-0.44%,4651,6748,158204
2020-09-15,6850,6850,6680,6820,▲30,0.44%,4615,6748,129949
2020-09-14,6750,6820,6650,6790,▲100,1.49%,4577,6745,136676
2020-09-11,6600,7150,6600,6690,▲90,1.36%,4538,6693,457469
2020-09-10,6570,6690,6500,6600,▲130,2.01%,4501,6692,224236
2020-09-09,7000,7000,6460,6470,▼630,-8.87%,4465,6762,684918
2020-09-08,6780,8650,6670,7100,▲440,6.61%,4433,6729,4289213
2020-09-07,6870,6970,6600,6660,▼210,-3.06%,4399,6492,194878
2020-09-04,6270,6970,6260,6870,▲180,2.69%,4369,6290,392067
2020-09-03,6800,6800,6490,6690,▼100,-1.47%,4338,6054,220150
2020-09-02,6810,7100,6400,6790,0,0.00%,4313,5821,400696
2020-09-01,6500,7030,6420,6790,▲520,8.29%,4288,5600,894780
2020-08-31,6620,6840,6250,6270,▼410,-6.14%,4261,5357,639413
2020-08-28,7000,7630,6310,6680,▼620,-8.49%,4239,5253,3042586
2020-08-27,6830,7850,6310,7300,▲1160,18.89%,4215,5090,7639595
2020-08-26,4765,6140,4725,6140,▲1415,29.95%,4186,4865,2576834
2020-08-25,4760,4845,4670,4725,▲85,1.83%,4167,4767,138604
2020-08-24,4600,4945,4475,4640,▲130,2.88%,4159,4819,247918
2020-08-21,4360,4595,4205,4510,▲150,3.44%,4153,4888,67812
2020-08-20,4715,4715,4300,4360,▼225,-4.91%,4146,4905,79148
2020-08-19,4400,4815,4400,4585,▲230,5.28%,4142,4957,122794
2020-08-18,5100,5100,4315,4355,▼875,-16.73%,4141,4970,345120
2020-08-14,5050,5700,5050,5230,▲180,3.56%,4138,5007,535631
2020-08-13,5000,5100,4975,5050,0,0.00%,4127,4942,39286
2020-08-12,5340,5340,4985,5050,▼110,-2.13%,4118,4905,86179
2020-08-11,5250,5310,5090,5160,▼90,-1.71%,4109,4868,91626
2020-08-10,5230,5320,5050,5250,▼80,-1.50%,4099,4818,149216
2020-08-07,4680,5400,4615,5330,▲650,13.89%,4089,4778,629164
2020-08-06,4895,4935,4675,4680,▼195,-4.00%,4079,4729,107703
2020-08-05,4705,4885,4695,4875,▲155,3.28%,4074,4739,113932
2020-08-04,4720,4835,4680,4720,0,0.00%,4067,4734,98888
2020-08-03,4750,4865,4650,4720,▲135,2.94%,4063,4750,103798
2020-07-31,4675,4740,4510,4585,▼90,-1.93%,4059,4774,50889
2020-07-30,4700,4750,4620,4675,▼5,-0.11%,4056,4817,70400
2020-07-29,4620,4755,4560,4680,▲15,0.32%,4051,4861,61098
2020-07-28,4845,4865,4570,4665,▼180,-3.72%,4047,4933,107349
2020-07-27,4845,4855,4750,4845,0,0.00%,4041,4979,63936
2020-07-24,4755,4890,4700,4845,▲65,1.36%,4031,5027,85040
2020-07-23,4820,4985,4685,4780,▼40,-0.83%,4021,5072,116459
2020-07-22,4885,4935,4800,4820,▼65,-1.33%,4012,5139,78257
2020-07-21,4900,4960,4815,4885,▼75,-1.51%,4004,5154,97540
2020-07-20,5010,5010,4760,4960,▼50,-1.00%,3997,5125,96898
2020-07-17,5000,5120,4950,5010,▼110,-2.15%,3988,5081,111313
2020-07-16,5500,5590,4955,5120,▼280,-5.19%,3979,5032,203450
2020-07-15,5120,5430,5050,5400,▲280,5.47%,3969,4928,195672
2020-07-14,5240,5330,5090,5120,▼210,-3.94%,3958,4774,148577
2020-07-13,5370,5380,5140,5330,▲40,0.76%,3950,4655,183768
2020-07-10,5600,5690,5180,5290,▼160,-2.94%,3940,4516,408841
2020-07-09,5260,5600,5170,5450,▲475,9.55%,3929,4387,906023
2020-07-08,4600,4990,4600,4975,▲380,8.27%,3919,4241,441205
2020-07-07,4500,4715,4500,4595,▲75,1.66%,3912,4157,184939
2020-07-06,4490,4580,4350,4520,▲5,0.11%,3909,4127,161537
2020-07-03,4075,4580,4075,4515,▲430,10.53%,3906,4088,524283
2020-07-02,3885,4105,3880,4085,▲230,5.97%,3902,4053,94264
2020-07-01,3930,3955,3830,3855,▼75,-1.91%,3901,4053,59202
2020-06-30,4065,4065,3840,3930,▼10,-0.25%,3901,4065,67103
2020-06-29,3975,4040,3865,3940,▼60,-1.50%,3900,4070,60798
2020-06-26,3995,4105,3905,4000,▲5,0.13%,3898,4056,42350
2020-06-25,4130,4130,3930,3995,▼140,-3.39%,3896,4082,83890
2020-06-24,4295,4295,4110,4135,▼160,-3.73%,3893,4131,80467
2020-06-23,4130,4400,4130,4295,▲165,4.00%,3889,4142,143649
2020-06-22,4170,4300,4075,4130,▼30,-0.72%,3884,4135,112179
2020-06-19,4170,4230,4040,4160,▲75,1.84%,3879,4152,107701
2020-06-18,4020,4100,3870,4085,▲105,2.64%,3874,4170,48154
2020-06-17,4010,4020,3870,3980,0,0.00%,3870,4190,41160
2020-06-16,3890,4075,3800,3980,▲180,4.74%,3868,4222,132700
2020-06-15,4250,4300,3790,3800,▼455,-10.69%,3865,4253,256082
2020-06-12,4190,4470,4180,4255,▼230,-5.13%,3865,4306,180101
2020-06-11,4200,4800,4200,4485,▲240,5.65%,3859,4287,778504
2020-06-10,4250,4250,4140,4245,▲20,0.47%,3851,4253,51018
2020-06-09,4300,4375,4180,4225,▼75,-1.74%,3845,4253,53917
2020-06-08,4385,4480,4280,4300,▼45,-1.04%,3839,4262,63629
2020-06-05,4280,4380,4250,4345,▲60,1.40%,3834,4256,93792
2020-06-04,4395,4395,4030,4285,▼15,-0.35%,3827,4246,61487
2020-06-03,4325,4410,4300,4300,▲15,0.35%,3821,4258,68954
2020-06-02,4325,4385,4255,4285,▼45,-1.04%,3815,4278,43567
2020-06-01,4070,4350,4010,4330,▲260,6.39%,3809,4290,119768
2020-05-29,4130,4160,3975,4070,▼75,-1.81%,3803,4301,44913
2020-05-28,4240,4295,4035,4145,▼95,-2.24%,3799,4339,85999
2020-05-27,4315,4350,4180,4240,▼75,-1.74%,3795,4388,53603
2020-05-26,4295,4325,4150,4315,▲75,1.77%,3790,4442,101306
2020-05-25,4200,4350,4075,4240,▼10,-0.24%,3784,4494,158481
2020-05-22,4360,4395,4180,4250,▼150,-3.41%,3778,4564,157497
2020-05-21,4610,4610,4395,4400,▼100,-2.22%,3772,4598,127237
2020-05-20,4410,4560,4390,4500,▲90,2.04%,3765,4609,107494
2020-05-19,4530,4600,4405,4410,▼30,-0.68%,3758,4609,224196
2020-05-18,4450,4710,4205,4440,▼10,-0.22%,3752,4598,331718
2020-05-15,4700,4700,4345,4450,▼180,-3.89%,3746,4593,214693
2020-05-14,4730,4780,4525,4630,▼150,-3.14%,3741,4589,158063
2020-05-13,4800,4880,4730,4780,▼55,-1.14%,3734,4594,146370
2020-05-12,4930,4930,4735,4835,▼105,-2.13%,3728,4576,287246
2020-05-11,4640,4940,4520,4940,▲345,7.51%,3720,4482,579077
2020-05-08,4505,4595,4440,4595,▲90,2.00%,3711,4344,167808
2020-05-07,4540,4700,4485,4505,▲5,0.11%,3705,4241,339551
2020-05-06,4370,4535,4300,4500,▲200,4.65%,3699,4161,262806
2020-05-04,4320,4450,4250,4300,▼95,-2.16%,3694,4082,172312
2020-04-29,4485,4600,4380,4395,▼15,-0.34%,3691,4018,265571
2020-04-28,4775,4775,4390,4410,▼270,-5.77%,3686,3930,303770
2020-04-27,4510,4885,4430,4680,▲80,1.74%,3682,3836,1016252
2020-04-24,4140,4920,4100,4600,▲710,18.25%,3676,3715,3129982
2020-04-23,3950,4180,3725,3890,▲330,9.27%,3671,3599,578987
2020-04-22,3560,3565,3400,3560,▼10,-0.28%,3671,3554,30521
2020-04-21,3600,3710,3320,3570,▼130,-3.51%,3674,3541,80485
2020-04-20,3715,3790,3670,3700,▼15,-0.40%,3678,3534,37253
2020-04-17,3720,3845,3665,3715,▲55,1.50%,3681,3507,41829
2020-04-16,3510,3740,3410,3660,▲145,4.13%,3683,3468,93486
2020-04-14,3470,3550,3470,3515,▲45,1.30%,3685,3432,46031
2020-04-13,3480,3510,3380,3470,0,0.00%,3689,3428,20792
2020-04-10,3570,3690,3220,3470,▲30,0.87%,3693,3403,90545
2020-04-09,3490,3660,3380,3440,0,0.00%,3697,3321,63670
2020-04-08,3425,3580,3385,3440,▲15,0.44%,3702,3232,42846
2020-04-07,3530,3575,3400,3425,▼75,-2.14%,3706,3130,37473
2020-04-06,3400,3700,3400,3500,▲65,1.89%,3711,3017,83223
2020-04-03,3385,3630,3300,3435,▲110,3.31%,3715,2882,43907
2020-04-02,3300,3460,3095,3325,▲25,0.76%,3719,2767,38118
2020-04-01,3560,3695,3220,3300,▼175,-5.04%,3725,2655,121329
2020-03-31,3480,3980,3250,3475,▲255,7.92%,3731,2595,369616
2020-03-30,2550,3235,2550,3220,▲570,21.51%,3735,2545,168000
2020-03-27,2800,2865,2550,2650,▲100,3.92%,3741,2522,39147
2020-03-26,2420,2560,2330,2550,▲130,5.37%,3753,2572,29792
2020-03-25,2380,2555,2330,2420,▲130,5.68%,3766,2686,41228
2020-03-24,2155,2385,2155,2290,▲135,6.26%,3779,2825,25690
2020-03-23,2115,2280,2085,2155,▼125,-5.48%,3793,2958,22943
2020-03-20,2210,2360,2100,2280,▲70,3.17%,3808,3105,44430
2020-03-19,2605,2800,2055,2210,▼490,-18.15%,3823,3249,105158
2020-03-18,2985,3110,2700,2700,▼275,-9.24%,3838,3415,34391
2020-03-17,2800,3030,2700,2975,▼15,-0.50%,3850,3533,23834
2020-03-16,3155,3340,2960,2990,▼160,-5.08%,3859,3615,33164
2020-03-13,3485,3485,2760,3150,▼540,-14.63%,3867,3706,118827
2020-03-12,4045,4045,3525,3690,▼115,-3.02%,3875,3761,234902
2020-03-11,3615,3915,3555,3805,▲185,5.11%,3877,3780,125578
2020-03-10,3625,3665,3510,3620,▼5,-0.14%,3878,3838,32563
2020-03-09,3720,3750,3600,3625,▼95,-2.55%,3881,3876,22873
2020-03-06,3900,3900,3700,3720,▼155,-4.00%,3883,3910,35659
2020-03-05,3980,3980,3860,3875,0,0.00%,3885,3931,19848
2020-03-04,3795,3960,3790,3875,▲80,2.11%,3885,3943,52927
2020-03-03,3990,4070,3795,3795,▼105,-2.69%,3887,3954,90004
2020-03-02,3845,3950,3625,3900,▲200,5.41%,3890,3971,150251
2020-02-28,3875,3875,3670,3700,▼185,-4.76%,3893,3995,61994
2020-02-27,4570,4780,3885,3885,▼495,-11.30%,3896,4035,377156
2020-02-26,4000,4380,3960,4380,▲380,9.50%,3899,4054,190347
2020-02-25,3970,4090,3950,4000,▲30,0.76%,3896,4038,36222
2020-02-24,3930,3975,3800,3970,▲40,1.02%,3897,4062,50689
2020-02-21,3985,3990,3890,3930,▼60,-1.50%,3897,4081,41295
2020-02-20,3905,4115,3905,3990,▲5,0.13%,3897,4106,39495
2020-02-19,3970,4020,3935,3985,▲15,0.38%,3898,4116,38548
2020-02-18,4100,4135,3970,3970,▼170,-4.11%,3899,4116,35166
2020-02-17,4090,4145,4030,4140,▲45,1.10%,3901,4082,21810
2020-02-14,4080,4125,4000,4095,▲15,0.37%,3900,4030,19688
2020-02-13,4170,4170,3980,4080,▼135,-3.20%,3899,3999,71901
2020-02-12,4240,4380,4140,4215,▼25,-0.59%,3897,3980,41990
2020-02-11,4065,4250,3995,4240,▲75,1.80%,3895,3953,48165
2020-02-10,4180,4180,4050,4165,▼15,-0.36%,3891,3917,27242
2020-02-07,4110,4225,4085,4180,▲90,2.20%,3888,3895,69445
2020-02-06,3995,4145,3935,4090,▲105,2.63%,3885,3878,56120
2020-02-05,3800,4020,3785,3985,▲360,9.93%,3883,3874,102544
2020-02-04,3685,3685,3585,3625,0,0.00%,3882,3884,33577
2020-02-03,3630,3780,3575,3625,▼155,-4.10%,3882,3933,30164
2020-01-31,3895,3970,3750,3780,▼115,-2.95%,3882,3979,22992
2020-01-30,3910,3985,3800,3895,▼45,-1.14%,3883,4015,5564
2020-01-29,3865,4005,3865,3940,▲55,1.42%,3884,4046,5241
2020-01-28,3850,3900,3725,3885,▼60,-1.52%,3884,4072,18006
2020-01-23,4005,4010,3920,3945,▼60,-1.50%,3885,4101,27762
2020-01-22,4055,4055,3975,4005,▼50,-1.23%,3885,4115,11486
2020-01-21,4040,4125,4020,4055,▼25,-0.61%,3887,4103,11820
2020-01-20,4120,4140,4045,4080,▼40,-0.97%,3889,4087,11205
2020-01-17,4085,4165,4040,4120,▲35,0.86%,3889,4055,13621
2020-01-16,4140,4145,4030,4085,▼55,-1.33%,3891,4017,30721
2020-01-15,4295,4295,4115,4140,▼60,-1.43%,3892,3983,28359
2020-01-14,4235,4250,4135,4200,0,0.00%,3892,3937,22959
2020-01-13,4350,4350,4120,4200,▲25,0.60%,3893,3881,93051
2020-01-10,4530,4540,4115,4175,▲85,2.08%,3895,3826,142373
2020-01-09,3880,4200,3720,4090,▲210,5.41%,3898,3768,101513
2020-01-08,3895,3970,3775,3880,▼20,-0.51%,3902,3717,42033
2020-01-07,3765,4400,3765,3900,▲140,3.72%,3907,3690,322113
2020-01-06,3675,3945,3625,3760,▲25,0.67%,3914,3667,49364
2020-01-03,3745,3760,3685,3735,▼10,-0.27%,3922,3656,8632
2020-01-02,3675,3745,3645,3745,▲65,1.77%,3928,3659,12979
2019-12-30,3625,3690,3580,3680,▲35,0.96%,3935,3636,4562
2019-12-27,3635,3695,3570,3645,0,0.00%,3945,3621,7896
2019-12-26,3575,3650,3505,3645,▲45,1.25%,3954,3613,11218
2019-12-24,3575,3610,3515,3600,▲25,0.70%,3965,3602,6762
2019-12-23,3600,3600,3510,3575,▼35,-0.97%,3977,3605,9549
2019-12-20,3670,3675,3555,3610,▼60,-1.63%,3990,3600,24859
2019-12-19,3690,3690,3640,3670,▲20,0.55%,4002,3593,8098
2019-12-18,3820,3830,3610,3650,▼120,-3.18%,4014,3587,36063
2019-12-17,3570,4285,3515,3770,▲255,7.25%,4028,3583,421912
2019-12-16,3565,3565,3480,3515,▼10,-0.28%,4042,3565,3636
2019-12-13,3570,3635,3500,3525,▼45,-1.26%,4059,3576,11668
2019-12-12,3530,3600,3495,3570,▲40,1.13%,4077,3589,3142
2019-12-11,3635,3650,3525,3530,▼105,-2.89%,4093,3591,16569
2019-12-10,3525,3900,3510,3635,▲110,3.12%,4108,3597,54205
2019-12-09,3535,3540,3420,3525,▼10,-0.28%,4122,3582,3434
2019-12-06,3610,3610,3505,3535,▼75,-2.08%,4134,3588,5047
2019-12-05,3615,3675,3580,3610,0,0.00%,4145,3589,4363
2019-12-04,3595,3630,3570,3610,▲15,0.42%,4157,3589,2689
2019-12-03,3665,3665,3555,3595,▼30,-0.83%,4166,3598,2546
2019-12-02,3585,3660,3585,3625,▼25,-0.68%,4176,3614,4738
2019-11-29,3590,3665,3570,3650,▲60,1.67%,4185,3635,8352
2019-11-28,3625,3650,3500,3590,0,0.00%,4192,3657,16101
2019-11-27,3530,3590,3455,3590,▲100,2.87%,4200,3695,6562
2019-11-26,3640,3640,3490,3490,▼95,-2.65%,4207,3724,20084
2019-11-25,3540,3590,3480,3585,▲45,1.27%,4214,3759,25668
2019-11-22,3615,3615,3535,3540,▼75,-2.07%,4222,3788,10384
2019-11-21,3695,3795,3605,3615,▼85,-2.30%,4232,3823,9750
2019-11-20,3760,3800,3655,3700,▼55,-1.46%,4244,3846,11618
2019-11-19,3835,3855,3700,3755,▼80,-2.09%,4256,3865,24487
2019-11-18,3865,3865,3800,3835,▼30,-0.78%,4265,3878,28682
2019-11-15,3955,3955,3865,3865,▼105,-2.64%,4272,3887,11926
2019-11-14,3945,4000,3825,3970,▲85,2.19%,4277,3896,12711
2019-11-13,3840,4050,3840,3885,▲45,1.17%,4283,3899,8971
2019-11-12,3875,3875,3800,3840,▼35,-0.90%,4288,3902,12424
2019-11-11,3885,3905,3820,3875,▼15,-0.39%,4293,3911,8570
2019-11-08,3845,3900,3810,3890,▲45,1.17%,4294,3921,8486
2019-11-07,3870,3870,3810,3845,▼45,-1.16%,4296,3935,20412
2019-11-06,3915,3915,3810,3890,▲10,0.26%,4299,3946,8491
2019-11-05,3940,3940,3855,3880,▼50,-1.27%,4301,3952,18813
2019-11-04,3950,4010,3880,3930,▼20,-0.51%,4303,3960,14748
2019-11-01,3960,4055,3915,3950,▼50,-1.25%,4304,3968,8437
2019-10-31,3955,4050,3915,4000,▲85,2.17%,4308,3970,8618
2019-10-30,3930,3980,3805,3915,▼15,-0.38%,4311,3967,32740
2019-10-29,3960,4040,3905,3930,▼45,-1.13%,4314,3971,8353
2019-10-28,4120,4120,3975,3975,▼60,-1.49%,4318,3977,6373
2019-10-25,3950,4050,3945,4035,▲85,2.15%,4321,3975,6655
2019-10-24,3965,4025,3910,3950,▼5,-0.13%,4323,3972,6421
2019-10-23,3960,3965,3910,3955,▼5,-0.13%,4325,3973,9431
2019-10-22,3970,3995,3955,3960,▼45,-1.12%,4327,3978,4261
2019-10-21,4040,4040,3955,4005,▲35,0.88%,4330,3982,50895
2019-10-18,3975,4045,3930,3970,▼5,-0.13%,4334,3981,13224
2019-10-17,4010,4015,3930,3975,▲25,0.63%,4336,3985,10097
2019-10-16,3965,4000,3950,3950,▼45,-1.13%,4339,3996,6826
2019-10-15,3975,4080,3960,3995,▲40,1.01%,4344,4001,3828
2019-10-14,4005,4055,3955,3955,▼45,-1.13%,4347,4002,22304
2019-10-11,3965,4060,3930,4000,▲35,0.88%,4352,4002,13436
2019-10-10,4000,4100,3925,3965,▼35,-0.88%,4355,4005,13219
2019-10-08,4075,4075,3980,4000,0,0.00%,4359,4020,3937
2019-10-07,3930,4000,3930,4000,0,0.00%,4361,4031,8901
2019-10-04,4025,4025,3920,4000,▼5,-0.12%,4364,4029,7465
2019-10-02,4005,4105,3975,4005,▼85,-2.08%,4365,4032,4726
2019-10-01,4040,4090,3935,4090,▲90,2.25%,4366,4037,17419
2019-09-30,4075,4075,3940,4000,0,0.00%,4367,4026,6653
2019-09-27,4135,4135,3965,4000,▲45,1.14%,4370,4020,7127
2019-09-26,4020,4020,3945,3955,▼80,-1.98%,4372,4014,8363
2019-09-25,4170,4170,3980,4035,▼75,-1.82%,4375,4008,16303
2019-09-24,4085,4170,4085,4110,0,0.00%,4376,3997,7131
2019-09-23,3985,4165,3850,4110,▲125,3.14%,4375,3979,18057
2019-09-20,4025,4050,3910,3985,▼40,-0.99%,4374,3974,11382
2019-09-19,4035,4105,3990,4025,▼30,-0.74%,4373,3993,7390
2019-09-18,3955,4080,3850,4055,▲70,1.76%,4372,4010,19145
2019-09-17,4100,4100,3910,3985,▲45,1.14%,4370,4021,7732
2019-09-16,3910,3975,3890,3940,0,0.00%,4369,4037,7728
2019-09-11,3875,3940,3875,3940,▲50,1.29%,4369,4049,11033
2019-09-10,3970,3970,3890,3890,▼40,-1.02%,4369,4063,6239
2019-09-09,3925,4025,3920,3930,0,0.00%,4371,4073,16125
2019-09-06,4070,4100,3925,3930,▼130,-3.20%,4371,4073,24769
2019-09-05,4135,4235,4060,4060,▼115,-2.75%,4371,4094,23563
2019-09-04,4185,4230,4150,4175,▼15,-0.36%,4368,4103,9055
2019-09-03,4170,4275,4160,4190,▲20,0.48%,4365,4099,13999
2019-09-02,4135,4230,4100,4170,▲25,0.60%,4362,4090,17185
2019-08-30,4065,4150,4000,4145,▲85,2.09%,4359,4065,17134
2019-08-29,4080,4170,3980,4060,▼20,-0.49%,4356,4040,3894
2019-08-28,4050,4080,3960,4080,▲95,2.38%,4355,4022,7539
2019-08-27,3955,4150,3800,3985,▲55,1.40%,4353,3994,27219
2019-08-26,4000,4075,3870,3930,▼210,-5.07%,4354,3976,21185
2019-08-23,4155,4165,4100,4140,▼15,-0.36%,4354,3969,10585
2019-08-22,4100,4170,4060,4155,▲20,0.48%,4352,3941,8695
2019-08-21,4100,4150,4050,4135,▲35,0.85%,4349,3904,9773
2019-08-20,3990,4150,3905,4100,▲185,4.73%,4348,3857,17686
2019-08-19,3905,3980,3865,3915,▲15,0.38%,4348,3806,9142
2019-08-16,3870,4000,3795,3900,▲20,0.52%,4349,3804,22653
2019-08-14,3810,3880,3795,3880,▲85,2.24%,4350,3815,5045
2019-08-13,3800,3835,3670,3795,▼15,-0.39%,4354,3826,11915
2019-08-12,3855,3855,3750,3810,▼45,-1.17%,4358,3847,19268
2019-08-09,3830,3925,3780,3855,▼5,-0.13%,4360,3861,10645
2019-08-08,3790,3890,3700,3860,▲70,1.85%,4365,3903,15294
2019-08-07,3540,3795,3540,3790,▲130,3.55%,4364,3944,18874
2019-08-06,3500,3780,3420,3660,▲70,1.95%,4363,3975,29329
2019-08-05,3810,3960,3500,3590,▼310,-7.95%,4364,4037,47332
2019-08-02,4100,4100,3850,3900,▼110,-2.74%,4362,4103,23843
2019-08-01,3990,4045,3895,4010,▲20,0.50%,4358,4128,25012
2019-07-31,4040,4200,3810,3990,▼15,-0.37%,4352,4157,42252
2019-07-30,3745,4100,3745,4005,▲55,1.39%,4346,4208,32164
2019-07-29,4150,4225,3890,3950,▼320,-7.49%,4341,4257,48190
2019-07-26,4270,4270,4115,4270,▼5,-0.12%,4336,4316,15362
2019-07-25,4005,4405,4005,4275,▲175,4.27%,4328,4344,71870
2019-07-24,4280,4395,4090,4100,▼180,-4.21%,4321,4385,29775
2019-07-23,4245,4295,4195,4280,▲35,0.82%,4314,4444,25006
2019-07-22,4160,4270,4110,4245,▲90,2.17%,4307,4460,13201
2019-07-19,4300,4365,4135,4155,▼145,-3.37%,4299,4498,63138
2019-07-18,4495,4495,4300,4300,▼195,-4.34%,4292,4566,31652
2019-07-17,4500,4555,4305,4495,▼5,-0.11%,4285,4617,43199
2019-07-16,4600,4600,4430,4500,▼40,-0.88%,4276,4657,27629
2019-07-15,4550,4685,4400,4540,▼10,-0.22%,4266,4713,39433
2019-07-12,4780,4780,4550,4550,▼130,-2.78%,4256,4770,23494
2019-07-11,4695,4735,4645,4680,▼15,-0.32%,4247,4828,18267
2019-07-10,4440,4695,4440,4695,▲255,5.74%,4236,4869,29415
2019-07-09,4620,4725,4440,4440,▼185,-4.00%,4225,4934,30036
2019-07-08,4830,4850,4520,4625,▼205,-4.24%,4217,5035,48523
2019-07-05,4820,4920,4680,4830,▲20,0.42%,4207,5121,25273
2019-07-04,4800,4870,4760,4810,▼85,-1.74%,4195,5208,39752
2019-07-03,4995,5080,4750,4895,▼165,-3.26%,4182,5277,78298
2019-07-02,5030,5150,4980,5060,▼50,-0.98%,4168,5319,44652
2019-07-01,5130,5190,5020,5110,▼20,-0.39%,4153,5350,30557
2019-06-28,5110,5290,5090,5130,▲40,0.79%,4136,5327,32826
2019-06-27,5270,5340,5070,5090,▼260,-4.86%,4120,5309,73903
2019-06-26,5440,5540,5300,5350,▼100,-1.83%,4104,5297,46593
2019-06-25,5330,5530,5320,5450,▼30,-0.55%,4087,5231,76471
2019-06-24,5700,5700,5380,5480,▼220,-3.86%,4069,5165,130316
2019-06-21,5510,5840,5500,5700,▲200,3.64%,4051,5087,185462
2019-06-20,5330,5620,5280,5500,▲180,3.38%,4031,4971,343850
2019-06-19,5340,5410,5210,5320,▼50,-0.93%,4013,4878,243673
2019-06-18,4875,5520,4845,5370,▲495,10.15%,3996,4783,800196
2019-06-17,5000,5000,4835,4875,▼75,-1.52%,3979,4677,30990
2019-06-14,4935,4970,4850,4950,▼20,-0.40%,3966,4645,46591
2019-06-13,4695,5090,4695,4970,▲275,5.86%,N/A,4630,207012
2019-06-12,4840,4840,4660,4695,▼95,-1.98%,N/A,4638,27081
2019-06-11,4695,4915,4655,4790,▲90,1.91%,N/A,4681,118521
2019-06-10,4540,4700,4530,4700,▲160,3.52%,N/A,4685,70022
2019-06-07,4520,4590,4420,4540,▼30,-0.66%,N/A,4688,32696
2019-06-05,4315,4575,4285,4570,▲200,4.58%,N/A,4682,69632
2019-06-04,4310,4375,4265,4370,▲60,1.39%,N/A,4684,43098
2019-06-03,4535,4535,4275,4310,▼245,-5.38%,N/A,4699,98391
2019-05-31,4690,4755,4460,4555,▼245,-5.10%,N/A,4708,161499
2019-05-30,5020,5040,4745,4800,▼250,-4.95%,N/A,4658,74493
2019-05-29,5000,5200,4965,5050,▼70,-1.37%,N/A,4588,137325
2019-05-28,4825,5320,4825,5120,▲290,6.00%,N/A,4502,517916
2019-05-27,4875,4875,4660,4830,▲100,2.11%,N/A,4401,204698
2019-05-24,4480,4740,4450,4730,▲250,5.58%,N/A,4332,159330
2019-05-23,4590,4600,4425,4480,▼110,-2.40%,N/A,4273,37340
2019-05-22,4585,4770,4355,4590,▲65,1.44%,N/A,4258,101054
2019-05-21,4490,4550,4370,4525,▲125,2.84%,N/A,4234,92628
2019-05-20,4200,4495,4130,4400,▲345,8.51%,N/A,4217,195450
2019-05-17,4100,4115,4000,4055,▼45,-1.10%,N/A,4212,22059
2019-05-16,4185,4185,4005,4100,▼85,-2.03%,N/A,4239,19803
2019-05-15,4110,4195,4075,4185,▲75,1.82%,N/A,4257,8546
2019-05-14,4025,4110,4025,4110,▼35,-0.84%,N/A,4260,4259
2019-05-13,4135,4285,4100,4145,▲10,0.24%,N/A,4270,8339
2019-05-10,4290,4330,4115,4135,▼195,-4.50%,N/A,4290,20355
2019-05-09,4300,4370,4250,4330,▼20,-0.46%,N/A,4318,21131
2019-05-08,4325,4510,4310,4350,▼5,-0.11%,N/A,4315,39011
2019-05-07,4280,4400,4235,4355,▲5,0.11%,N/A,4313,14760
2019-05-03,4325,4445,4265,4350,▲25,0.58%,N/A,4323,14671
2019-05-02,4280,4375,4260,4325,▲45,1.05%,N/A,4331,24486
2019-04-30,4220,4300,4215,4280,▲60,1.42%,N/A,4355,9712
2019-04-29,4210,4300,4195,4220,▲10,0.24%,N/A,4363,6404
2019-04-26,4300,4335,4170,4210,▼130,-3.00%,N/A,4384,31916
2019-04-25,4415,4415,4290,4340,▼80,-1.81%,N/A,4390,12138
2019-04-24,4300,4430,4295,4420,▲120,2.79%,N/A,4382,13787
2019-04-23,4330,4390,4200,4300,▼30,-0.69%,N/A,4355,23579
2019-04-22,4495,4560,4330,4330,▼120,-2.70%,N/A,4344,21716
2019-04-19,4430,4550,4375,4450,▲20,0.45%,N/A,4334,19138
2019-04-18,4670,4670,4430,4430,▼140,-3.06%,N/A,4315,41481
2019-04-17,4380,4570,4360,4570,▲210,4.82%,N/A,4302,68343
2019-04-16,4465,4525,4360,4360,▼70,-1.58%,N/A,4279,68041
2019-04-15,4340,4435,4185,4430,▲160,3.75%,N/A,4254,46756
2019-04-12,4260,4395,4150,4270,▲10,0.23%,N/A,4213,97475
2019-04-11,4160,4260,4110,4260,▲110,2.65%,N/A,4182,24631
2019-04-10,4185,4200,4075,4150,▼35,-0.84%,N/A,4145,14949
2019-04-09,4230,4250,4065,4185,▼45,-1.06%,N/A,4119,18149
2019-04-08,4260,4305,4200,4230,▼30,-0.70%,N/A,4085,13177
2019-04-05,4220,4300,4200,4260,▼40,-0.93%,N/A,4046,12792
2019-04-04,4345,4365,4245,4300,▼40,-0.92%,N/A,4007,45312
2019-04-03,4120,4340,4100,4340,▲230,5.60%,N/A,3979,130270
2019-04-02,4075,4120,4000,4110,▲90,2.24%,N/A,3953,25535
2019-04-01,3990,4020,3930,4020,▲55,1.39%,N/A,3941,16288
2019-03-29,3885,3985,3830,3965,▲80,2.06%,N/A,3924,19405
2019-03-28,3975,3975,3810,3885,▼10,-0.26%,N/A,3907,15259
2019-03-27,3900,3915,3835,3895,▲50,1.30%,N/A,3897,6505
2019-03-26,3895,3900,3810,3845,▲10,0.26%,N/A,3883,18195
2019-03-25,3805,3985,3805,3835,▼40,-1.03%,N/A,3882,6030
2019-03-22,3955,3990,3875,3875,▼145,-3.61%,N/A,3879,13626
2019-03-21,4085,4100,3985,4020,▼60,-1.47%,N/A,3882,12836
2019-03-20,4140,4140,3965,4080,▲90,2.26%,N/A,3873,31513
2019-03-19,3905,4150,3800,3990,▲140,3.64%,N/A,3866,78647
2019-03-18,3790,3850,3760,3850,▲60,1.58%,N/A,3859,16365
2019-03-15,3790,3835,3735,3790,0,0.00%,N/A,3869,7839
2019-03-14,3750,3800,3745,3790,▲40,1.07%,N/A,3870,20056
2019-03-13,3750,3865,3670,3750,▼85,-2.22%,N/A,3896,17152
2019-03-12,3810,3955,3785,3835,▲25,0.66%,N/A,3923,18360
2019-03-11,3900,4020,3810,3810,▼90,-2.31%,N/A,3943,14285
2019-03-08,3900,4095,3855,3900,▼30,-0.76%,N/A,3973,7094
2019-03-07,4115,4115,3865,3930,▼80,-2.00%,N/A,4013,7791
2019-03-06,3925,4095,3850,4010,▲85,2.17%,N/A,4047,27311
2019-03-05,3895,4050,3895,3925,▼25,-0.63%,N/A,4058,14767
2019-03-04,3800,4020,3800,3950,▲150,3.95%,N/A,4106,14000
2019-02-28,3960,4100,3800,3800,▼250,-6.17%,N/A,4085,25727
2019-02-27,3955,4090,3900,4050,▲30,0.75%,N/A,4075,30101
2019-02-26,4090,4450,4020,4020,▼10,-0.25%,N/A,4048,150567
2019-02-25,4105,4105,3955,4030,▼85,-2.07%,N/A,3980,41894
2019-02-22,4210,4330,4045,4115,▼185,-4.30%,N/A,3912,58379
2019-02-21,4245,4680,4125,4300,▲35,0.82%,N/A,3831,391201
2019-02-20,4095,4265,4020,4265,▲140,3.39%,N/A,3735,115755
2019-02-19,4335,4335,4105,4125,▼275,-6.25%,N/A,3644,201761
2019-02-18,3745,4800,3745,4400,▲655,17.49%,N/A,3566,1646304
2019-02-15,3680,3795,3650,3745,▲45,1.22%,N/A,3464,24511
2019-02-14,3850,3900,3525,3700,▼80,-2.12%,N/A,3424,39978
2019-02-13,3305,4100,3285,3780,▲445,13.34%,N/A,3388,216532
2019-02-12,3400,3400,3290,3335,▼15,-0.45%,N/A,3346,10137
2019-02-11,3270,3350,3210,3350,▲45,1.36%,N/A,3347,7332
2019-02-08,3330,3370,3295,3305,▼40,-1.20%,N/A,3347,7623
2019-02-07,3285,3495,3285,3345,▼5,-0.15%,N/A,3356,5370
2019-02-01,3345,3360,3290,3350,▲5,0.15%,N/A,3361,4481
2019-01-31,3380,3380,3295,3345,▼35,-1.04%,N/A,3361,7218
2019-01-30,3345,3395,3290,3380,▲35,1.05%,N/A,3363,5650
2019-01-29,3340,3390,3295,3345,0,0.00%,N/A,3364,5006
2019-01-28,3360,3400,3300,3345,▼15,-0.45%,N/A,3369,11296
2019-01-25,3340,3495,3270,3360,▲15,0.45%,N/A,3377,12809
2019-01-24,3305,3375,3305,3345,▼5,-0.15%,N/A,3385,2211
2019-01-23,3340,3495,3315,3350,▼40,-1.18%,N/A,3394,10840
2019-01-22,3395,3395,3350,3390,▼5,-0.15%,N/A,3397,5082
2019-01-21,3500,3500,3250,3395,▲40,1.19%,N/A,3385,7372
2019-01-18,3300,3400,3215,3355,▼10,-0.30%,N/A,3370,4432
2019-01-17,3390,3390,3295,3365,▼25,-0.74%,N/A,3351,8704
2019-01-16,3390,3495,3340,3390,0,0.00%,N/A,3329,5130
2019-01-15,3360,3430,3360,3390,▼40,-1.17%,N/A,3306,3884
2019-01-14,3435,3435,3390,3430,▼5,-0.15%,N/A,3291,904
2019-01-11,3500,3500,3380,3435,0,0.00%,N/A,3278,1629
2019-01-10,3460,3460,3345,3435,▲55,1.63%,N/A,3265,3490
2019-01-09,3490,3490,3300,3380,▲110,3.36%,N/A,3248,4366
2019-01-08,3230,3500,3230,3270,▲25,0.77%,N/A,3240,2691
2019-01-07,3375,3375,3165,3245,▲75,2.37%,N/A,3243,4470
2019-01-04,3140,3295,3085,3170,▲30,0.96%,N/A,3248,3139
2019-01-03,3160,3190,3080,3140,▼20,-0.63%,N/A,3261,5444
2019-01-02,3205,3270,3050,3160,▼85,-2.62%,N/A,3278,35871
2018-12-28,3320,3320,3175,3245,▼55,-1.67%,N/A,N/A,11597
2018-12-27,3270,3340,3145,3300,0,0.00%,N/A,N/A,3541
2018-12-26,3265,3345,3220,3300,▲35,1.07%,N/A,N/A,429
2018-12-24,3300,3345,3250,3265,▼35,-1.06%,N/A,N/A,678
2018-12-21,3295,3300,3255,3300,0,0.00%,N/A,N/A,1901
2018-12-20,3270,3330,3235,3300,0,0.00%,N/A,N/A,4063
2018-12-19,3330,3340,3250,3300,▲5,0.15%,N/A,N/A,5976
2018-12-18,3280,3365,3200,3295,▼15,-0.45%,N/A,N/A,5506
2018-12-17,3405,3405,3240,3310,0,0.00%,N/A,N/A,4318
