[일시]한양증권,시가,고가,저가,종가,대비,대비율,<가격이동평균>120,10,[거래량]
2020/12/24,9450,9560,9430,9530,▲80,＋0.85%,8866,9547,53054
2020/12/23,9380,9510,9350,9450,▲70,＋0.75%,8846,9563,46447
2020/12/22,9560,9560,9360,9380,▼180,－1.88%,8826,9589,111127
2020/12/21,9540,9600,9430,9560,▲20,＋0.21%,8806,9613,50896
2020/12/18,9540,9550,9460,9540,▲10,＋0.10%,8784,9638,31792
2020/12/17,9580,9590,9450,9530,▼50,－0.52%,8763,9675,33496
2020/12/16,9560,9620,9500,9580,▲40,＋0.42%,8742,9707,35512
2020/12/15,9640,9650,9490,9540,▼70,－0.73%,8722,9738,39637
2020/12/14,9690,9690,9560,9610,▼140,－1.44%,8702,9773,44464
2020/12/11,9660,9810,9600,9750,▲60,＋0.62%,8681,9787,52720
2020/12/10,9700,9710,9600,9690,▼20,－0.21%,8659,9812,28182
2020/12/09,9630,9760,9620,9710,▲90,＋0.94%,8638,9837,26661
2020/12/08,9830,9830,9580,9620,▼190,－1.94%,8616,9859,47379
2020/12/07,9930,9970,9720,9810,▼100,－1.01%,8594,9880,37927
2020/12/04,9850,10050,9760,9910,▲60,＋0.61%,8568,9873,63613
2020/12/03,9910,9910,9250,9850,▼40,－0.40%,8545,9844,39220
2020/12/02,9930,9970,9830,9890,0.0,0.00%,8524,9819,20601
2020/12/01,9780,9910,9720,9890,▲140,＋1.44%,8503,9798,30926
2020/11/30,10000,10000,9710,9750,▼250,－2.50%,8483,9795,51679
2020/11/27,9950,10050,9850,10000,▲60,＋0.60%,8464,9812,46159
2020/11/26,9880,9960,9810,9940,▲10,＋0.10%,8443,9776,28691
2020/11/25,9840,10200,9780,9930,▲100,＋1.02%,8422,9726,131710
2020/11/24,9750,9880,9730,9830,▲90,＋0.92%,8402,9678,55088
2020/11/23,9610,9780,9480,9740,▲120,＋1.25%,8380,9619,57762
2020/11/20,9580,9870,9560,9620,▲20,＋0.21%,8357,9559,54197
2020/11/19,9680,9680,9480,9600,▼80,－0.83%,8334,9501,56090
2020/11/18,9880,9930,9600,9680,▼180,－1.83%,8311,9447,98370
2020/11/17,9970,10100,9740,9860,▼60,－0.60%,8288,9389,126243
2020/11/16,9740,10200,9540,9920,▲280,＋2.90%,8263,9316,544005
2020/11/13,9400,9660,9320,9640,▲200,＋2.12%,8236,9216,112283
2020/11/12,9460,9490,9270,9440,▼10,－0.11%,8212,9137,99764
2020/11/11,9250,9480,9150,9450,▲210,＋2.27%,8190,9083,150092
2020/11/10,9180,9320,9130,9240,▲100,＋1.09%,8169,9040,106609
2020/11/09,9010,9210,9000,9140,▲100,＋1.11%,8149,9006,80160
2020/11/06,9080,9090,8990,9040,▼20,－0.22%,8129,8980,58234
2020/11/05,9080,9120,8990,9060,▼40,－0.44%,8111,8990,57664
2020/11/04,9150,9150,8950,9100,▼30,－0.33%,8087,9009,41743
2020/11/03,8920,9150,8910,9130,▲210,＋2.35%,8063,8994,25204
2020/11/02,8810,8920,8710,8920,▲70,＋0.79%,8039,8931,20874
2020/10/30,8900,8930,8770,8850,▼50,－0.56%,8017,8898,24544
2020/10/29,8930,8960,8730,8900,▼120,－1.33%,7997,8861,48738
2020/10/28,8820,9020,8820,9020,▲120,＋1.35%,7975,8821,31126
2020/10/27,8700,8920,8660,8900,▲20,＋0.23%,7952,8777,26488
2020/10/26,9130,9130,8850,8880,▼260,－2.84%,7930,8752,56568
2020/10/23,9250,9480,9050,9140,▼110,－1.19%,7908,8729,142533
2020/10/22,8900,9270,8890,9250,▲300,＋3.35%,7883,8682,167996
2020/10/21,8560,9020,8500,8950,▲450,＋5.29%,7857,8615,174694
2020/10/20,8590,8610,8400,8500,▼90,－1.05%,7832,8580,38593
2020/10/19,8480,8620,8480,8590,▲110,＋1.30%,7811,8580,13997
2020/10/16,8500,8570,8400,8480,▼20,－0.24%,7789,8561,32432
2020/10/15,8580,8580,8450,8500,▼80,－0.93%,7769,8539,23829
2020/10/14,8630,8680,8520,8580,▼70,－0.81%,7749,8504,25962
2020/10/13,8670,8730,8620,8650,0.0,0.00%,7728,8460,18939
2020/10/12,8670,8730,8610,8650,▼20,－0.23%,7704,8425,22610
2020/10/08,8610,8730,8610,8670,▲90,＋1.05%,7681,8388,42898
2020/10/07,8550,8630,8500,8580,▼20,－0.23%,7658,8365,18873
2020/10/06,8520,8650,8480,8600,▲100,＋1.18%,7635,8362,33561
2020/10/05,8420,8500,8330,8500,▲100,＋1.19%,7612,8355,22840
2020/09/29,8330,8430,8320,8400,▲140,＋1.69%,7589,8365,20645
2020/09/28,8150,8330,8150,8260,▲110,＋1.35%,7567,8389,7517
2020/09/25,8150,8230,8110,8150,▲10,＋0.12%,7546,8427,15647
2020/09/24,8170,8240,8060,8140,▼160,－1.93%,7523,8476,33161
2020/09/23,8290,8350,8130,8300,▲20,＋0.24%,7501,8520,15848
2020/09/22,8410,8410,8190,8280,▼160,－1.90%,7477,8550,39297
2020/09/21,8520,8590,8350,8440,▼110,－1.29%,7452,8594,41702
2020/09/18,8570,8900,8520,8550,▲20,＋0.23%,7425,8624,82243
2020/09/17,8600,8680,8470,8530,▼70,－0.81%,7396,8637,33261
2020/09/16,8640,8660,8550,8600,▼40,－0.46%,7366,8668,44220
2020/09/15,8650,8660,8590,8640,0.0,0.00%,7336,8704,27837
2020/09/14,8640,8690,8580,8640,0.0,0.00%,7302,8720,40937
2020/09/11,8600,8670,8510,8640,▲60,＋0.70%,7267,8719,48104
2020/09/10,8730,8730,8570,8580,▼20,－0.23%,7236,8724,27324
2020/09/09,8700,8700,8570,8600,▼120,－1.38%,7203,8729,42491
2020/09/08,8840,8840,8700,8720,▼20,－0.23%,7176,8758,27257
2020/09/07,8680,8860,8680,8740,▲60,＋0.69%,7149,8786,37808
2020/09/04,8770,8770,8620,8680,▼160,－1.81%,7124,8783,50024
2020/09/03,8990,9010,8830,8840,▼120,－1.34%,7100,8794,50420
2020/09/02,8850,9000,8810,8960,▲160,＋1.82%,7078,8792,31892
2020/09/01,8660,8940,8590,8800,▲170,＋1.97%,7058,8812,69606
2020/08/31,8720,8840,8600,8630,▼60,－0.69%,7040,8828,48882
2020/08/28,8690,8820,8630,8690,▲60,＋0.70%,7025,8915,52744
2020/08/27,8930,8930,8630,8630,▼260,－2.92%,7010,9019,55725
2020/08/26,9050,9050,8710,8890,▼110,－1.22%,6997,9099,81035
2020/08/25,8800,9000,8720,9000,▲290,＋3.33%,6981,9157,89700
2020/08/24,8770,8800,8670,8710,▼80,－0.91%,6964,9210,48752
2020/08/21,8740,9070,8710,8790,▼30,－0.34%,6957,9262,57217
2020/08/20,9180,9180,8620,8820,▼340,－3.71%,6949,9303,113490
2020/08/19,8980,9220,8980,9160,▲200,＋2.23%,6942,9340,62015
2020/08/18,9340,9340,8940,8960,▼540,－5.68%,6933,9316,198175
2020/08/14,10400,10600,9040,9500,▼230,－2.36%,6927,9271,718416
2020/08/13,9430,9800,9340,9730,▲300,＋3.18%,6915,9147,204833
2020/08/12,9470,9480,9140,9430,▼40,－0.42%,6906,8988,81149
2020/08/11,9620,9890,9340,9470,▼60,－0.63%,6898,8851,164071
2020/08/10,9280,9600,9250,9530,▲300,＋3.25%,6890,8709,147541
2020/08/07,9280,9430,9130,9230,▲30,＋0.33%,6883,8566,82047
2020/08/06,9220,9460,9110,9200,▲10,＋0.11%,6878,8433,117356
2020/08/05,9000,9190,8850,9190,▲270,＋3.03%,6873,8316,165737
2020/08/04,8550,8930,8550,8920,▲410,＋4.82%,6871,8217,131300
2020/08/03,8280,8510,8260,8510,▲250,＋3.03%,6869,8151,55626
2020/07/31,8140,8360,8080,8260,▲120,＋1.47%,6870,8101,71673
2020/07/30,8060,8230,7990,8140,▲80,＋0.99%,6874,8075,24147
2020/07/29,8090,8090,7990,8060,▲10,＋0.12%,6880,8042,11492
2020/07/28,8100,8220,7990,8050,▼50,－0.62%,6887,7997,49111
2020/07/27,7830,8180,7810,8100,▲200,＋2.53%,6895,7945,50056
2020/07/24,8010,8010,7810,7900,▼130,－1.62%,6904,7891,50856
2020/07/23,8230,8250,7950,8030,▼170,－2.07%,6914,7838,64758
2020/07/22,8250,8430,8200,8200,▼60,－0.73%,6927,7777,65233
2020/07/21,8020,8260,8000,8260,▲250,＋3.12%,6937,7687,106022
2020/07/20,8050,8070,7960,8010,▲10,＋0.13%,6944,7587,82868
2020/07/17,7860,8030,7860,8000,▲190,＋2.43%,6950,7509,129273
2020/07/16,7670,7960,7650,7810,▲200,＋2.63%,6959,7437,124943
2020/07/15,7600,7620,7540,7610,▲80,＋1.06%,6968,7367,31191
2020/07/14,7560,7560,7450,7530,▼30,－0.40%,6977,7311,12204
2020/07/13,7360,7570,7360,7560,▲190,＋2.58%,6984,7254,53025
2020/07/10,7360,7470,7270,7370,▼50,－0.67%,6992,7189,34801
2020/07/09,7300,7450,7300,7420,▲120,＋1.64%,7000,7157,29939
2020/07/08,7250,7330,7250,7300,▲40,＋0.55%,7009,7120,26595
2020/07/07,7300,7330,7250,7260,▲30,＋0.41%,7020,7106,24371
2020/07/06,7380,7380,7200,7230,▼50,－0.69%,7032,7090,26433
2020/07/03,7130,7350,7110,7280,▲170,＋2.39%,7044,7077,32828
2020/07/02,7050,7120,7050,7110,▲60,＋0.85%,7055,7065,8162
2020/07/01,6980,7130,6950,7050,▲90,＋1.29%,7067,7069,23574
2020/06/30,6940,7060,6910,6960,▲50,＋0.72%,7080,7065,15810
2020/06/29,7040,7040,6890,6910,▼140,－1.99%,7092,7071,27002
2020/06/26,7050,7110,6990,7050,0.0,0.00%,7104,7052,29391
2020/06/25,7000,7070,7000,7050,▼110,－1.54%,7111,7060,19423
2020/06/24,7120,7170,7090,7160,▲60,＋0.85%,7118,7085,11358
2020/06/23,7110,7230,7060,7100,0.0,0.00%,7126,7112,26825
2020/06/22,7200,7200,7000,7100,▼60,－0.84%,7138,7144,26209
2020/06/19,7220,7280,7160,7160,▲10,＋0.14%,7150,7184,26748
2020/06/18,7000,7200,7000,7150,▲140,＋2.00%,7160,7215,28210
2020/06/17,7070,7100,6890,7010,▼10,－0.14%,7168,7241,38350
2020/06/16,6810,7030,6810,7020,▲300,＋4.46%,7177,7291,29169
2020/06/15,7180,7180,6710,6720,▼410,－5.75%,7185,7312,64931
2020/06/12,6780,7130,6780,7130,▼170,－2.33%,7196,7342,91880
2020/06/11,7430,7430,7300,7300,▼130,－1.75%,7203,7314,38398
2020/06/10,7380,7450,7350,7430,▲10,＋0.13%,7209,7269,12498
2020/06/09,7480,7590,7370,7420,▼80,－1.07%,7214,7214,46611
2020/06/08,7620,7620,7460,7500,▲30,＋0.40%,7219,7156,62348
2020/06/05,7410,7540,7350,7470,▲60,＋0.81%,7223,7081,45571
2020/06/04,7620,7630,7220,7410,▼100,－1.33%,7229,7003,112597
2020/06/03,7250,7640,7220,7510,▲280,＋3.87%,7235,6947,272133
2020/06/02,7030,7240,7020,7230,▲210,＋2.99%,7240,6884,90099
2020/06/01,6880,7030,6860,7020,▲170,＋2.48%,7248,6844,72819
2020/05/29,6830,6860,6740,6850,0.0,0.00%,7258,6819,35835
2020/05/28,6970,6990,6820,6850,▼30,－0.44%,7269,6827,97813
2020/05/27,6870,6970,6850,6880,▲40,＋0.58%,7280,6758,47565
2020/05/26,6740,6910,6740,6840,▲90,＋1.33%,7290,6694,33636
2020/05/25,6690,6810,6670,6750,▲60,＋0.90%,7300,6636,39240
2020/05/22,6830,6850,6670,6690,▼160,－2.34%,7311,6590,90804
2020/05/21,6910,6940,6840,6850,▼30,－0.44%,7322,6556,84172
2020/05/20,6870,6950,6800,6880,▲50,＋0.73%,7331,6506,115982
2020/05/19,6860,6960,6770,6830,▲60,＋0.89%,7340,6445,138090
2020/05/18,6920,7010,6650,6770,▼160,－2.31%,7350,6380,303179
2020/05/15,8000,8000,6900,6930,▲770,＋12.50%,7360,6334,2796978
2020/05/14,6170,6170,6080,6160,▼80,－1.28%,7368,6255,69244
2020/05/13,6260,6290,6160,6240,▼20,－0.32%,7382,6248,35309
2020/05/12,6270,6300,6100,6260,▼30,－0.48%,7391,6221,44816
2020/05/11,6350,6390,6210,6290,▼60,－0.94%,7401,6196,25314
2020/05/08,6400,6420,6300,6350,0.0,0.00%,7411,6159,37896
2020/05/07,6270,6350,6220,6350,▲80,＋1.28%,7420,6126,29451
2020/05/06,6230,6400,6230,6270,▲90,＋1.46%,7429,6108,103455
2020/05/04,6290,6370,6090,6180,▼130,－2.06%,7438,6081,46055
2020/04/29,6130,6600,6130,6310,▲170,＋2.77%,7448,6048,162940
2020/04/28,6200,6280,6070,6140,▲50,＋0.82%,7458,6003,32224
2020/04/27,5980,6160,5970,6090,▲120,＋2.01%,7468,5974,47505
2020/04/24,6000,6080,5910,5970,▼40,－0.67%,7479,5954,37770
2020/04/23,5990,6020,5930,6010,▲90,＋1.52%,7491,5934,20784
2020/04/22,5980,5980,5700,5920,▼100,－1.66%,7503,5912,47275
2020/04/21,6170,6350,5870,6020,▼150,－2.43%,7516,5896,52088
2020/04/20,6050,6830,5970,6170,▲170,＋2.83%,7528,5865,481001
2020/04/17,5860,6100,5830,6000,▲150,＋2.56%,7537,5793,61583
2020/04/16,5860,5860,5500,5850,▼10,－0.17%,7549,5744,21141
2020/04/14,5850,5920,5840,5860,▲10,＋0.17%,7562,5695,43250
2020/04/13,5890,5890,5810,5850,▼40,－0.68%,7575,5642,34735
2020/04/10,5800,5890,5670,5890,▲120,＋2.08%,7589,5575,46721
2020/04/09,5890,5890,5730,5770,▼20,－0.35%,7601,5488,56152
2020/04/08,5760,5830,5700,5790,▲30,＋0.52%,7614,5411,37898
2020/04/07,5830,5880,5690,5760,▲50,＋0.88%,7627,5325,76134
2020/04/06,5500,5730,5430,5710,▲260,＋4.77%,7640,5211,51878
2020/04/03,5570,5570,5350,5450,▼60,－1.09%,7654,5080,35852
2020/04/02,5290,5530,5240,5510,▲150,＋2.80%,7669,5026,42169
2020/04/01,5420,5640,5280,5360,▲30,＋0.56%,7684,4940,63493
2020/03/31,5210,5470,5210,5330,▲150,＋2.90%,7699,4934,65608
2020/03/30,4940,5190,4860,5180,▲160,＋3.19%,7716,4959,36217
2020/03/27,5200,5330,4995,5020,▲20,＋0.40%,7734,5012,98287
2020/03/26,5080,5130,4960,5000,▲75,＋1.52%,7754,5088,90988
2020/03/25,4840,4995,4690,4925,▲305,＋6.60%,7774,5205,113612
2020/03/24,4430,4640,4430,4620,▲220,＋5.00%,7795,5367,109662
2020/03/23,4785,4785,4380,4400,▼510,－10.39%,7818,5573,142847
2020/03/20,4650,4910,4600,4910,▲260,＋5.59%,7844,5816,68827
2020/03/19,5410,5410,4570,4650,▼650,－12.26%,7865,6020,142105
2020/03/18,5780,5780,5300,5300,▼280,－5.02%,7888,6258,85210
2020/03/17,5560,5650,5300,5580,▼130,－2.28%,7906,6423,70675
2020/03/16,5980,6190,5660,5710,▼70,－1.21%,7921,6567,71873
2020/03/13,5700,5870,5500,5780,▼390,－6.32%,7936,6777,142579
2020/03/12,6420,6450,6000,6170,▼380,－5.80%,7949,6979,128118
2020/03/11,6680,6690,6460,6550,▼130,－1.95%,7959,7165,72765
2020/03/10,6700,6760,6560,6680,▼150,－2.20%,7966,7318,118363
2020/03/09,6860,6870,6670,6830,▼120,－1.73%,7970,7473,107193
2020/03/06,6990,7010,6930,6950,▼80,－1.14%,7974,7599,90404
2020/03/05,7000,7060,6970,7030,▲80,＋1.15%,7975,7761,103285
2020/03/04,6990,7030,6860,6950,▼70,－1.00%,7977,7911,245784
2020/03/03,7200,7260,7000,7020,▼790,－10.12%,7979,8069,778771
2020/03/02,7830,7920,7710,7810,▲10,＋0.13%,7980,8229,215984
2020/02/28,7900,7990,7610,7800,▼230,－2.86%,7974,8311,54289
2020/02/27,8110,8150,7990,8030,▼50,－0.62%,7969,8400,39118
2020/02/26,8200,8200,8000,8080,▼150,－1.82%,7962,8481,37255
2020/02/25,8090,8260,8020,8230,▲140,＋1.73%,7954,8541,20782
2020/02/24,8400,8420,8090,8090,▼480,－5.60%,7945,8587,51192
2020/02/21,8510,8700,8460,8570,▲40,＋0.47%,7938,8651,46083
2020/02/20,8530,8690,8460,8530,0.0,0.00%,7925,8680,39879
2020/02/19,8620,8620,8270,8530,▼90,－1.04%,7915,8719,45790
2020/02/18,8630,8720,8490,8620,▼10,－0.12%,7904,8770,41217
2020/02/17,8690,8690,8510,8630,▼60,－0.69%,7894,8819,41536
2020/02/14,8830,8830,8630,8690,▼150,－1.70%,7883,8870,28400
2020/02/13,8660,8930,8590,8840,▲160,＋1.84%,7871,8958,31643
2020/02/12,8680,8710,8580,8680,▼10,－0.12%,7858,9011,34374
2020/02/11,8710,8810,8610,8690,▼40,－0.46%,7844,9055,40250
2020/02/10,8860,8920,8650,8730,▼130,－1.47%,7831,9060,29151
2020/02/07,8940,8940,8750,8860,▼60,－0.67%,7816,9090,49339
2020/02/06,9140,9140,8760,8920,▼120,－1.33%,7800,9099,92807
2020/02/05,9200,9200,9000,9040,▼70,－0.77%,7783,9072,38531
2020/02/04,9140,9150,9020,9110,▼30,－0.33%,7764,9009,30886
2020/02/03,9440,9440,9030,9140,▼430,－4.49%,7744,8945,99485
2020/01/31,9380,9710,9380,9570,▲200,＋2.13%,7724,8874,226732
2020/01/30,9350,9570,9200,9370,▲250,＋2.74%,7702,8763,175760
2020/01/29,8740,9120,8740,9120,▲380,＋4.35%,7683,8690,96112
2020/01/28,8940,8940,8550,8740,▼290,－3.21%,7665,8644,45846
2020/01/23,8950,9060,8860,9030,▲80,＋0.89%,7652,8636,53417
2020/01/22,8600,8960,8600,8950,▲300,＋3.47%,7635,8591,112608
2020/01/21,8410,8660,8350,8650,▲240,＋2.85%,7620,8551,75233
2020/01/20,8560,8570,8400,8410,▼60,－0.71%,7609,8550,33701
2020/01/17,8480,8500,8320,8470,▲40,＋0.47%,7600,8549,21910
2020/01/16,8460,8550,8390,8430,▼30,－0.35%,7591,8542,21244
2020/01/15,8630,8630,8460,8460,▼180,－2.08%,7581,8487,29687
2020/01/14,8630,8700,8610,8640,▼20,－0.23%,7571,8426,18634
2020/01/13,8650,8680,8550,8660,0.0,0.00%,7560,8377,25781
2020/01/10,8580,8690,8460,8660,▲80,＋0.93%,7550,8367,29254
2020/01/09,8550,8680,8510,8580,▲30,＋0.35%,7541,8345,38687
2020/01/08,8570,8680,8220,8550,▼90,－1.04%,7532,8323,102548
2020/01/07,8360,8680,8360,8640,▲240,＋2.86%,7523,8282,50565
2020/01/06,8310,8540,8310,8400,0.0,0.00%,7514,8224,52911
2020/01/03,7980,8760,7970,8400,▲520,＋6.60%,7506,8191,238326
2020/01/02,7880,7910,7830,7880,▲30,＋0.38%,7499,8154,45615
2019/12/30,8150,8150,7830,7850,▼300,－3.68%,7497,8161,49052
2019/12/27,8110,8270,8040,8150,▼410,－4.79%,7495,8180,89642
2019/12/26,8440,8640,8440,8560,▲120,＋1.42%,7492,8166,157419
2019/12/24,8380,8510,8380,8440,▲80,＋0.96%,7485,8107,81544
2019/12/23,8140,8370,8120,8360,▲220,＋2.70%,7479,8069,80279
2019/12/20,8080,8150,8070,8140,▲80,＋0.99%,7474,8045,49108
2019/12/19,8060,8090,8020,8060,▼10,－0.12%,7471,8044,16119
2019/12/18,8030,8070,7980,8070,▲40,＋0.50%,7469,8056,45904
2019/12/17,8000,8040,7980,8030,▲80,＋1.01%,7466,8064,46802
2019/12/16,8100,8100,7860,7950,▼90,－1.12%,7464,8080,43212
2019/12/13,8140,8140,7990,8040,▲30,＋0.37%,7463,8103,32107
2019/12/12,7970,8020,7940,8010,▲40,＋0.50%,7460,8115,24773
2019/12/11,8060,8060,7900,7970,▼90,－1.12%,7457,8126,23120
2019/12/10,8120,8200,7930,8060,▼60,－0.74%,7454,8137,16123
2019/12/09,8100,8230,8050,8120,▼10,－0.12%,7450,8135,18358
2019/12/06,8110,8240,8110,8130,▼50,－0.61%,7445,8127,17011
2019/12/05,8130,8250,8130,8180,▲30,＋0.37%,7440,8108,98050
2019/12/04,8180,8190,8130,8150,▼40,－0.49%,7435,8085,6118
2019/12/03,8170,8240,8080,8190,▲10,＋0.12%,7431,8065,29622
2019/12/02,8110,8250,7900,8180,▲20,＋0.25%,7426,8044,75125
2019/11/29,8150,8220,8100,8160,▲40,＋0.49%,7420,8017,55203
2019/11/28,8100,8140,8080,8120,▲40,＋0.50%,7414,7981,29263
2019/11/27,8040,8090,8030,8080,▲40,＋0.50%,7408,7911,34416
2019/11/26,8050,8050,8010,8040,0.0,0.00%,7402,7848,14083
2019/11/25,7940,8060,7940,8040,▲100,＋1.26%,7395,7788,29024
2019/11/22,8000,8000,7800,7940,▼10,－0.13%,7390,7725,30324
2019/11/21,8010,8020,7890,7950,0.0,0.00%,7385,7671,15072
2019/11/20,7910,8050,7910,7950,▼30,－0.38%,7380,7616,24988
2019/11/19,7820,8090,7800,7980,▲70,＋0.88%,7375,7563,47252
2019/11/18,8000,8090,7900,7910,▲110,＋1.41%,7370,7509,139474
2019/11/15,7750,7900,7690,7800,▲380,＋5.12%,7365,7459,175691
2019/11/14,7450,7460,7400,7420,▼30,－0.40%,7362,7419,12246
2019/11/13,7400,7450,7400,7450,▲10,＋0.13%,7362,7415,5041
2019/11/12,7440,7440,7390,7440,▲30,＋0.40%,7362,7415,8701
2019/11/11,7390,7420,7380,7410,▲10,＋0.14%,7362,7417,11486
2019/11/08,7440,7440,7380,7400,0.0,0.00%,7362,7420,6240
2019/11/07,7410,7410,7390,7400,▼20,－0.27%,7362,7415,5570
2019/11/06,7440,7440,7380,7420,▼20,－0.27%,7362,7418,3287
2019/11/05,7410,7440,7390,7440,▲30,＋0.40%,7361,7415,6900
2019/11/04,7370,7430,7370,7410,▲10,＋0.14%,7360,7415,7106
2019/11/01,7370,7420,7330,7400,▲20,＋0.27%,7359,7417,6227
2019/10/31,7450,7470,7300,7380,▼70,－0.94%,7358,7416,8509
2019/10/30,7390,7450,7360,7450,▼10,－0.13%,7357,7413,3894
2019/10/29,7430,7460,7390,7460,▲20,＋0.27%,7356,7403,9507
2019/10/28,7350,7440,7330,7440,▲90,＋1.22%,7354,7387,8115
2019/10/25,7360,7400,7290,7350,▼80,－1.08%,7352,7379,12002
2019/10/24,7380,7450,7300,7430,▲40,＋0.54%,7350,7370,8722
2019/10/23,7450,7450,7350,7390,▼50,－0.67%,7348,7354,4210
2019/10/22,7420,7470,7420,7440,▲10,＋0.13%,7347,7342,8787
2019/10/21,7380,7430,7380,7430,▲40,＋0.54%,7346,7324,5385
2019/10/18,7350,7410,7340,7390,▲40,＋0.54%,7344,7316,8034
2019/10/17,7350,7390,7290,7350,0.0,0.00%,7343,7320,21420
2019/10/16,7360,7370,7290,7350,▲50,＋0.68%,7342,7327,26981
2019/10/15,7350,7360,7260,7300,▼60,－0.82%,7341,7334,18138
2019/10/14,7370,7370,7270,7360,▲100,＋1.38%,7340,7349,7261
2019/10/11,7320,7320,7240,7260,▼10,－0.14%,7338,7357,3662
2019/10/10,7270,7340,7210,7270,0.0,0.00%,7336,7375,4167
2019/10/08,7200,7380,7200,7270,▲10,＋0.14%,7335,7390,8917
2019/10/07,7350,7490,7220,7260,▼90,－1.22%,7332,7406,18591
2019/10/04,7390,7490,7290,7350,▼80,－1.08%,7329,7423,14328
2019/10/02,7420,7520,7310,7430,▲10,＋0.13%,7325,7435,26636
2019/10/01,7430,7430,7370,7420,0.0,0.00%,7321,7434,1297
2019/09/30,7450,7530,7360,7420,▼30,－0.40%,7317,7427,2019
2019/09/27,7440,7470,7350,7450,▲10,＋0.13%,7312,7421,7390
2019/09/26,7380,7520,7380,7440,0.0,0.00%,7308,7398,11840
2019/09/25,7450,7460,7350,7440,▲20,＋0.27%,7304,7375,8258
2019/09/24,7300,7520,7300,7420,▼10,－0.13%,7299,7347,5602
2019/09/23,7550,7590,7380,7430,0.0,0.00%,7294,7323,33428
2019/09/20,7460,7500,7400,7430,▼40,－0.54%,7289,7299,10842
2019/09/19,7460,7490,7410,7470,▲50,＋0.67%,7284,7271,9017
2019/09/18,7430,7430,7300,7420,▲70,＋0.95%,7278,7235,7056
2019/09/17,7310,7420,7310,7350,▼10,－0.14%,7273,7215,11783
2019/09/16,7250,7440,7220,7360,▲140,＋1.94%,7268,7201,25835
2019/09/11,7210,7250,7190,7220,▲10,＋0.14%,7264,7178,7267
2019/09/10,7170,7350,7090,7210,▲50,＋0.70%,7260,7174,5462
2019/09/09,7190,7230,7140,7160,▼20,－0.28%,7257,7168,4138
2019/09/06,7190,7400,7110,7180,▼10,－0.14%,7255,7162,12898
2019/09/05,7150,7200,7080,7190,▲40,＋0.56%,7252,7170,22882
2019/09/04,7190,7190,7090,7150,▲40,＋0.56%,7249,7179,11650
2019/09/03,7230,7230,7110,7110,▼110,－1.52%,7247,7197,12227
2019/09/02,7230,7230,7140,7220,▲10,＋0.14%,7244,7221,11531
2019/08/30,7230,7230,7140,7210,▲80,＋1.12%,7241,7225,19725
2019/08/29,7210,7230,7090,7130,▼50,－0.70%,7238,7229,4622
2019/08/28,7100,7190,7100,7180,▲30,＋0.42%,7236,7223,4159
2019/08/27,7120,7200,7110,7150,▲50,＋0.70%,7234,7210,8049
2019/08/26,7180,7250,7050,7100,▼160,－2.20%,7232,7195,22422
2019/08/23,7280,7300,7190,7260,▼20,－0.27%,7230,7181,12253
2019/08/22,7370,7370,7230,7280,▼50,－0.68%,7227,7136,12945
2019/08/21,7380,7380,7250,7330,▼20,－0.27%,7223,7082,3081
2019/08/20,7350,7400,7250,7350,▲90,＋1.24%,7220,7023,5173
2019/08/19,7250,7380,7210,7260,▲10,＋0.14%,7216,6960,17052
2019/08/16,7180,7320,7180,7250,▲180,＋2.55%,7214,6934,38485
2019/08/14,7050,7070,6980,7070,▲20,＋0.28%,7212,6909,10595
2019/08/13,7020,7100,6890,7050,▲50,＋0.71%,7211,6906,5921
2019/08/12,6950,7100,6910,7000,▲40,＋0.57%,7210,6913,5137
2019/08/09,6810,7100,6810,6960,▲150,＋2.20%,7210,6913,12003
2019/08/08,6740,6820,6720,6810,▲70,＋1.04%,7211,6938,28392
2019/08/07,6810,6810,6670,6740,0.0,0.00%,7213,6981,16429
2019/08/06,6700,6880,6550,6740,▲20,＋0.30%,7215,7046,31621
2019/08/05,6910,7020,6650,6720,▼280,－4.00%,7217,7107,29938
2019/08/02,7000,7000,6850,7000,0.0,0.00%,7220,7165,15455
2019/08/01,7020,7050,7000,7000,▼40,－0.57%,7220,7191,9562
2019/07/31,7120,7120,7000,7040,▼80,－1.12%,7220,7223,18153
2019/07/30,6950,7170,6950,7120,▲120,＋1.71%,7220,7258,13204
2019/07/29,7220,7220,7000,7000,▼210,－2.91%,7218,7302,20579
2019/07/26,7270,7270,7070,7210,▼30,－0.41%,7219,7353,15901
2019/07/25,7370,7390,7130,7240,▼150,－2.03%,7218,7383,30601
2019/07/24,7350,7430,7280,7390,▲40,＋0.54%,7215,7409,15793
2019/07/23,7350,7390,7300,7350,▲50,＋0.68%,7211,7419,15353
2019/07/22,7300,7330,7250,7300,▲40,＋0.55%,7208,7439,9131
2019/07/19,7320,7400,7240,7260,▼60,－0.82%,7205,7472,17654
2019/07/18,7410,7410,7230,7320,▼70,－0.95%,7201,7513,32454
2019/07/17,7550,7600,7370,7390,▼170,－2.25%,7196,7553,5615
2019/07/16,7510,7560,7370,7560,▲50,＋0.67%,7191,7588,30956
2019/07/15,7520,7540,7460,7510,0.0,0.00%,7185,7611,4080
2019/07/12,7500,7510,7440,7510,▲10,＋0.13%,7179,7636,4156
2019/07/11,7500,7520,7470,7500,▲10,＋0.13%,7172,7661,5227
2019/07/10,7550,7630,7450,7490,▼60,－0.79%,7165,7686,5483
2019/07/09,7630,7770,7540,7550,▼80,－1.05%,7159,7708,4402
2019/07/08,7660,7660,7490,7630,▼40,－0.52%,7152,7737,14496
2019/07/05,7710,7740,7640,7670,▼50,－0.65%,7144,7756,11900
2019/07/04,7760,7760,7670,7720,▼20,－0.26%,7136,7762,5870
2019/07/03,7790,7820,7610,7740,▼50,－0.64%,7127,7753,22263
2019/07/02,7810,7820,7770,7790,▲30,＋0.39%,7118,7740,15788
2019/07/01,7760,7810,7720,7760,0.0,0.00%,7109,7712,4504
2019/06/28,7750,7760,7710,7760,▲10,＋0.13%,7100,7691,10673
2019/06/27,7720,7770,7690,7750,▲40,＋0.52%,7091,7671,5447
2019/06/26,7800,7890,7710,7710,▼130,－1.66%,7084,7656,17491
2019/06/25,7800,7860,7710,7840,▲20,＋0.26%,7076,7645,29121
2019/06/24,7740,7820,7730,7820,▲90,＋1.16%,7068,7619,15714
2019/06/21,7660,7740,7610,7730,▲100,＋1.31%,7061,7587,28350
2019/06/20,7610,7660,7580,7630,▲20,＋0.26%,7054,7557,10620
2019/06/19,7510,7610,7510,7610,▲100,＋1.33%,7049,7531,9466
2019/06/18,7550,7550,7500,7510,▼40,－0.53%,7044,7504,5615
2019/06/17,7560,7590,7500,7550,▼10,－0.13%,7040,7484,3723
2019/06/14,7590,7610,7550,7560,▼40,－0.53%,7036,7464,5579
2019/06/13,7600,7600,7540,7600,0.0,0.00%,N/A,7443,3369
2019/06/12,7540,7610,7540,7600,▲20,＋0.26%,N/A,7416,6206
2019/06/11,7530,7580,7520,7580,▲80,＋1.07%,N/A,7400,18894
2019/06/10,7400,7500,7400,7500,▲70,＋0.94%,N/A,7377,22770
2019/06/07,7420,7430,7350,7430,▲60,＋0.81%,N/A,7362,6649
2019/06/05,7380,7400,7340,7370,▲30,＋0.41%,N/A,7360,4392
2019/06/04,7310,7370,7310,7340,▲30,＋0.41%,N/A,7363,3169
2019/06/03,7350,7400,7270,7310,▼40,－0.54%,N/A,7374,4900
2019/05/31,7250,7350,7240,7350,0.0,0.00%,N/A,7385,7501
2019/05/30,7330,7380,7220,7350,▲20,＋0.27%,N/A,7395,15275
2019/05/29,7460,7460,7190,7330,▼110,－1.48%,N/A,7397,24105
2019/05/28,7390,7500,7310,7440,▲90,＋1.22%,N/A,7404,24710
2019/05/27,7350,7480,7300,7350,0.0,0.00%,N/A,7391,8740
2019/05/24,7360,7500,7320,7350,▼60,－0.81%,N/A,7384,21617
2019/05/23,7400,7460,7350,7410,▲10,＋0.14%,N/A,7377,7276
2019/05/22,7410,7450,7360,7400,▼50,－0.67%,N/A,7364,13231
2019/05/21,7420,7470,7340,7450,▲30,＋0.40%,N/A,7354,5478
2019/05/20,7450,7530,7410,7420,▼30,－0.40%,N/A,7338,8430
2019/05/17,7380,7460,7330,7450,▲80,＋1.09%,N/A,7323,31857
2019/05/16,7400,7510,7330,7370,▼30,－0.41%,N/A,7296,39023
2019/05/15,7390,7440,7240,7400,▲90,＋1.23%,N/A,7274,35220
2019/05/14,7280,7310,7150,7310,▲30,＋0.41%,N/A,7253,13952
2019/05/13,7280,7330,7120,7280,0.0,0.00%,N/A,7247,32074
2019/05/10,7320,7320,7220,7280,0.0,0.00%,N/A,7246,15200
2019/05/09,7340,7350,7190,7280,▼20,－0.27%,N/A,7245,25963
2019/05/08,7250,7360,7190,7300,▲10,＋0.14%,N/A,7244,17069
2019/05/07,7200,7320,7160,7290,▲20,＋0.28%,N/A,7234,21086
2019/05/03,7230,7270,7190,7270,▲90,＋1.25%,N/A,7227,6732
2019/05/02,7180,7220,7130,7180,▲30,＋0.42%,N/A,7214,13899
2019/04/30,7270,7280,7120,7150,▼40,－0.56%,N/A,7211,11067
2019/04/29,7270,7300,7150,7190,▼60,－0.83%,N/A,7202,5239
2019/04/26,7200,7260,7120,7250,▼20,－0.28%,N/A,7190,15202
2019/04/25,7270,7300,7170,7270,0.0,0.00%,N/A,7160,7497
2019/04/24,7290,7310,7150,7270,0.0,0.00%,N/A,7127,34138
2019/04/23,7200,7280,7190,7270,▲70,＋0.97%,N/A,7090,13876
2019/04/22,7220,7280,7160,7200,▼20,－0.28%,N/A,7053,13451
2019/04/19,7110,7230,7110,7220,▲80,＋1.12%,N/A,7022,9090
2019/04/18,7220,7220,7100,7140,▼10,－0.14%,N/A,6988,20003
2019/04/17,7060,7220,7020,7150,▲90,＋1.27%,N/A,6969,43895
2019/04/16,7070,7070,7000,7060,▼10,－0.14%,N/A,6947,6832
2019/04/15,6950,7090,6940,7070,▲120,＋1.73%,N/A,6931,28253
2019/04/12,6940,6970,6920,6950,▲10,＋0.14%,N/A,6907,8156
2019/04/11,6900,6940,6890,6940,▲40,＋0.58%,N/A,6891,12319
2019/04/10,6930,6930,6850,6900,0.0,0.00%,N/A,6877,6970
2019/04/09,6890,6930,6880,6900,▲10,＋0.15%,N/A,6864,9195
2019/04/08,6880,6950,6860,6890,▲10,＋0.15%,N/A,6857,10237
2019/04/05,6950,6950,6830,6880,▼70,－1.01%,N/A,6848,16672
2019/04/04,6930,6960,6910,6950,▲20,＋0.29%,N/A,6841,13041
2019/04/03,6900,6940,6860,6930,▲30,＋0.43%,N/A,6827,23837
2019/04/02,6810,6910,6810,6900,▲70,＋1.02%,N/A,6820,11759
2019/04/01,6820,6840,6780,6830,▲40,＋0.59%,N/A,6812,13067
2019/03/29,6760,6820,6760,6790,▼10,－0.15%,N/A,6816,7438
2019/03/28,6810,6820,6770,6800,▲30,＋0.44%,N/A,6824,4492
2019/03/27,6850,6850,6770,6770,▼60,－0.88%,N/A,6825,7769
2019/03/26,6800,6870,6790,6830,▲30,＋0.44%,N/A,6833,6989
2019/03/25,6810,6820,6710,6800,▼10,－0.15%,N/A,6835,26449
2019/03/22,6820,6860,6760,6810,0.0,0.00%,N/A,6837,5022
2019/03/21,6860,6890,6790,6810,▼50,－0.73%,N/A,6844,5548
2019/03/20,6880,6880,6770,6860,▲40,＋0.59%,N/A,6852,10452
2019/03/19,6870,6910,6820,6820,▼50,－0.73%,N/A,6860,4707
2019/03/18,6870,6880,6810,6870,0.0,0.00%,N/A,6868,4988
2019/03/15,6810,6900,6790,6870,▲60,＋0.88%,N/A,6868,16718
2019/03/14,6850,6950,6780,6810,▼40,－0.58%,N/A,6868,11461
2019/03/13,6850,6850,6780,6850,0.0,0.00%,N/A,6875,5667
2019/03/12,6820,6880,6780,6850,▲30,＋0.44%,N/A,6885,11043
2019/03/11,6880,6880,6760,6820,▼60,－0.87%,N/A,6895,11367
2019/03/08,6880,6920,6770,6880,▼10,－0.15%,N/A,6912,7408
2019/03/07,6940,6940,6800,6890,▼50,－0.72%,N/A,6922,9261
2019/03/06,6900,6940,6800,6940,▲40,＋0.58%,N/A,6933,11295
2019/03/05,6900,6940,6800,6900,▲30,＋0.44%,N/A,6936,9611
2019/03/04,6960,6960,6830,6870,0.0,0.00%,N/A,6953,14241
2019/02/28,6920,6980,6870,6870,▼10,－0.15%,N/A,6964,13157
2019/02/27,6890,6930,6840,6880,▼70,－1.01%,N/A,6976,14805
2019/02/26,6960,6960,6860,6950,0.0,0.00%,N/A,6987,16088
2019/02/25,6990,6990,6880,6950,▼40,－0.57%,N/A,7001,22073
2019/02/22,6980,7000,6920,6990,▲10,＋0.14%,N/A,7010,8040
2019/02/21,7000,7010,6940,6980,▼20,－0.29%,N/A,7011,2071
2019/02/20,6960,7050,6930,7000,▲30,＋0.43%,N/A,7016,3432
2019/02/19,7020,7020,6870,6970,▼100,－1.41%,N/A,7009,21445
2019/02/18,6960,7080,6930,7070,▲90,＋1.29%,N/A,7021,11486
2019/02/15,6990,7040,6920,6980,▼10,－0.14%,N/A,7017,6907
2019/02/14,6990,7080,6910,6990,0.0,0.00%,N/A,7013,5714
2019/02/13,7080,7090,6930,6990,▼100,－1.41%,N/A,7008,6405
2019/02/12,7000,7100,6900,7090,▲50,＋0.71%,N/A,7005,11428
2019/02/11,7010,7090,7000,7040,▲40,＋0.57%,N/A,6982,7892
2019/02/08,6980,7080,6980,7000,▼30,－0.43%,N/A,6958,11991
2019/02/07,6940,7100,6930,7030,▲100,＋1.44%,N/A,6934,16811
2019/02/01,7090,7090,6930,6930,▼160,－2.26%,N/A,6911,14024
2019/01/31,7040,7090,6920,7090,▲60,＋0.85%,N/A,6899,20383
2019/01/30,7000,7030,6950,7030,▲90,＋1.30%,N/A,6866,13188
2019/01/29,6940,6970,6900,6940,0.0,0.00%,N/A,6838,7242
2019/01/28,6960,6990,6900,6940,▼20,－0.29%,N/A,6812,7669
2019/01/25,6870,6980,6870,6960,▲100,＋1.46%,N/A,6786,5029
2019/01/24,6860,6930,6800,6860,▲60,＋0.88%,N/A,6760,11932
2019/01/23,6750,6850,6750,6800,▲40,＋0.59%,N/A,6741,7257
2019/01/22,6800,6810,6750,6760,▼40,－0.59%,N/A,6731,8258
2019/01/21,6810,6850,6740,6800,▼10,－0.15%,N/A,6723,6185
2019/01/18,6760,6850,6760,6810,▲50,＋0.74%,N/A,6711,9082
2019/01/17,6750,6840,6740,6760,▲10,＋0.15%,N/A,6698,5162
2019/01/16,6720,6800,6700,6750,▲70,＋1.05%,N/A,6690,15955
2019/01/15,6730,6750,6670,6680,0.0,0.00%,N/A,6688,10440
2019/01/14,6710,6710,6640,6680,▼20,－0.30%,N/A,6703,4865
2019/01/11,6700,6710,6650,6700,▲30,＋0.45%,N/A,6710,5354
2019/01/10,6710,6710,6610,6670,▼30,－0.45%,N/A,6732,6334
2019/01/09,6730,6730,6630,6700,▲20,＋0.30%,N/A,6760,9045
2019/01/08,6770,6770,6630,6680,0.0,0.00%,N/A,6783,9531
2019/01/07,6740,6840,6650,6680,0.0,0.00%,N/A,6814,11261
2019/01/04,6750,6750,6600,6680,0.0,0.00%,N/A,6846,12543
2019/01/03,6790,6790,6610,6680,▼50,－0.74%,N/A,6881,12023
2019/01/02,6800,6800,6650,6730,▼100,－1.46%,N/A,6920,6116
2018/12/28,6800,6870,6690,6830,▲80,＋1.19%,N/A,N/A,3160
2018/12/27,6930,6930,6690,6750,▼170,－2.46%,N/A,N/A,9970
2018/12/26,6880,7020,6850,6920,▼30,－0.43%,N/A,N/A,12039
2018/12/24,6900,6980,6900,6950,▲20,＋0.29%,N/A,N/A,9243
2018/12/21,6990,6990,6900,6930,▼60,－0.86%,N/A,N/A,10741
2018/12/20,7010,7020,6920,6990,▼10,－0.14%,N/A,N/A,7911
2018/12/19,6970,7030,6970,7000,▼30,－0.43%,N/A,N/A,2515
2018/12/18,7070,7070,6940,7030,▼40,－0.57%,N/A,N/A,9879
2018/12/17,7050,7100,6970,7070,0.0,0.00%,N/A,N/A,5103
